VIN,OEM,model_year,time,speed,odometer,geopos
1VWAP7A30JC123456,Volkswagen,2021,2025-11-28 17:46:39.508461,44,20009,"-88.0686965,-108.906049"
F654J5DV77JS98654,Ford,2023,2025-11-28 20:37:15.007511,105,22114,"-89.8772525,44.304713"
1VWAP7A30JC123456,Volkswagen,2021,2025-11-28 21:00:59.620985,0,20007,"-66.0727475,176.619293"
6FDUF4GY1JSC12345,Scania,2016,2025-11-29 03:14:05.500707,109,50004,"-40.0439165,170.673308"
WDBUF56X98B123456,Mercedes-Benz,2017,2025-11-28 22:54:41.271485,46,40001,"45.827169,82.522344"
1VWAP7A30JC123456,Volkswagen,2021,2025-11-28 14:17:39.858323,99,20009,"43.0681545,-79.873510"
3GCUKREC0FG123456,Chevrolet,2024,2025-11-28 12:07:59.541961,36,4000,"-71.433361,10.272019"
1VWAP7A30JC123456,Volkswagen,2021,2025-11-28 18:55:28.499485,102,20004,"69.464398,-44.479837"
1XKAD49X7JJ123456,Kenworth,2015,2025-11-28 11:39:03.588197,105,60005,"-58.585264,-10.915206"
1XKAD49X7JJ123456,Kenworth,2015,2025-11-28 07:59:01.391861,11,60001,"-58.4105235,-138.223934"
1V2NC9JX5JC962225,Volvo,2022,2025-11-28 13:12:24.993437,61,11059,"55.4009605,-115.396929"
3AKJGLD54JSC12345,Freightliner,2022,2025-11-28 19:02:43.074903,58,10002,"-87.9256075,-175.832076"
1XKAD49X7JJ123456,Kenworth,2015,2025-11-28 08:04:57.373220,15,60008,"-12.6678095,88.014593"
3AKJGLD54JSC12345,Freightliner,2022,2025-11-28 22:19:52.821633,116,10006,"-1.295109,44.651861"
F654J5DV77JS98654,Ford,2023,2025-11-28 22:31:25.735616,16,22113,"10.460319,-136.640230"
1VWAP7A30JC123456,Volkswagen,2021,2025-11-28 08:15:10.300023,102,20002,"-34.109584,14.538591"
3GCUKREC0FG893480,Chevrolet,2025,2025-11-28 21:33:52.336908,100,3925,"-10.277080,69.677682"
3AKJGLD54JSC12345,Freightliner,2022,2025-11-29 01:01:53.048155,98,10001,"-41.0508795,116.265402"
1V2NC9JX5JC123456,Volvo,2022,2025-11-28 06:06:20.928829,22,13567,"-50.649705,-80.006479"
F654J5DV77JS98654,Ford,2023,2025-11-28 09:33:39.464821,17,22114,"-83.127841,86.877540"
LZB12345678901234,FAW,2023,2025-11-28 22:55:12.176218,78,8008,"37.045050,106.970489"
LZB12345678901234,FAW,2023,2025-11-28 18:25:03.205700,77,8000,"-54.4015625,-33.191858"
1XKAD49X7JJ123456,Kenworth,2015,2025-11-29 03:21:19.737244,104,60005,"50.183283,102.947846"
1VWAP7A30JC123456,Volkswagen,2021,2025-11-28 21:03:55.463683,34,20000,"65.2037675,-83.216155"
F654J5DV77JS46566,Ford,2024,2025-11-28 07:51:18.212414,2,19619,"76.919276,-104.297298"
1XKAD49X7JJ123456,Kenworth,2015,2025-11-29 01:55:09.749780,87,60000,"29.9066305,-170.531752"
1VWAP7A30JC123456,Volkswagen,2021,2025-11-29 03:24:50.307972,6,20004,"70.580675,139.871488"
3AKJGLD54JSC12345,Freightliner,2022,2025-11-29 00:33:10.490190,71,10010,"-4.6122625,-59.928117"
F654J5DV77JS98654,Ford,2023,2025-11-28 18:02:02.384734,118,22107,"-41.8246115,1.382855"
F654J5DV77JS98654,Ford,2023,2025-11-28 13:22:54.300050,92,22113,"-27.6071895,-45.961576"
1VWAP7A30JC123456,Volkswagen,2021,2025-11-28 09:12:34.490677,18,20005,"63.556047,-105.516934"
3GCUKREC0FG893480,Chevrolet,2025,2025-11-28 16:31:31.481059,65,3927,"-70.6938405,68.187029"
1VWAP7A30JC123456,Volkswagen,2021,2025-11-28 12:42:36.327135,106,20008,"-54.0706715,-21.427898"
1VWAP7A30JC123456,Volkswagen,2021,2025-11-28 07:01:57.693589,98,20001,"-85.3766555,-94.655647"
1VWAP7A30JC123456,Volkswagen,2021,2025-11-28 18:34:50.368021,65,20006,"8.048354,-82.053050"
6FDUF4GY1JSC12345,Scania,2016,2025-11-28 16:44:09.272399,47,50002,"-19.2700125,-156.493169"
3GCUKREC0FG893480,Chevrolet,2025,2025-11-29 05:24:09.964398,110,3932,"-21.7221135,127.726348"
1V2NC9JX5JC123456,Volvo,2022,2025-11-29 02:56:30.199895,25,13570,"-62.2952985,-113.443990"
LZB12345678901234,FAW,2023,2025-11-28 06:53:07.486577,60,8002,"74.118755,147.216165"
LZB12345678901234,FAW,2023,2025-11-28 16:01:36.867675,55,8009,"77.0465415,77.024252"
3AKJGLD54JSC12345,Freightliner,2022,2025-11-28 21:17:14.267465,28,10000,"24.5088975,60.528933"
WDBUF56X98B123456,Mercedes-Benz,2017,2025-11-28 06:56:01.982893,18,40007,"-66.4159285,70.670694"
LZB12345678901234,FAW,2023,2025-11-28 08:00:39.226612,110,8001,"39.568937,-99.567607"
1V2NC9JX5JC123456,Volvo,2022,2025-11-28 21:55:50.474136,83,13564,"88.8748135,-9.191390"
6FDUF4GY1JSC12345,Scania,2016,2025-11-29 00:51:46.474800,27,50008,"21.3414575,-138.594404"
3GCUKREC0FG123456,Chevrolet,2024,2025-11-28 13:55:51.280473,113,4007,"-14.856220,-68.552125"
F654J5DV77JS46566,Ford,2024,2025-11-28 17:11:08.532487,80,19623,"-81.229370,156.931756"
LZB12345678901234,FAW,2023,2025-11-29 04:12:55.134639,85,8008,"61.7480585,-117.916622"
F654J5DV77JS46566,Ford,2024,2025-11-28 19:48:52.681799,13,19616,"-1.3229555,-78.658551"
1XKAD49X7JJ123456,Kenworth,2015,2025-11-28 07:02:37.606731,103,60007,"44.7399825,-19.854764"
1XKAD49X7JJ123456,Kenworth,2015,2025-11-28 10:57:35.828872,65,60002,"32.192660,153.811369"
WDBUF56X98B123456,Mercedes-Benz,2017,2025-11-28 23:52:49.183351,12,40004,"-22.938977,76.118070"
1V2NC9JX5JC962225,Volvo,2022,2025-11-29 03:17:08.273377,41,11058,"54.910370,-140.172704"
F654J5DV77JS98654,Ford,2023,2025-11-28 19:16:57.116754,63,22115,"29.1977685,8.816471"
3GCUKREC0FG893480,Chevrolet,2025,2025-11-28 16:56:09.942655,88,3927,"-58.333338,80.037262"
3GCUKREC0FG123456,Chevrolet,2024,2025-11-29 01:18:54.293883,18,4000,"-78.834112,-21.230958"
6FDUF4GY1JSC12345,Scania,2016,2025-11-29 05:21:22.973024,51,50002,"82.3187435,-14.036700"
F654J5DV77JS98654,Ford,2023,2025-11-29 01:37:36.601874,22,22114,"-38.859354,111.976694"
1XKAD49X7JJ123456,Kenworth,2015,2025-11-28 22:57:04.189289,64,60001,"-76.647338,89.758497"
1VWAP7A30JC123456,Volkswagen,2021,2025-11-29 01:06:51.415190,113,20006,"11.0200505,3.829540"
1V2NC9JX5JC123456,Volvo,2022,2025-11-29 02:57:03.556988,6,13563,"-68.5632285,171.133995"
1V2NC9JX5JC962225,Volvo,2022,2025-11-28 13:06:25.929438,94,11050,"83.0481395,-6.117338"
F654J5DV77JS98654,Ford,2023,2025-11-29 03:01:35.613176,80,22107,"-17.8403415,-62.968673"
LZB12345678901234,FAW,2023,2025-11-29 04:30:27.173548,99,8005,"28.3654605,76.457710"
3GCUKREC0FG123456,Chevrolet,2024,2025-11-28 17:49:42.940737,56,4001,"77.502838,47.927914"
6FDUF4GY1JSC12345,Scania,2016,2025-11-28 06:09:50.058012,17,50001,"73.2832185,91.426587"
1VWAP7A30JC123456,Volkswagen,2021,2025-11-28 20:27:37.754318,32,20004,"-0.6348575,94.027434"
3GCUKREC0FG123456,Chevrolet,2024,2025-11-28 21:23:39.504472,64,4000,"15.617504,-178.250824"
6FDUF4GY1JSC12345,Scania,2016,2025-11-28 09:14:01.396946,11,50004,"51.9373275,0.751147"
F654J5DV77JS98654,Ford,2023,2025-11-29 03:16:26.759558,41,22112,"-85.818826,-124.936655"
3GCUKREC0FG123456,Chevrolet,2024,2025-11-28 22:13:25.951770,71,4005,"-54.845212,-82.603931"
1VWAP7A30JC123456,Volkswagen,2021,2025-11-29 01:38:03.084265,53,20001,"19.442588,33.122271"
6FDUF4GY1JSC12345,Scania,2016,2025-11-28 19:16:41.954472,84,50008,"-33.6914595,-64.228636"
F654J5DV77JS46566,Ford,2024,2025-11-28 11:45:02.591873,67,19617,"-57.089408,145.008826"
WDBUF56X98B123456,Mercedes-Benz,2017,2025-11-28 14:57:26.280517,32,40002,"57.315153,-42.443758"
LZB12345678901234,FAW,2023,2025-11-28 13:00:32.976514,89,8000,"-79.3217595,83.669490"
1VWAP7A30JC123456,Volkswagen,2021,2025-11-28 20:39:46.703197,65,20004,"-61.8067705,136.131292"
1V2NC9JX5JC123456,Volvo,2022,2025-11-28 08:07:55.335146,45,13567,"4.0757475,-163.955748"
F654J5DV77JS46566,Ford,2024,2025-11-28 17:50:57.808999,110,19615,"57.8886185,166.028556"
3GCUKREC0FG123456,Chevrolet,2024,2025-11-29 05:12:29.545810,17,4007,"-63.107137,165.362210"
WDBUF56X98B123456,Mercedes-Benz,2017,2025-11-28 17:33:21.671607,106,40009,"-40.6980845,-165.889595"
1VWAP7A30JC123456,Volkswagen,2021,2025-11-28 15:06:50.204756,44,20008,"68.041633,138.297503"
F654J5DV77JS98654,Ford,2023,2025-11-28 13:46:54.461557,4,22116,"-8.5856995,-162.358048"
WDBUF56X98B123456,Mercedes-Benz,2017,2025-11-28 18:07:45.395964,92,40005,"-66.9014495,88.178065"
3GCUKREC0FG123456,Chevrolet,2024,2025-11-28 12:12:28.786782,64,4008,"-52.9985595,161.866005"
3GCUKREC0FG893480,Chevrolet,2025,2025-11-28 08:50:48.000217,7,3928,"-20.608459,-131.163040"
F654J5DV77JS46566,Ford,2024,2025-11-28 07:56:57.947713,86,19625,"-13.5186265,-176.274191"
LZB12345678901234,FAW,2023,2025-11-29 02:25:14.275163,89,8005,"75.965928,33.864424"
3GCUKREC0FG123456,Chevrolet,2024,2025-11-28 12:44:36.709399,102,4002,"-87.5431615,1.026568"
3GCUKREC0FG893480,Chevrolet,2025,2025-11-28 10:03:44.063909,16,3925,"-3.5940325,112.384536"
1V2NC9JX5JC962225,Volvo,2022,2025-11-29 05:36:46.458808,114,11056,"34.459667,-52.986961"
1V2NC9JX5JC123456,Volvo,2022,2025-11-29 04:04:42.290500,63,13569,"38.341264,60.954894"
F654J5DV77JS98654,Ford,2023,2025-11-28 22:53:51.234884,2,22115,"-55.952888,98.142234"
1XKAD49X7JJ123456,Kenworth,2015,2025-11-28 14:03:35.483341,41,60005,"54.4904845,-123.860705"
F654J5DV77JS46566,Ford,2024,2025-11-28 16:49:11.803039,4,19615,"16.6479705,-121.796662"
3GCUKREC0FG123456,Chevrolet,2024,2025-11-28 12:21:19.237827,88,4001,"68.318292,81.605960"
3GCUKREC0FG893480,Chevrolet,2025,2025-11-28 14:38:24.744432,74,3932,"-3.028942,-40.540811"
F654J5DV77JS46566,Ford,2024,2025-11-28 13:40:44.919089,20,19623,"66.980564,93.505015"
1XKAD49X7JJ123456,Kenworth,2015,2025-11-28 06:18:56.819502,93,60007,"-4.0000365,119.662313"
F654J5DV77JS98654,Ford,2023,2025-11-28 17:06:56.326858,41,22116,"75.085483,40.976570"
1V2NC9JX5JC962225,Volvo,2022,2025-11-28 08:32:49.884183,94,11056,"-54.633109,-119.902267"
3GCUKREC0FG123456,Chevrolet,2024,2025-11-28 19:45:29.397918,8,4009,"-8.734410,-73.301225"
3GCUKREC0FG123456,Chevrolet,2024,2025-11-28 06:44:36.699721,74,4008,"-53.6785405,78.046659"
F654J5DV77JS98654,Ford,2023,2025-11-28 21:11:40.945720,48,22110,"65.392268,-50.301906"
F654J5DV77JS98654,Ford,2023,2025-11-28 22:24:03.246244,85,22115,"-50.191328,132.432972"
6FDUF4GY1JSC12345,Scania,2016,2025-11-29 01:35:13.424781,92,50004,"57.780837,93.149583"
3GCUKREC0FG893480,Chevrolet,2025,2025-11-28 13:58:18.845910,28,3933,"49.577772,-22.400157"
1V2NC9JX5JC123456,Volvo,2022,2025-11-28 15:11:01.527535,28,13569,"-29.4851175,-167.676046"
LZB12345678901234,FAW,2023,2025-11-29 02:19:47.879610,110,8001,"-38.8473875,-28.493786"
F654J5DV77JS46566,Ford,2024,2025-11-28 11:02:30.473584,21,19624,"-38.636139,74.978077"
1V2NC9JX5JC962225,Volvo,2022,2025-11-28 14:20:05.254991,107,11060,"-1.850940,12.755983"
1V2NC9JX5JC123456,Volvo,2022,2025-11-29 01:40:51.056393,56,13563,"-9.676631,-45.638277"
3GCUKREC0FG893480,Chevrolet,2025,2025-11-28 13:17:26.497080,5,3925,"-37.9646555,145.217232"
1V2NC9JX5JC962225,Volvo,2022,2025-11-28 22:20:05.086757,25,11059,"-12.828123,80.507904"
LZB12345678901234,FAW,2023,2025-11-28 23:25:06.525571,73,8003,"-35.7153455,153.878583"
1V2NC9JX5JC123456,Volvo,2022,2025-11-29 04:39:03.777989,81,13560,"-28.759505,49.945657"
LZB12345678901234,FAW,2023,2025-11-28 18:14:01.303209,58,8006,"-73.4148855,-85.298102"
WDBUF56X98B123456,Mercedes-Benz,2017,2025-11-28 19:33:01.213767,16,40008,"22.6773405,-57.911649"
F654J5DV77JS98654,Ford,2023,2025-11-28 16:42:18.902950,91,22111,"0.8837975,73.136414"
3GCUKREC0FG123456,Chevrolet,2024,2025-11-28 05:46:22.147682,7,4001,"-3.310513,-102.998815"
1VWAP7A30JC123456,Volkswagen,2021,2025-11-28 05:39:03.760155,10,20009,"-61.496843,51.796025"
LZB12345678901234,FAW,2023,2025-11-28 22:58:01.647212,99,8001,"42.3655795,-167.579761"
F654J5DV77JS46566,Ford,2024,2025-11-28 13:09:15.514678,93,19619,"-15.260149,-52.446612"
1VWAP7A30JC123456,Volkswagen,2021,2025-11-28 18:19:51.593004,119,20009,"14.069855,51.417363"
3GCUKREC0FG123456,Chevrolet,2024,2025-11-28 22:28:18.206237,28,4004,"70.139698,-18.985804"
1XKAD49X7JJ123456,Kenworth,2015,2025-11-28 20:37:12.542583,44,60006,"-77.9286415,-63.611019"
3AKJGLD54JSC12345,Freightliner,2022,2025-11-29 03:48:36.399199,10,10002,"12.8325295,-48.050751"
1XKAD49X7JJ123456,Kenworth,2015,2025-11-28 15:10:06.735226,84,60009,"43.936054,-64.936307"
6FDUF4GY1JSC12345,Scania,2016,2025-11-28 07:03:14.321420,7,50007,"84.6156325,159.292944"
1VWAP7A30JC123456,Volkswagen,2021,2025-11-28 14:32:09.815167,44,20006,"-10.836577,2.700524"
LZB12345678901234,FAW,2023,2025-11-28 16:35:55.155823,66,8001,"-48.6646415,-58.949678"
F654J5DV77JS98654,Ford,2023,2025-11-28 14:38:30.221882,47,22113,"-14.229489,48.391591"
LZB12345678901234,FAW,2023,2025-11-28 08:09:57.743014,52,8000,"-40.819382,77.776124"
1V2NC9JX5JC123456,Volvo,2022,2025-11-29 02:58:22.213324,5,13564,"-23.925011,-172.707622"
3AKJGLD54JSC12345,Freightliner,2022,2025-11-28 09:11:53.075868,112,10005,"48.1468775,92.766672"
3GCUKREC0FG123456,Chevrolet,2024,2025-11-28 22:07:04.686887,19,4007,"1.9265045,151.638442"
F654J5DV77JS98654,Ford,2023,2025-11-28 12:09:10.405511,18,22111,"-84.0219105,-62.898438"
1V2NC9JX5JC123456,Volvo,2022,2025-11-28 11:20:08.295164,51,13565,"4.6924335,-0.622727"
6FDUF4GY1JSC12345,Scania,2016,2025-11-28 23:19:49.562941,68,50005,"71.8086125,-24.735724"
F654J5DV77JS98654,Ford,2023,2025-11-29 05:21:10.328089,54,22108,"-24.215432,-163.765925"
1V2NC9JX5JC962225,Volvo,2022,2025-11-28 19:13:44.172563,69,11058,"19.5947355,-161.853091"
1V2NC9JX5JC962225,Volvo,2022,2025-11-28 07:53:31.596000,85,11057,"-49.9230415,139.526385"
1V2NC9JX5JC123456,Volvo,2022,2025-11-28 06:42:20.224340,47,13566,"4.2535625,90.889202"
1V2NC9JX5JC123456,Volvo,2022,2025-11-28 12:32:10.169379,29,13567,"2.6552165,97.971180"
WDBUF56X98B123456,Mercedes-Benz,2017,2025-11-28 19:58:14.773581,61,40003,"65.451215,89.770881"
1XKAD49X7JJ123456,Kenworth,2015,2025-11-29 03:37:53.453237,82,60010,"-45.876443,-33.075833"
LZB12345678901234,FAW,2023,2025-11-28 12:12:08.357932,81,8000,"78.3679035,-33.283993"
WDBUF56X98B123456,Mercedes-Benz,2017,2025-11-28 06:10:53.875264,73,40010,"-3.905201,-108.009900"
1XKAD49X7JJ123456,Kenworth,2015,2025-11-28 21:33:06.689603,78,60005,"88.3210705,-136.490799"
1V2NC9JX5JC123456,Volvo,2022,2025-11-28 14:50:15.327610,119,13563,"65.9285125,68.812916"
WDBUF56X98B123456,Mercedes-Benz,2017,2025-11-28 17:20:14.977692,41,40009,"67.6549775,-52.606166"
1V2NC9JX5JC962225,Volvo,2022,2025-11-28 13:27:23.195050,101,11058,"-39.2364785,-150.438988"
1V2NC9JX5JC123456,Volvo,2022,2025-11-28 12:28:05.472683,120,13566,"52.189142,109.632602"
1VWAP7A30JC123456,Volkswagen,2021,2025-11-28 11:55:25.222529,87,20010,"-17.061963,-54.398015"
1VWAP7A30JC123456,Volkswagen,2021,2025-11-28 14:28:40.704731,98,20003,"-67.856646,178.576524"
1VWAP7A30JC123456,Volkswagen,2021,2025-11-29 01:55:21.651967,77,20000,"-32.9388025,115.026528"
WDBUF56X98B123456,Mercedes-Benz,2017,2025-11-28 13:39:24.604859,20,40005,"23.3368205,174.320559"
1VWAP7A30JC123456,Volkswagen,2021,2025-11-28 08:12:39.136051,29,20008,"68.347683,-76.747196"
1V2NC9JX5JC123456,Volvo,2022,2025-11-28 17:02:05.400829,80,13569,"-85.9527995,-132.467304"
F654J5DV77JS46566,Ford,2024,2025-11-28 11:48:16.083369,63,19616,"67.013824,139.852254"
1XKAD49X7JJ123456,Kenworth,2015,2025-11-28 06:43:44.377409,71,60000,"62.4838085,-163.672989"
F654J5DV77JS46566,Ford,2024,2025-11-28 12:51:11.803644,119,19615,"36.3510985,73.561891"
3GCUKREC0FG893480,Chevrolet,2025,2025-11-28 17:16:48.823298,58,3931,"-88.252066,125.632091"
3AKJGLD54JSC12345,Freightliner,2022,2025-11-29 02:43:41.684003,46,10006,"1.055943,-30.516672"
3GCUKREC0FG123456,Chevrolet,2024,2025-11-28 16:16:49.425677,56,4000,"-54.9044255,63.494870"
3AKJGLD54JSC12345,Freightliner,2022,2025-11-28 22:10:40.681568,50,10004,"63.280987,-159.481153"
3AKJGLD54JSC12345,Freightliner,2022,2025-11-28 20:57:12.045190,63,10005,"-54.8417645,171.742961"
1XKAD49X7JJ123456,Kenworth,2015,2025-11-29 02:38:33.691757,88,60004,"-89.468749,-133.940854"
WDBUF56X98B123456,Mercedes-Benz,2017,2025-11-28 15:43:33.464754,82,40008,"16.320792,-177.823049"
WDBUF56X98B123456,Mercedes-Benz,2017,2025-11-28 06:03:30.901286,102,40004,"-85.0581335,-167.598117"
6FDUF4GY1JSC12345,Scania,2016,2025-11-28 11:21:49.043784,35,50006,"71.9448995,-76.375743"
3GCUKREC0FG893480,Chevrolet,2025,2025-11-28 13:38:10.586745,82,3928,"-76.845158,171.210237"
WDBUF56X98B123456,Mercedes-Benz,2017,2025-11-28 10:56:51.128834,120,40010,"44.4959715,14.069260"
1V2NC9JX5JC123456,Volvo,2022,2025-11-28 14:33:18.534424,79,13565,"-45.2717885,-75.069836"
3GCUKREC0FG893480,Chevrolet,2025,2025-11-29 02:50:40.461107,103,3931,"17.870372,-50.956024"
6FDUF4GY1JSC12345,Scania,2016,2025-11-28 06:55:15.265738,12,50003,"36.997897,150.214567"
F654J5DV77JS46566,Ford,2024,2025-11-28 20:50:58.127535,83,19625,"-65.3601325,4.200767"
WDBUF56X98B123456,Mercedes-Benz,2017,2025-11-29 00:05:07.744633,18,40007,"-28.226376,46.304568"
1XKAD49X7JJ123456,Kenworth,2015,2025-11-29 05:03:38.511709,16,60004,"-39.8803915,-111.629771"
F654J5DV77JS46566,Ford,2024,2025-11-28 21:11:05.749493,13,19615,"-41.496093,-99.329725"
1V2NC9JX5JC123456,Volvo,2022,2025-11-28 18:49:14.143800,28,13561,"-43.007909,179.651266"
1VWAP7A30JC123456,Volkswagen,2021,2025-11-28 11:33:33.973912,46,20010,"71.1973165,18.461782"
F654J5DV77JS46566,Ford,2024,2025-11-28 13:50:14.639124,70,19616,"44.3405915,-113.012894"
6FDUF4GY1JSC12345,Scania,2016,2025-11-28 14:44:15.248789,66,50000,"84.217044,-82.126354"
3GCUKREC0FG893480,Chevrolet,2025,2025-11-28 17:55:16.821015,61,3928,"48.4732015,62.274320"
1V2NC9JX5JC962225,Volvo,2022,2025-11-28 06:41:32.935430,102,11058,"-66.149302,133.934504"
3GCUKREC0FG123456,Chevrolet,2024,2025-11-28 14:39:54.586942,110,4004,"-89.9706875,66.920323"
1VWAP7A30JC123456,Volkswagen,2021,2025-11-29 03:35:09.368947,40,20005,"76.3021035,15.928104"
3AKJGLD54JSC12345,Freightliner,2022,2025-11-28 17:58:19.450053,31,10009,"-30.739328,-42.818698"
1V2NC9JX5JC962225,Volvo,2022,2025-11-28 06:52:27.597991,93,11054,"82.4529075,-1.588637"
1XKAD49X7JJ123456,Kenworth,2015,2025-11-28 22:04:03.577015,40,60002,"10.270070,-26.110195"
6FDUF4GY1JSC12345,Scania,2016,2025-11-28 07:35:39.119398,110,50003,"-39.712229,94.986740"
1VWAP7A30JC123456,Volkswagen,2021,2025-11-28 06:59:13.341549,77,20007,"76.2878595,-157.045210"
WDBUF56X98B123456,Mercedes-Benz,2017,2025-11-28 23:30:01.983658,116,40003,"88.4583965,24.076536"
3GCUKREC0FG123456,Chevrolet,2024,2025-11-28 21:29:02.615383,97,4003,"9.0496755,-50.880814"
1VWAP7A30JC123456,Volkswagen,2021,2025-11-29 02:05:55.991229,88,20005,"-57.0192585,54.493652"
3GCUKREC0FG123456,Chevrolet,2024,2025-11-28 10:55:24.809090,56,4008,"75.681842,-136.738288"
3AKJGLD54JSC12345,Freightliner,2022,2025-11-28 15:21:44.531941,36,10010,"-3.1034885,113.310988"
WDBUF56X98B123456,Mercedes-Benz,2017,2025-11-28 10:46:18.412540,105,40009,"-12.9909065,113.969151"
1V2NC9JX5JC962225,Volvo,2022,2025-11-28 22:14:01.086150,120,11052,"39.445597,-30.012644"
F654J5DV77JS46566,Ford,2024,2025-11-29 03:36:09.280201,100,19616,"29.436890,35.128841"
1XKAD49X7JJ123456,Kenworth,2015,2025-11-28 17:51:32.069453,50,60010,"85.015953,69.973246"
1V2NC9JX5JC123456,Volvo,2022,2025-11-29 05:08:34.594333,5,13560,"51.0393575,89.415399"
LZB12345678901234,FAW,2023,2025-11-28 12:03:06.363863,83,8007,"-15.848777,-51.782266"
1V2NC9JX5JC123456,Volvo,2022,2025-11-28 14:05:43.831905,78,13569,"7.6351465,153.342062"
1VWAP7A30JC123456,Volkswagen,2021,2025-11-28 19:06:38.727120,103,20004,"76.2693285,-177.918426"
3AKJGLD54JSC12345,Freightliner,2022,2025-11-28 12:15:41.638281,108,10004,"57.6041815,-43.856141"
WDBUF56X98B123456,Mercedes-Benz,2017,2025-11-28 13:44:48.904606,41,40008,"34.341217,-88.839318"
1V2NC9JX5JC962225,Volvo,2022,2025-11-28 21:47:18.684196,64,11052,"-74.042852,157.175484"
F654J5DV77JS98654,Ford,2023,2025-11-28 09:31:13.371132,28,22107,"-75.776836,-108.376304"
F654J5DV77JS46566,Ford,2024,2025-11-29 05:10:03.798925,117,19615,"-17.386999,-70.125130"
3GCUKREC0FG123456,Chevrolet,2024,2025-11-28 19:10:26.631984,76,4000,"-34.101174,164.429592"
3AKJGLD54JSC12345,Freightliner,2022,2025-11-28 11:57:52.417685,33,10007,"40.7547575,95.705651"
WDBUF56X98B123456,Mercedes-Benz,2017,2025-11-29 04:01:12.496225,0,40007,"-87.6405665,166.916973"
1V2NC9JX5JC962225,Volvo,2022,2025-11-28 14:53:31.317569,39,11056,"75.315859,71.821332"
1XKAD49X7JJ123456,Kenworth,2015,2025-11-28 23:37:25.199224,113,60001,"-29.4013925,-96.136934"
3GCUKREC0FG123456,Chevrolet,2024,2025-11-28 19:49:38.462077,77,4001,"-81.7394955,-121.037158"
3AKJGLD54JSC12345,Freightliner,2022,2025-11-28 07:38:41.884011,24,10008,"13.6682685,78.583119"
WDBUF56X98B123456,Mercedes-Benz,2017,2025-11-28 21:53:33.566584,29,40006,"39.973515,-134.318398"
1V2NC9JX5JC962225,Volvo,2022,2025-11-28 23:05:28.105597,38,11051,"-10.709981,-103.508138"
3GCUKREC0FG123456,Chevrolet,2024,2025-11-28 12:12:10.673637,25,4006,"16.8938935,11.322570"
1VWAP7A30JC123456,Volkswagen,2021,2025-11-28 08:22:30.373918,51,20004,"-15.9395005,-166.976019"
6FDUF4GY1JSC12345,Scania,2016,2025-11-28 13:04:25.103638,19,50009,"11.0432885,-3.327790"
1V2NC9JX5JC962225,Volvo,2022,2025-11-28 20:53:04.883382,67,11051,"-44.586536,-37.634112"
F654J5DV77JS46566,Ford,2024,2025-11-28 10:51:57.591130,28,19624,"41.9721925,-80.728896"
1XKAD49X7JJ123456,Kenworth,2015,2025-11-28 08:25:16.545717,57,60007,"33.538073,8.194973"
1XKAD49X7JJ123456,Kenworth,2015,2025-11-28 12:27:29.511096,26,60002,"22.349174,173.877591"
1VWAP7A30JC123456,Volkswagen,2021,2025-11-29 02:58:19.947143,20,20002,"32.6861195,-67.435639"
1V2NC9JX5JC962225,Volvo,2022,2025-11-28 18:26:51.285383,110,11059,"6.067676,-157.354984"
LZB12345678901234,FAW,2023,2025-11-28 07:31:26.063304,47,8003,"-61.9092095,84.181766"
WDBUF56X98B123456,Mercedes-Benz,2017,2025-11-28 23:37:58.201488,60,40000,"-33.8696095,-6.688036"
1XKAD49X7JJ123456,Kenworth,2015,2025-11-28 23:06:21.071761,19,60002,"-36.1727965,-9.288748"
WDBUF56X98B123456,Mercedes-Benz,2017,2025-11-28 12:38:41.803743,16,40001,"56.110560,-72.971895"
3GCUKREC0FG123456,Chevrolet,2024,2025-11-28 11:06:19.127941,68,4001,"-29.2037725,-91.836768"
6FDUF4GY1JSC12345,Scania,2016,2025-11-28 17:41:02.928369,74,50010,"3.4972755,40.509346"
3AKJGLD54JSC12345,Freightliner,2022,2025-11-28 13:55:32.263019,34,10000,"31.6811195,116.750136"
F654J5DV77JS98654,Ford,2023,2025-11-28 09:36:17.954897,115,22112,"7.4078335,101.592682"
1XKAD49X7JJ123456,Kenworth,2015,2025-11-29 00:41:53.072537,22,60008,"36.249945,-177.803046"
F654J5DV77JS46566,Ford,2024,2025-11-28 13:06:01.694045,35,19619,"29.661660,117.693148"
1V2NC9JX5JC123456,Volvo,2022,2025-11-29 03:31:24.958952,77,13565,"-15.9450795,153.089339"
3AKJGLD54JSC12345,Freightliner,2022,2025-11-28 15:22:51.347879,29,10003,"-12.5309785,159.319663"
3GCUKREC0FG123456,Chevrolet,2024,2025-11-28 12:26:48.714970,19,4001,"-41.998724,-64.896830"
3AKJGLD54JSC12345,Freightliner,2022,2025-11-28 16:43:32.581068,118,10004,"43.355873,-141.248712"
F654J5DV77JS46566,Ford,2024,2025-11-28 23:57:38.275170,69,19623,"76.546388,69.269346"
3GCUKREC0FG893480,Chevrolet,2025,2025-11-28 17:44:59.578401,22,3934,"67.748789,-105.223827"
1XKAD49X7JJ123456,Kenworth,2015,2025-11-28 19:42:10.535626,37,60001,"33.423944,18.878672"
3GCUKREC0FG123456,Chevrolet,2024,2025-11-29 00:21:31.190642,55,3999,"49.4405975,176.689058"
6FDUF4GY1JSC12345,Scania,2016,2025-11-28 19:42:36.652438,101,50000,"-22.107053,17.184849"
1VWAP7A30JC123456,Volkswagen,2021,2025-11-28 09:06:37.248488,115,20004,"26.322955,-149.710643"
LZB12345678901234,FAW,2023,2025-11-29 01:43:36.517561,39,8004,"71.929800,163.159181"
3GCUKREC0FG893480,Chevrolet,2025,2025-11-28 15:23:02.279731,83,3927,"10.594393,-108.473387"
3GCUKREC0FG123456,Chevrolet,2024,2025-11-28 13:53:48.890400,27,4007,"12.603374,-4.252287"
LZB12345678901234,FAW,2023,2025-11-28 22:44:22.071275,75,8005,"30.6714645,82.945883"
1XKAD49X7JJ123456,Kenworth,2015,2025-11-28 11:03:54.773814,3,60002,"-3.0671595,-154.777930"
3GCUKREC0FG893480,Chevrolet,2025,2025-11-29 03:00:54.762352,13,3933,"0.218625,-63.439744"
1V2NC9JX5JC962225,Volvo,2022,2025-11-29 02:48:17.014505,113,11051,"-80.4153195,59.372556"
3GCUKREC0FG893480,Chevrolet,2025,2025-11-28 07:44:27.683784,78,3933,"81.0978615,89.498165"
1XKAD49X7JJ123456,Kenworth,2015,2025-11-29 05:26:55.157497,97,60000,"-36.069783,-93.582018"
1VWAP7A30JC123456,Volkswagen,2021,2025-11-28 15:55:05.684573,112,20006,"9.4176265,132.542631"
WDBUF56X98B123456,Mercedes-Benz,2017,2025-11-28 08:14:54.043504,60,40009,"-13.102701,104.254128"
1VWAP7A30JC123456,Volkswagen,2021,2025-11-29 03:21:32.541527,56,20008,"-51.8938385,68.990095"
F654J5DV77JS98654,Ford,2023,2025-11-28 15:56:29.136601,23,22107,"28.3561935,-171.597855"
1V2NC9JX5JC962225,Volvo,2022,2025-11-28 19:47:13.954108,20,11050,"-32.089322,-43.395576"
1XKAD49X7JJ123456,Kenworth,2015,2025-11-28 07:35:46.976449,7,60009,"48.8092015,-159.479576"
3GCUKREC0FG123456,Chevrolet,2024,2025-11-28 09:23:37.628047,77,4004,"36.4731865,-5.081912"
3GCUKREC0FG123456,Chevrolet,2024,2025-11-28 05:43:06.475580,8,4003,"-13.382370,156.536441"
3AKJGLD54JSC12345,Freightliner,2022,2025-11-28 22:02:39.468277,51,10002,"76.753839,131.726562"
3GCUKREC0FG893480,Chevrolet,2025,2025-11-28 11:35:37.810777,62,3927,"45.143454,-30.096477"
F654J5DV77JS46566,Ford,2024,2025-11-28 15:52:58.003652,34,19619,"-83.798233,-66.161947"
F654J5DV77JS46566,Ford,2024,2025-11-29 05:01:52.058341,77,19617,"58.3397505,1.241633"
3GCUKREC0FG893480,Chevrolet,2025,2025-11-28 07:18:47.192952,62,3931,"-21.0681285,80.961390"
6FDUF4GY1JSC12345,Scania,2016,2025-11-29 05:34:52.948194,50,50004,"-24.6678405,81.433339"
1VWAP7A30JC123456,Volkswagen,2021,2025-11-28 22:43:36.308426,78,20001,"35.912611,31.426256"
3GCUKREC0FG893480,Chevrolet,2025,2025-11-28 06:16:43.771418,41,3932,"-50.390168,-24.821517"
F654J5DV77JS98654,Ford,2023,2025-11-28 19:32:51.746076,84,22108,"-55.3546825,164.715043"
1XKAD49X7JJ123456,Kenworth,2015,2025-11-28 23:32:40.877009,36,60001,"50.864611,39.872749"
WDBUF56X98B123456,Mercedes-Benz,2017,2025-11-28 13:18:05.998640,20,40000,"-1.694382,-123.956258"
3GCUKREC0FG123456,Chevrolet,2024,2025-11-28 17:12:27.112015,16,4006,"59.558409,-138.542490"
1V2NC9JX5JC962225,Volvo,2022,2025-11-28 11:37:49.691519,72,11056,"71.6069665,-103.593552"
3GCUKREC0FG893480,Chevrolet,2025,2025-11-29 02:20:55.814057,110,3935,"47.6360465,-112.111706"
3AKJGLD54JSC12345,Freightliner,2022,2025-11-29 03:31:15.570557,19,10002,"-38.731607,78.464731"
6FDUF4GY1JSC12345,Scania,2016,2025-11-28 18:08:59.347819,54,50002,"1.9611655,93.766542"
F654J5DV77JS46566,Ford,2024,2025-11-29 02:34:37.527646,67,19625,"73.587654,-161.458644"
F654J5DV77JS98654,Ford,2023,2025-11-28 17:58:50.094411,70,22109,"-21.2839775,-26.392922"
1XKAD49X7JJ123456,Kenworth,2015,2025-11-28 23:52:12.650911,27,60009,"23.9487795,11.171788"
LZB12345678901234,FAW,2023,2025-11-28 09:34:11.712667,22,8009,"0.3081235,-122.328215"
WDBUF56X98B123456,Mercedes-Benz,2017,2025-11-28 06:50:29.377291,43,40006,"-68.6526835,138.152626"
LZB12345678901234,FAW,2023,2025-11-28 18:09:21.731706,85,8001,"57.2156485,112.293271"
1V2NC9JX5JC123456,Volvo,2022,2025-11-28 13:29:30.308639,10,13561,"-6.708976,106.733760"
1XKAD49X7JJ123456,Kenworth,2015,2025-11-28 14:46:55.001690,104,60009,"-47.065582,-52.603031"
F654J5DV77JS98654,Ford,2023,2025-11-28 08:33:48.733889,106,22116,"-54.847428,-146.657852"
1V2NC9JX5JC123456,Volvo,2022,2025-11-28 09:27:10.958465,104,13563,"-86.091732,-56.585119"
3GCUKREC0FG123456,Chevrolet,2024,2025-11-29 00:41:33.397235,94,4002,"-11.3626175,-32.987877"
3GCUKREC0FG893480,Chevrolet,2025,2025-11-28 18:24:00.216177,109,3928,"5.246784,46.966306"
3GCUKREC0FG893480,Chevrolet,2025,2025-11-28 05:53:21.005294,0,3926,"32.1335825,-43.857960"
3GCUKREC0FG123456,Chevrolet,2024,2025-11-28 10:50:52.341544,8,4007,"-69.1235015,-124.753798"
1V2NC9JX5JC123456,Volvo,2022,2025-11-28 08:17:43.074995,11,13566,"-23.5169435,-3.088536"
1V2NC9JX5JC123456,Volvo,2022,2025-11-28 13:37:31.413025,4,13563,"52.045957,-3.579811"
F654J5DV77JS98654,Ford,2023,2025-11-29 00:08:50.524272,57,22115,"35.0162305,-71.134110"
3GCUKREC0FG893480,Chevrolet,2025,2025-11-28 15:11:52.561552,79,3928,"-77.8006075,-148.960526"
3GCUKREC0FG893480,Chevrolet,2025,2025-11-28 18:57:51.532808,92,3933,"56.909536,-171.511903"
3GCUKREC0FG123456,Chevrolet,2024,2025-11-28 22:54:10.240278,21,3999,"-67.215223,77.045029"
LZB12345678901234,FAW,2023,2025-11-28 22:41:39.294395,48,8000,"-43.3373615,76.990640"
LZB12345678901234,FAW,2023,2025-11-29 02:54:59.908264,102,8003,"26.572713,-145.854617"
1V2NC9JX5JC123456,Volvo,2022,2025-11-28 08:27:29.480716,68,13565,"-85.330042,-130.441088"
1VWAP7A30JC123456,Volkswagen,2021,2025-11-28 23:46:13.603093,0,20003,"30.747493,102.251406"
3GCUKREC0FG893480,Chevrolet,2025,2025-11-28 07:00:16.302976,102,3929,"85.363894,-42.395849"
1V2NC9JX5JC123456,Volvo,2022,2025-11-28 13:22:17.427895,4,13563,"88.601567,116.189956"
F654J5DV77JS46566,Ford,2024,2025-11-28 10:56:28.417744,90,19625,"-32.1763325,35.454079"
1VWAP7A30JC123456,Volkswagen,2021,2025-11-28 18:48:42.331788,3,20010,"-73.0182685,-94.522519"
1VWAP7A30JC123456,Volkswagen,2021,2025-11-28 12:03:31.177471,97,20007,"17.9421515,148.664473"
3AKJGLD54JSC12345,Freightliner,2022,2025-11-29 02:14:15.620425,4,10001,"30.671709,-46.795356"
6FDUF4GY1JSC12345,Scania,2016,2025-11-29 03:40:39.673725,103,50006,"-47.769986,-160.918853"
3GCUKREC0FG123456,Chevrolet,2024,2025-11-28 20:32:38.799903,76,4002,"84.184466,126.425703"
WDBUF56X98B123456,Mercedes-Benz,2017,2025-11-29 00:29:34.177189,21,40005,"-34.174317,-81.534365"
1V2NC9JX5JC962225,Volvo,2022,2025-11-28 12:17:49.783609,6,11056,"86.6282225,159.923846"
1XKAD49X7JJ123456,Kenworth,2015,2025-11-28 10:55:42.335011,93,60001,"-0.7504255,111.135408"
3GCUKREC0FG123456,Chevrolet,2024,2025-11-28 09:47:19.741639,2,4003,"78.8618955,-12.148600"
1VWAP7A30JC123456,Volkswagen,2021,2025-11-28 05:39:58.744257,51,20004,"-48.7155255,16.233297"
1V2NC9JX5JC962225,Volvo,2022,2025-11-28 11:22:26.598994,108,11056,"39.7215335,-124.512055"
WDBUF56X98B123456,Mercedes-Benz,2017,2025-11-28 18:14:01.548058,92,40009,"-74.3913575,-134.215680"
3GCUKREC0FG123456,Chevrolet,2024,2025-11-28 20:41:56.693890,82,4004,"-79.5633465,63.810658"
1XKAD49X7JJ123456,Kenworth,2015,2025-11-28 12:45:03.228699,22,60001,"68.8348535,-98.738855"
3GCUKREC0FG893480,Chevrolet,2025,2025-11-28 10:21:29.047887,9,3934,"20.649729,-178.105606"
F654J5DV77JS98654,Ford,2023,2025-11-28 18:29:53.937157,17,22108,"18.104277,-106.031891"
1V2NC9JX5JC123456,Volvo,2022,2025-11-28 06:33:56.136210,92,13563,"-50.932040,-147.566739"
WDBUF56X98B123456,Mercedes-Benz,2017,2025-11-28 14:44:54.317788,35,40008,"-19.7145715,-26.990578"
F654J5DV77JS98654,Ford,2023,2025-11-28 23:41:56.016880,38,22109,"51.782375,12.332179"
F654J5DV77JS98654,Ford,2023,2025-11-28 16:28:13.771765,43,22115,"20.3685165,-176.070865"
3AKJGLD54JSC12345,Freightliner,2022,2025-11-28 07:54:32.073758,100,10008,"51.6260935,9.740821"
1XKAD49X7JJ123456,Kenworth,2015,2025-11-28 11:00:17.778578,98,60008,"-56.8033425,-3.563689"
6FDUF4GY1JSC12345,Scania,2016,2025-11-29 01:45:08.215574,3,50003,"-18.996776,-46.411169"
1XKAD49X7JJ123456,Kenworth,2015,2025-11-28 13:03:42.700871,94,60004,"-28.9518665,103.299356"
LZB12345678901234,FAW,2023,2025-11-29 04:56:54.853509,118,8006,"26.4383875,54.515585"
6FDUF4GY1JSC12345,Scania,2016,2025-11-29 03:25:24.783370,4,50006,"12.9022865,-116.151522"
1XKAD49X7JJ123456,Kenworth,2015,2025-11-28 07:09:20.286555,22,60002,"-83.4899405,-103.716297"
3GCUKREC0FG123456,Chevrolet,2024,2025-11-28 12:15:15.503678,68,4000,"38.883572,167.090622"
1V2NC9JX5JC123456,Volvo,2022,2025-11-28 22:06:59.084116,107,13570,"-85.952330,23.349857"
F654J5DV77JS98654,Ford,2023,2025-11-29 01:32:23.907679,46,22110,"84.490810,122.350378"
1XKAD49X7JJ123456,Kenworth,2015,2025-11-28 21:05:26.087117,98,60003,"-31.286515,97.942882"
1XKAD49X7JJ123456,Kenworth,2015,2025-11-28 21:51:51.641687,58,60009,"-40.096138,127.772075"
1V2NC9JX5JC123456,Volvo,2022,2025-11-29 02:41:22.983151,13,13566,"86.087109,-174.779524"
LZB12345678901234,FAW,2023,2025-11-29 08:08:10.305942,119,8004,"3.7741455,98.800634"
1XKAD49X7JJ123456,Kenworth,2015,2025-11-28 10:53:40.949349,29,60008,"-39.442449,-119.377045"
1XKAD49X7JJ123456,Kenworth,2015,2025-11-28 15:55:20.701045,117,60000,"29.8300915,43.023814"
6FDUF4GY1JSC12345,Scania,2016,2025-11-28 17:31:21.594076,34,50009,"31.836065,124.220467"
WDBUF56X98B123456,Mercedes-Benz,2017,2025-11-29 04:31:38.627147,23,40009,"-65.074940,-69.731029"
F654J5DV77JS46566,Ford,2024,2025-11-28 16:44:20.497387,25,19618,"-58.661735,111.302226"
1V2NC9JX5JC123456,Volvo,2022,2025-11-28 16:35:50.207295,82,13563,"-36.745333,-65.247324"
1XKAD49X7JJ123456,Kenworth,2015,2025-11-28 09:52:52.013599,56,60005,"-12.4899485,-142.324227"
1XKAD49X7JJ123456,Kenworth,2015,2025-11-28 19:37:38.814777,66,60010,"79.117926,140.491248"
6FDUF4GY1JSC12345,Scania,2016,2025-11-29 00:36:00.493409,14,50001,"23.8702915,61.485144"
3GCUKREC0FG123456,Chevrolet,2024,2025-11-28 21:39:37.843542,70,4002,"-74.2579085,-146.597696"
1V2NC9JX5JC123456,Volvo,2022,2025-11-28 11:49:16.618641,52,13561,"-53.5130285,-4.578463"
3GCUKREC0FG123456,Chevrolet,2024,2025-11-29 02:11:29.855654,110,4001,"31.2321915,45.515448"
3AKJGLD54JSC12345,Freightliner,2022,2025-11-28 16:39:36.031986,47,10000,"27.1906535,-58.165322"
LZB12345678901234,FAW,2023,2025-11-28 20:06:31.386085,114,8009,"-46.229914,150.486013"
F654J5DV77JS98654,Ford,2023,2025-11-28 15:13:56.415223,69,22111,"19.2615135,52.379879"
1V2NC9JX5JC123456,Volvo,2022,2025-11-28 13:13:50.140893,22,13565,"4.9485215,-48.433724"
3GCUKREC0FG123456,Chevrolet,2024,2025-11-29 07:50:56.566324,7,4002,"17.4299245,-74.784471"
1V2NC9JX5JC123456,Volvo,2022,2025-11-28 22:14:43.269752,51,13561,"-34.420886,74.181493"
F654J5DV77JS46566,Ford,2024,2025-11-29 03:47:21.515005,9,19624,"-63.555776,11.832760"
3GCUKREC0FG893480,Chevrolet,2025,2025-11-28 20:04:38.948406,32,3935,"15.307682,-129.000940"
WDBUF56X98B123456,Mercedes-Benz,2017,2025-11-28 13:04:42.104597,63,40007,"-49.1884765,49.814640"
3GCUKREC0FG893480,Chevrolet,2025,2025-11-28 18:11:06.296247,86,3931,"55.735995,127.709241"
1V2NC9JX5JC962225,Volvo,2022,2025-11-29 03:18:39.589525,42,11052,"-88.5071765,75.517862"
1VWAP7A30JC123456,Volkswagen,2021,2025-11-28 15:05:33.661906,33,20000,"-89.666904,102.128667"
3GCUKREC0FG123456,Chevrolet,2024,2025-11-29 01:15:11.679317,89,4007,"65.9116195,81.213914"
3GCUKREC0FG123456,Chevrolet,2024,2025-11-29 05:06:06.886591,55,4003,"-5.640585,167.698910"
1XKAD49X7JJ123456,Kenworth,2015,2025-11-28 15:37:01.145364,53,60001,"-42.675898,-126.857632"
F654J5DV77JS46566,Ford,2024,2025-11-28 17:46:54.221135,95,19618,"58.317492,95.094567"
F654J5DV77JS98654,Ford,2023,2025-11-28 13:59:28.594547,61,22107,"-43.5734455,-0.268933"
3AKJGLD54JSC12345,Freightliner,2022,2025-11-28 14:25:46.326153,80,10000,"-89.765179,-132.323345"
F654J5DV77JS98654,Ford,2023,2025-11-28 21:05:46.705658,31,22108,"-51.1229055,-92.464679"
3AKJGLD54JSC12345,Freightliner,2022,2025-11-28 13:44:24.849569,64,10000,"-53.102421,156.634627"
3GCUKREC0FG123456,Chevrolet,2024,2025-11-28 13:23:03.539730,45,4007,"-42.0336675,-120.835665"
WDBUF56X98B123456,Mercedes-Benz,2017,2025-11-28 10:07:41.564054,8,40002,"-41.2715545,116.617087"
1V2NC9JX5JC962225,Volvo,2022,2025-11-28 17:42:16.780203,119,11053,"41.3011655,-161.706663"
1V2NC9JX5JC123456,Volvo,2022,2025-11-29 08:04:56.511959,22,13560,"58.581309,148.024896"
LZB12345678901234,FAW,2023,2025-11-28 20:01:17.289994,102,8010,"-45.1234805,-136.971321"
WDBUF56X98B123456,Mercedes-Benz,2017,2025-11-28 16:04:28.311579,116,40001,"45.767344,-101.257452"
1VWAP7A30JC123456,Volkswagen,2021,2025-11-29 07:33:37.212564,94,20003,"59.5717255,22.203046"
1V2NC9JX5JC123456,Volvo,2022,2025-11-29 07:07:55.770155,81,13566,"-40.6567415,-90.552029"
3GCUKREC0FG123456,Chevrolet,2024,2025-11-28 17:48:53.185062,28,4003,"-48.700452,-174.221808"
F654J5DV77JS46566,Ford,2024,2025-11-28 16:34:53.062508,69,19616,"46.794806,8.290209"
F654J5DV77JS98654,Ford,2023,2025-11-29 05:47:29.958884,65,22111,"-67.2585165,-101.716560"
6FDUF4GY1JSC12345,Scania,2016,2025-11-28 22:05:39.768827,28,50000,"-45.463033,5.180000"
LZB12345678901234,FAW,2023,2025-11-29 01:00:01.616554,0,8009,"42.8903215,147.283678"
3AKJGLD54JSC12345,Freightliner,2022,2025-11-29 03:01:44.739537,15,10007,"29.170554,-1.912966"
F654J5DV77JS98654,Ford,2023,2025-11-29 04:16:10.255177,92,22113,"-66.6575955,148.291357"
1VWAP7A30JC123456,Volkswagen,2021,2025-11-28 22:49:34.063644,13,20007,"-51.514071,58.947089"
1VWAP7A30JC123456,Volkswagen,2021,2025-11-28 13:45:49.922345,88,20006,"62.0887335,34.519481"
1VWAP7A30JC123456,Volkswagen,2021,2025-11-28 16:34:39.319640,117,20010,"66.8537205,-97.249370"
6FDUF4GY1JSC12345,Scania,2016,2025-11-28 21:23:31.369022,42,50005,"23.190625,-109.042653"
WDBUF56X98B123456,Mercedes-Benz,2017,2025-11-28 21:48:15.476918,101,40004,"36.2492705,-85.278593"
1V2NC9JX5JC123456,Volvo,2022,2025-11-29 03:20:52.022224,33,13562,"67.501195,46.476641"
1VWAP7A30JC123456,Volkswagen,2021,2025-11-28 17:05:43.717095,113,20006,"-66.2125755,9.553788"
6FDUF4GY1JSC12345,Scania,2016,2025-11-28 21:50:47.953045,20,50004,"35.831860,110.028456"
6FDUF4GY1JSC12345,Scania,2016,2025-11-28 20:16:49.918687,74,50001,"-69.944779,169.849110"
6FDUF4GY1JSC12345,Scania,2016,2025-11-29 04:43:21.147603,21,50010,"-31.069862,-72.022689"
3GCUKREC0FG893480,Chevrolet,2025,2025-11-28 16:43:35.185694,21,3927,"13.5625565,-62.185258"
1XKAD49X7JJ123456,Kenworth,2015,2025-11-28 13:18:31.659159,26,60006,"88.8679585,179.554249"
1XKAD49X7JJ123456,Kenworth,2015,2025-11-29 05:03:18.177742,74,60007,"66.082017,-66.809574"
WDBUF56X98B123456,Mercedes-Benz,2017,2025-11-28 10:41:54.723785,107,40008,"13.2425245,-95.899787"
LZB12345678901234,FAW,2023,2025-11-29 00:08:38.875667,67,8010,"1.044962,64.282984"
6FDUF4GY1JSC12345,Scania,2016,2025-11-28 20:37:35.387223,118,50002,"-38.2893415,-66.347213"
1VWAP7A30JC123456,Volkswagen,2021,2025-11-28 21:41:12.693980,40,20009,"29.571015,-55.688756"
1XKAD49X7JJ123456,Kenworth,2015,2025-11-29 06:57:43.617557,75,60006,"-58.4157735,-164.477442"
F654J5DV77JS98654,Ford,2023,2025-11-29 00:56:09.094657,42,22106,"-45.3735025,-105.830059"
F654J5DV77JS98654,Ford,2023,2025-11-28 18:50:35.804603,91,22115,"23.3196535,-94.500536"
1XKAD49X7JJ123456,Kenworth,2015,2025-11-28 18:14:03.490131,20,60006,"63.2576525,24.279398"
1V2NC9JX5JC123456,Volvo,2022,2025-11-28 14:01:19.587826,17,13570,"89.9410775,-114.910662"
6FDUF4GY1JSC12345,Scania,2016,2025-11-28 17:49:44.441054,17,50009,"22.5372915,-122.307637"
1V2NC9JX5JC123456,Volvo,2022,2025-11-28 22:59:39.584003,102,13562,"80.5914775,-154.096277"
3AKJGLD54JSC12345,Freightliner,2022,2025-11-28 17:32:45.426520,84,10005,"-9.108397,-114.004584"
6FDUF4GY1JSC12345,Scania,2016,2025-11-28 14:38:43.497441,97,50002,"9.4531735,17.059007"
1V2NC9JX5JC123456,Volvo,2022,2025-11-29 03:42:11.445116,68,13565,"27.196792,-43.558680"
3GCUKREC0FG123456,Chevrolet,2024,2025-11-28 14:49:51.433909,21,4007,"49.265501,-8.091950"
1VWAP7A30JC123456,Volkswagen,2021,2025-11-28 23:44:54.097734,16,20005,"-59.254452,20.370710"
1V2NC9JX5JC123456,Volvo,2022,2025-11-29 04:34:54.585199,25,13565,"-86.7256925,161.157844"
F654J5DV77JS46566,Ford,2024,2025-11-29 01:41:24.870602,12,19623,"61.389727,144.516455"
3GCUKREC0FG893480,Chevrolet,2025,2025-11-28 09:12:53.001542,52,3932,"16.202844,-96.491274"
1V2NC9JX5JC123456,Volvo,2022,2025-11-28 14:03:40.381866,120,13570,"71.2977315,-7.957680"
F654J5DV77JS98654,Ford,2023,2025-11-28 19:49:32.784437,37,22116,"-27.1073875,-1.137500"
3GCUKREC0FG893480,Chevrolet,2025,2025-11-29 05:51:41.858230,113,3929,"29.0008945,155.780079"
1XKAD49X7JJ123456,Kenworth,2015,2025-11-29 02:06:44.620563,103,60006,"41.2334815,65.299439"
1VWAP7A30JC123456,Volkswagen,2021,2025-11-29 02:58:00.250061,15,20001,"-18.351484,144.361008"
1VWAP7A30JC123456,Volkswagen,2021,2025-11-28 09:00:40.269557,80,20004,"-12.3725585,55.107573"
WDBUF56X98B123456,Mercedes-Benz,2017,2025-11-29 06:25:56.198958,83,40005,"-84.921770,175.499124"
F654J5DV77JS98654,Ford,2023,2025-11-28 10:46:12.128587,48,22114,"57.161244,10.224252"
1VWAP7A30JC123456,Volkswagen,2021,2025-11-28 19:10:11.213314,3,20002,"26.478793,-8.319758"
3GCUKREC0FG123456,Chevrolet,2024,2025-11-28 10:53:56.915712,54,4007,"56.340290,-33.422502"
F654J5DV77JS98654,Ford,2023,2025-11-28 19:23:47.403598,30,22112,"-48.610528,-74.896725"
1V2NC9JX5JC962225,Volvo,2022,2025-11-28 19:57:14.225188,108,11057,"-81.8231755,121.066808"
3GCUKREC0FG123456,Chevrolet,2024,2025-11-28 13:01:57.689567,12,4004,"87.167861,50.156048"
1VWAP7A30JC123456,Volkswagen,2021,2025-11-28 22:29:23.247459,119,20003,"46.868563,-130.073403"
WDBUF56X98B123456,Mercedes-Benz,2017,2025-11-28 18:51:22.619681,119,40005,"34.2385405,146.933002"
WDBUF56X98B123456,Mercedes-Benz,2017,2025-11-29 03:27:14.349709,21,40000,"50.3516505,-3.721593"
6FDUF4GY1JSC12345,Scania,2016,2025-11-29 01:06:20.021635,65,50005,"-45.632004,-168.327451"
1XKAD49X7JJ123456,Kenworth,2015,2025-11-28 17:29:55.708486,94,60009,"-17.446728,106.632196"
LZB12345678901234,FAW,2023,2025-11-28 16:06:20.301018,74,8009,"62.983914,81.016305"
6FDUF4GY1JSC12345,Scania,2016,2025-11-28 23:10:06.007952,114,50007,"-54.8189345,-60.075165"
F654J5DV77JS98654,Ford,2023,2025-11-28 19:54:29.701732,26,22109,"-22.895984,12.834051"
F654J5DV77JS98654,Ford,2023,2025-11-28 14:09:17.501775,97,22111,"-58.0822345,34.722178"
1VWAP7A30JC123456,Volkswagen,2021,2025-11-29 08:20:22.300970,73,20003,"49.0098915,28.042514"
1V2NC9JX5JC962225,Volvo,2022,2025-11-28 09:12:36.599992,109,11052,"-8.1044535,50.894670"
1VWAP7A30JC123456,Volkswagen,2021,2025-11-28 11:58:15.761338,46,20006,"41.5667015,-174.361916"
1V2NC9JX5JC123456,Volvo,2022,2025-11-28 21:58:31.117925,38,13563,"38.6542595,-100.145306"
1VWAP7A30JC123456,Volkswagen,2021,2025-11-28 20:06:37.262870,48,20008,"78.0663005,45.725907"
LZB12345678901234,FAW,2023,2025-11-29 06:43:19.694528,38,8005,"53.327364,-119.062262"
1VWAP7A30JC123456,Volkswagen,2021,2025-11-29 05:48:41.541872,48,20009,"-51.9585665,37.680863"
WDBUF56X98B123456,Mercedes-Benz,2017,2025-11-28 12:32:40.359828,48,40001,"-31.370657,-100.692134"
3GCUKREC0FG893480,Chevrolet,2025,2025-11-28 11:18:23.849429,74,3930,"-81.9127105,129.391164"
3AKJGLD54JSC12345,Freightliner,2022,2025-11-29 00:32:04.744035,104,10004,"54.652676,83.101918"
1XKAD49X7JJ123456,Kenworth,2015,2025-11-29 00:16:15.304006,82,60009,"-79.6325465,-104.759558"
1V2NC9JX5JC123456,Volvo,2022,2025-11-29 02:01:41.425688,103,13567,"76.017502,58.712592"
6FDUF4GY1JSC12345,Scania,2016,2025-11-28 09:24:20.829213,69,50000,"79.200372,-97.751069"
1V2NC9JX5JC123456,Volvo,2022,2025-11-28 21:51:27.200963,65,13566,"-56.5752165,-120.651818"
6FDUF4GY1JSC12345,Scania,2016,2025-11-28 18:59:11.565665,115,50004,"62.3605635,161.431632"
1V2NC9JX5JC123456,Volvo,2022,2025-11-28 22:55:10.282602,87,13568,"-61.892632,-2.624184"
1VWAP7A30JC123456,Volkswagen,2021,2025-11-28 10:08:16.257106,95,20001,"-64.677987,-23.153343"
3AKJGLD54JSC12345,Freightliner,2022,2025-11-28 13:23:15.272332,8,10002,"0.528213,171.222270"
3AKJGLD54JSC12345,Freightliner,2022,2025-11-28 18:31:23.570080,52,10004,"-34.8951785,-92.012854"
LZB12345678901234,FAW,2023,2025-11-28 17:47:53.278960,94,8008,"-77.4711325,79.761839"
3GCUKREC0FG893480,Chevrolet,2025,2025-11-29 01:03:31.579479,28,3929,"-11.991733,8.473081"
3AKJGLD54JSC12345,Freightliner,2022,2025-11-28 17:15:36.155345,28,10006,"-2.289980,156.610361"
3GCUKREC0FG893480,Chevrolet,2025,2025-11-28 18:53:29.033913,105,3927,"49.6391245,-93.982791"
3AKJGLD54JSC12345,Freightliner,2022,2025-11-28 23:24:02.815240,73,10001,"70.640246,-121.054243"
3GCUKREC0FG893480,Chevrolet,2025,2025-11-28 15:15:07.166306,97,3927,"-54.7627615,136.076748"
1V2NC9JX5JC123456,Volvo,2022,2025-11-29 08:24:14.620565,88,13561,"-23.4806915,-56.007598"
1XKAD49X7JJ123456,Kenworth,2015,2025-11-29 06:38:33.485309,96,60005,"27.334621,-59.868331"
1VWAP7A30JC123456,Volkswagen,2021,2025-11-28 17:13:24.604278,114,20000,"42.463477,-121.191620"
3GCUKREC0FG893480,Chevrolet,2025,2025-11-28 09:59:52.677902,2,3925,"25.3774325,31.672225"
1V2NC9JX5JC123456,Volvo,2022,2025-11-28 10:54:52.477625,54,13565,"53.7107215,168.274115"
1V2NC9JX5JC962225,Volvo,2022,2025-11-28 23:06:09.716863,109,11050,"-15.4928865,153.325403"
3AKJGLD54JSC12345,Freightliner,2022,2025-11-28 15:53:26.115085,62,10008,"-18.4601635,-90.160252"
1V2NC9JX5JC962225,Volvo,2022,2025-11-28 12:53:20.195773,24,11056,"2.2249005,63.700098"
LZB12345678901234,FAW,2023,2025-11-28 09:15:42.828614,16,8007,"-61.0319565,-166.718491"
F654J5DV77JS98654,Ford,2023,2025-11-29 04:49:20.912458,77,22111,"-82.917769,-28.457362"
3GCUKREC0FG123456,Chevrolet,2024,2025-11-28 11:04:47.329822,116,4009,"-83.158822,-104.301125"
1XKAD49X7JJ123456,Kenworth,2015,2025-11-29 02:10:55.565445,47,60006,"-64.6086935,-61.806801"
F654J5DV77JS46566,Ford,2024,2025-11-28 22:00:46.044410,41,19619,"-37.955899,32.886038"
1V2NC9JX5JC123456,Volvo,2022,2025-11-28 21:08:26.971187,117,13562,"59.422758,-81.888154"
6FDUF4GY1JSC12345,Scania,2016,2025-11-28 08:46:33.044108,97,50004,"-24.419858,-127.102870"
1V2NC9JX5JC962225,Volvo,2022,2025-11-28 18:36:40.561288,88,11053,"72.6539045,33.687844"
1V2NC9JX5JC123456,Volvo,2022,2025-11-28 16:29:46.695564,69,13567,"16.4245865,162.922114"
6FDUF4GY1JSC12345,Scania,2016,2025-11-28 19:45:01.523596,90,50006,"-14.994557,145.889336"
1V2NC9JX5JC123456,Volvo,2022,2025-11-28 16:35:47.346519,119,13565,"83.7119575,93.931980"
3AKJGLD54JSC12345,Freightliner,2022,2025-11-28 13:59:59.859987,67,10004,"27.017221,-5.013952"
6FDUF4GY1JSC12345,Scania,2016,2025-11-28 14:12:38.095046,102,50009,"49.8800535,156.098493"
3AKJGLD54JSC12345,Freightliner,2022,2025-11-28 10:51:08.751786,100,10008,"32.199497,-24.765530"
6FDUF4GY1JSC12345,Scania,2016,2025-11-28 09:21:49.457039,78,50000,"30.812165,-127.129761"
1V2NC9JX5JC962225,Volvo,2022,2025-11-28 12:32:59.546091,78,11057,"-28.280913,51.215472"
WDBUF56X98B123456,Mercedes-Benz,2017,2025-11-28 22:00:46.722031,46,40005,"-61.835406,-1.105467"
WDBUF56X98B123456,Mercedes-Benz,2017,2025-11-28 08:48:52.221360,20,40002,"-75.485152,-84.005698"
1XKAD49X7JJ123456,Kenworth,2015,2025-11-28 12:49:44.373640,86,60005,"-45.668404,-99.456256"
WDBUF56X98B123456,Mercedes-Benz,2017,2025-11-28 22:36:19.854822,93,40010,"-1.1283785,-128.130812"
1V2NC9JX5JC123456,Volvo,2022,2025-11-29 02:30:22.726698,114,13570,"35.0191215,-31.090255"
LZB12345678901234,FAW,2023,2025-11-28 18:22:38.407923,110,8010,"-55.367719,-34.991766"
3GCUKREC0FG893480,Chevrolet,2025,2025-11-29 01:12:41.471603,53,3926,"-38.793121,62.153816"
6FDUF4GY1JSC12345,Scania,2016,2025-11-28 11:50:26.786317,82,50004,"-13.692342,168.691208"
6FDUF4GY1JSC12345,Scania,2016,2025-11-28 21:43:07.963107,120,50006,"-52.421143,148.713018"
3GCUKREC0FG893480,Chevrolet,2025,2025-11-28 21:39:39.129661,69,3935,"29.268466,-21.435559"
F654J5DV77JS46566,Ford,2024,2025-11-29 01:27:59.819315,85,19625,"-29.107499,141.564083"
1V2NC9JX5JC123456,Volvo,2022,2025-11-28 12:05:14.609435,81,13563,"-25.425631,110.915651"
F654J5DV77JS46566,Ford,2024,2025-11-29 07:38:11.657298,120,19617,"-84.3787325,71.572750"
F654J5DV77JS46566,Ford,2024,2025-11-28 21:48:01.189364,26,19623,"-71.195075,-26.748396"
1VWAP7A30JC123456,Volkswagen,2021,2025-11-28 19:01:53.439247,24,20002,"-77.4238995,-34.313163"
F654J5DV77JS46566,Ford,2024,2025-11-28 13:37:25.295673,83,19623,"-62.080177,117.274435"
3GCUKREC0FG893480,Chevrolet,2025,2025-11-29 04:05:07.560392,63,3935,"-44.448997,179.080795"
1V2NC9JX5JC123456,Volvo,2022,2025-11-29 01:27:18.063827,40,13570,"-44.832970,-129.976332"
6FDUF4GY1JSC12345,Scania,2016,2025-11-28 09:23:56.175794,5,50009,"-51.1330515,21.571721"
LZB12345678901234,FAW,2023,2025-11-28 17:33:37.402713,23,8003,"45.675983,133.698366"
3GCUKREC0FG893480,Chevrolet,2025,2025-11-28 14:23:16.535354,47,3925,"86.0466705,-13.603341"
1VWAP7A30JC123456,Volkswagen,2021,2025-11-28 20:47:48.217471,118,20004,"-71.7952535,-153.634375"
LZB12345678901234,FAW,2023,2025-11-28 15:17:54.331933,108,8007,"-81.7122415,-126.273247"
F654J5DV77JS98654,Ford,2023,2025-11-28 12:32:53.605629,30,22113,"-7.577139,7.880951"
3GCUKREC0FG123456,Chevrolet,2024,2025-11-29 01:17:13.706451,43,4001,"-37.874925,-152.389241"
3GCUKREC0FG123456,Chevrolet,2024,2025-11-28 13:25:04.391704,116,4006,"16.905244,-131.767389"
3GCUKREC0FG893480,Chevrolet,2025,2025-11-29 08:28:16.549880,48,3927,"-0.9250645,141.692533"
6FDUF4GY1JSC12345,Scania,2016,2025-11-29 00:37:58.062008,21,50007,"32.0871595,-107.031267"
LZB12345678901234,FAW,2023,2025-11-28 16:06:07.650357,11,8001,"-49.379026,0.646894"
6FDUF4GY1JSC12345,Scania,2016,2025-11-29 01:31:33.664227,25,50004,"-60.5003085,173.498223"
1V2NC9JX5JC123456,Volvo,2022,2025-11-28 21:40:03.061298,7,13565,"36.2420895,-6.798477"
F654J5DV77JS98654,Ford,2023,2025-11-29 00:06:01.502483,76,22109,"3.339780,121.438379"
F654J5DV77JS46566,Ford,2024,2025-11-28 20:01:00.899880,11,19617,"40.384472,-93.659561"
6FDUF4GY1JSC12345,Scania,2016,2025-11-28 20:02:29.124666,6,50003,"28.886735,112.042186"
F654J5DV77JS98654,Ford,2023,2025-11-28 13:30:04.926590,58,22110,"61.153145,-173.024702"
F654J5DV77JS46566,Ford,2024,2025-11-28 16:01:59.341740,28,19619,"-61.265919,-1.207550"
3GCUKREC0FG893480,Chevrolet,2025,2025-11-28 11:12:08.347557,32,3925,"-9.4080095,87.904017"
1V2NC9JX5JC962225,Volvo,2022,2025-11-28 19:38:29.559379,76,11054,"-19.151816,-147.132872"
1V2NC9JX5JC123456,Volvo,2022,2025-11-28 23:14:18.968252,52,13564,"-51.326959,92.565808"
3GCUKREC0FG893480,Chevrolet,2025,2025-11-28 12:07:23.015615,97,3931,"-72.7084095,78.097917"
F654J5DV77JS46566,Ford,2024,2025-11-29 03:29:35.249891,46,19619,"20.316631,-135.066784"
F654J5DV77JS46566,Ford,2024,2025-11-29 05:22:37.260520,78,19618,"40.105025,48.205328"
F654J5DV77JS98654,Ford,2023,2025-11-29 01:59:04.863167,59,22106,"-89.9225655,-118.016560"
3AKJGLD54JSC12345,Freightliner,2022,2025-11-28 20:18:05.137015,120,10002,"38.989982,-33.547670"
WDBUF56X98B123456,Mercedes-Benz,2017,2025-11-29 08:37:17.798514,65,40005,"61.633462,-132.976405"
6FDUF4GY1JSC12345,Scania,2016,2025-11-28 09:29:35.724856,0,50006,"32.0649035,-128.719461"
1V2NC9JX5JC962225,Volvo,2022,2025-11-28 12:38:52.306247,62,11052,"67.245859,-168.478254"
F654J5DV77JS46566,Ford,2024,2025-11-28 20:26:02.276319,29,19618,"27.069916,12.758783"
3GCUKREC0FG123456,Chevrolet,2024,2025-11-29 03:56:14.985084,28,4001,"39.1721105,114.257767"
1XKAD49X7JJ123456,Kenworth,2015,2025-11-28 17:19:21.395475,67,60002,"65.7706095,95.479716"
3AKJGLD54JSC12345,Freightliner,2022,2025-11-29 02:56:11.245529,22,10004,"-56.073563,146.562269"
1XKAD49X7JJ123456,Kenworth,2015,2025-11-29 03:10:46.701967,42,60000,"-85.3232745,159.836729"
WDBUF56X98B123456,Mercedes-Benz,2017,2025-11-28 20:36:22.933954,28,40001,"-8.9737725,46.862207"
3GCUKREC0FG893480,Chevrolet,2025,2025-11-29 07:38:16.272217,6,3926,"82.383643,-121.378905"
F654J5DV77JS46566,Ford,2024,2025-11-28 20:39:04.565153,115,19623,"25.2141325,107.413901"
1V2NC9JX5JC123456,Volvo,2022,2025-11-28 15:37:47.637743,78,13568,"62.5566735,-52.074684"
1V2NC9JX5JC123456,Volvo,2022,2025-11-28 17:38:04.333379,12,13562,"35.0689895,94.196942"
F654J5DV77JS98654,Ford,2023,2025-11-28 10:08:52.541434,69,22116,"-48.3582175,-99.680090"
WDBUF56X98B123456,Mercedes-Benz,2017,2025-11-29 00:57:08.871235,55,40009,"-54.555427,82.632998"
3GCUKREC0FG123456,Chevrolet,2024,2025-11-29 01:46:32.991937,27,4004,"-38.135461,21.073183"
3GCUKREC0FG893480,Chevrolet,2025,2025-11-29 07:15:30.036844,120,3931,"-79.826162,-39.895093"
3AKJGLD54JSC12345,Freightliner,2022,2025-11-29 06:42:38.050986,58,10004,"74.068481,-65.118697"
3AKJGLD54JSC12345,Freightliner,2022,2025-11-28 14:20:03.822869,51,10007,"7.696800,38.308945"
1V2NC9JX5JC962225,Volvo,2022,2025-11-29 07:10:05.707451,103,11060,"65.5390555,-47.818882"
F654J5DV77JS46566,Ford,2024,2025-11-28 12:30:40.123931,108,19625,"47.5405685,-45.698925"
1XKAD49X7JJ123456,Kenworth,2015,2025-11-28 23:18:34.375234,65,60008,"-65.210125,-29.439842"
F654J5DV77JS46566,Ford,2024,2025-11-28 21:46:19.101123,58,19617,"-6.8167955,22.610968"
WDBUF56X98B123456,Mercedes-Benz,2017,2025-11-29 01:12:01.299375,79,40009,"15.2977215,103.508980"
1VWAP7A30JC123456,Volkswagen,2021,2025-11-29 07:28:43.768547,4,20004,"33.276036,109.632016"
1V2NC9JX5JC123456,Volvo,2022,2025-11-28 23:17:48.487720,93,13566,"67.828132,-143.763233"
WDBUF56X98B123456,Mercedes-Benz,2017,2025-11-29 06:01:59.729649,67,40006,"-40.8649095,110.384154"
6FDUF4GY1JSC12345,Scania,2016,2025-11-28 10:48:40.925644,22,50005,"72.3229375,-35.715660"
F654J5DV77JS46566,Ford,2024,2025-11-28 10:55:51.383287,78,19615,"-89.873024,-169.357176"
3GCUKREC0FG123456,Chevrolet,2024,2025-11-28 17:36:44.153767,67,4006,"-54.573530,28.365345"
WDBUF56X98B123456,Mercedes-Benz,2017,2025-11-29 07:45:56.002669,26,40004,"-36.7452355,53.103261"
3GCUKREC0FG893480,Chevrolet,2025,2025-11-28 23:23:18.588114,17,3933,"4.5414845,169.320818"
3AKJGLD54JSC12345,Freightliner,2022,2025-11-29 00:46:00.313903,91,10002,"-75.267354,-44.503741"
3GCUKREC0FG123456,Chevrolet,2024,2025-11-28 17:35:24.916980,44,4003,"15.0638715,-79.563324"
1V2NC9JX5JC962225,Volvo,2022,2025-11-28 18:30:57.512410,28,11055,"-21.8807665,172.964235"
1XKAD49X7JJ123456,Kenworth,2015,2025-11-29 03:41:28.302401,2,60005,"58.0530515,-41.636870"
LZB12345678901234,FAW,2023,2025-11-29 01:20:40.784007,14,8010,"-43.7764205,28.604598"
3GCUKREC0FG123456,Chevrolet,2024,2025-11-29 01:51:16.577144,28,4008,"-59.716536,-159.662222"
1VWAP7A30JC123456,Volkswagen,2021,2025-11-28 17:41:06.274505,99,20001,"-80.9787055,-117.863727"
F654J5DV77JS98654,Ford,2023,2025-11-28 13:42:49.103630,105,22114,"-2.4214215,80.271829"
1V2NC9JX5JC962225,Volvo,2022,2025-11-28 08:40:59.978046,35,11057,"-10.4165745,71.076944"
3AKJGLD54JSC12345,Freightliner,2022,2025-11-28 23:31:10.750227,1,10001,"1.7514395,170.518854"
3AKJGLD54JSC12345,Freightliner,2022,2025-11-28 14:00:36.504771,70,10001,"-41.449840,103.681852"
WDBUF56X98B123456,Mercedes-Benz,2017,2025-11-29 07:28:37.632992,65,40010,"36.2057725,-147.651357"
F654J5DV77JS98654,Ford,2023,2025-11-28 20:15:09.961390,0,22108,"-9.6622745,46.519561"
3GCUKREC0FG893480,Chevrolet,2025,2025-11-28 12:17:46.206063,113,3934,"-76.971094,147.348009"
3AKJGLD54JSC12345,Freightliner,2022,2025-11-29 06:29:50.368969,80,10001,"-62.4733495,-121.891188"
3GCUKREC0FG123456,Chevrolet,2024,2025-11-28 11:40:36.078052,4,4006,"25.8731575,59.955094"
F654J5DV77JS46566,Ford,2024,2025-11-28 20:51:47.165657,102,19617,"-44.8376755,-106.500303"
1V2NC9JX5JC123456,Volvo,2022,2025-11-28 17:31:35.634479,69,13565,"34.272825,-29.367914"
F654J5DV77JS46566,Ford,2024,2025-11-29 04:58:20.702850,67,19623,"-59.3285115,-107.200190"
3GCUKREC0FG123456,Chevrolet,2024,2025-11-28 20:35:06.109669,13,4009,"-6.3516625,137.967348"
3GCUKREC0FG893480,Chevrolet,2025,2025-11-28 22:12:49.458603,13,3931,"-64.0018345,156.540711"
WDBUF56X98B123456,Mercedes-Benz,2017,2025-11-29 05:09:04.382116,75,40005,"-81.9717025,129.570651"
3GCUKREC0FG893480,Chevrolet,2025,2025-11-29 03:01:59.671289,21,3928,"23.3157715,18.070142"
F654J5DV77JS98654,Ford,2023,2025-11-29 08:29:51.295992,10,22110,"17.1723125,77.309947"
3AKJGLD54JSC12345,Freightliner,2022,2025-11-28 20:53:59.912985,37,10007,"40.076000,-40.217172"
LZB12345678901234,FAW,2023,2025-11-28 14:55:12.077141,97,8007,"16.768296,-173.000086"
WDBUF56X98B123456,Mercedes-Benz,2017,2025-11-29 02:42:18.262706,5,40008,"50.035953,-79.442406"
3AKJGLD54JSC12345,Freightliner,2022,2025-11-28 12:19:53.037676,43,10006,"86.090274,82.802066"
WDBUF56X98B123456,Mercedes-Benz,2017,2025-11-28 10:46:37.913635,0,40010,"57.8536205,-179.319928"
3GCUKREC0FG123456,Chevrolet,2024,2025-11-29 07:47:23.435522,103,3999,"0.8434275,52.782659"
F654J5DV77JS46566,Ford,2024,2025-11-28 11:46:52.879395,82,19623,"11.557179,83.732559"
1XKAD49X7JJ123456,Kenworth,2015,2025-11-29 01:08:20.213242,45,60009,"-53.458662,101.582806"
LZB12345678901234,FAW,2023,2025-11-28 12:13:48.984570,70,8007,"19.577377,-168.141473"
F654J5DV77JS46566,Ford,2024,2025-11-28 09:19:36.154231,46,19619,"27.045756,-165.480651"
1V2NC9JX5JC123456,Volvo,2022,2025-11-28 13:41:44.907088,95,13567,"-8.1673985,23.829022"
3GCUKREC0FG123456,Chevrolet,2024,2025-11-28 09:12:43.258468,2,4002,"-0.939707,-5.832736"
3GCUKREC0FG123456,Chevrolet,2024,2025-11-29 05:14:08.927522,28,4004,"-62.808136,172.964253"
LZB12345678901234,FAW,2023,2025-11-29 06:58:38.376205,62,8005,"37.240260,-7.957408"
1V2NC9JX5JC123456,Volvo,2022,2025-11-29 00:20:04.630183,68,13570,"-89.9787145,-42.895231"
1XKAD49X7JJ123456,Kenworth,2015,2025-11-28 15:08:13.015623,106,60001,"84.427945,87.294467"
1XKAD49X7JJ123456,Kenworth,2015,2025-11-28 12:22:41.099417,44,60003,"87.798989,99.260211"
3AKJGLD54JSC12345,Freightliner,2022,2025-11-28 11:17:32.051795,29,10009,"-32.9801715,84.366748"
6FDUF4GY1JSC12345,Scania,2016,2025-11-29 00:12:48.746324,81,50009,"24.4460705,8.387502"
F654J5DV77JS98654,Ford,2023,2025-11-28 17:02:25.915459,71,22108,"-18.1686315,-98.442872"
F654J5DV77JS46566,Ford,2024,2025-11-28 12:38:56.815121,109,19622,"-32.4844435,-83.752692"
3GCUKREC0FG123456,Chevrolet,2024,2025-11-29 08:12:21.549874,22,4005,"-73.980696,-105.526394"
1VWAP7A30JC123456,Volkswagen,2021,2025-11-28 08:50:20.210815,118,20006,"-33.3881775,6.493014"
1V2NC9JX5JC962225,Volvo,2022,2025-11-29 00:21:09.420619,77,11056,"-89.0378885,-152.747905"
LZB12345678901234,FAW,2023,2025-11-28 17:22:55.259284,99,8008,"-8.590644,-46.745547"
WDBUF56X98B123456,Mercedes-Benz,2017,2025-11-29 07:13:14.548733,41,40010,"48.6723425,-124.717507"
LZB12345678901234,FAW,2023,2025-11-28 11:37:47.554447,36,8002,"-2.4869445,-126.999413"
1V2NC9JX5JC962225,Volvo,2022,2025-11-29 14:14:15.680327,42,11051,"69.8997415,39.844123"
1V2NC9JX5JC962225,Volvo,2022,2025-11-29 04:09:34.633955,47,11051,"11.546704,-66.428588"
1V2NC9JX5JC962225,Volvo,2022,2025-11-29 05:20:16.655493,10,11055,"78.4221095,-124.709049"
1V2NC9JX5JC962225,Volvo,2022,2025-11-29 09:38:48.715898,97,11054,"-50.741979,-103.731963"
LZB12345678901234,FAW,2023,2025-11-29 04:25:17.420432,95,8005,"-51.397885,59.903583"
WDBUF56X98B123456,Mercedes-Benz,2017,2025-11-29 12:36:16.688039,30,40007,"-34.2971625,-121.245113"
6FDUF4GY1JSC12345,Scania,2016,2025-11-29 20:38:31.630823,36,50002,"-74.576080,-150.163389"
3GCUKREC0FG123456,Chevrolet,2024,2025-11-29 05:20:26.009292,118,4002,"87.466494,131.701304"
6FDUF4GY1JSC12345,Scania,2016,2025-11-29 06:03:57.973925,48,50004,"36.4132085,64.060305"
1V2NC9JX5JC962225,Volvo,2022,2025-11-29 09:12:44.377418,24,11058,"-82.4914195,-69.152711"
1V2NC9JX5JC123456,Volvo,2022,2025-11-29 03:01:38.955986,77,13568,"-48.9990895,27.919942"
1V2NC9JX5JC123456,Volvo,2022,2025-11-29 18:06:21.531608,72,13564,"16.9788205,-30.484067"
1XKAD49X7JJ123456,Kenworth,2015,2025-11-29 09:44:23.230915,68,60002,"75.354087,-162.700625"
1VWAP7A30JC123456,Volkswagen,2021,2025-11-29 07:27:17.006608,30,20003,"-39.6064465,-11.466497"
3AKJGLD54JSC12345,Freightliner,2022,2025-11-29 01:41:29.482893,3,10006,"-51.020728,-96.142232"
1VWAP7A30JC123456,Volkswagen,2021,2025-11-29 00:14:40.730520,7,20000,"-65.135314,124.336798"
F654J5DV77JS46566,Ford,2024,2025-11-29 19:08:06.130044,38,19623,"66.1075375,-77.266918"
WDBUF56X98B123456,Mercedes-Benz,2017,2025-11-29 11:02:32.466384,101,40001,"-77.010738,-146.806142"
F654J5DV77JS46566,Ford,2024,2025-11-29 14:44:11.458018,56,19620,"37.9941965,-35.170520"
F654J5DV77JS98654,Ford,2023,2025-11-29 08:54:44.513106,14,22115,"-79.093809,-57.160729"
6FDUF4GY1JSC12345,Scania,2016,2025-11-29 15:51:20.983618,120,50002,"-72.689090,-115.789411"
WDBUF56X98B123456,Mercedes-Benz,2017,2025-11-29 16:21:04.256272,74,40002,"78.991235,140.926881"
3GCUKREC0FG123456,Chevrolet,2024,2025-11-28 23:55:35.856278,102,4002,"-33.900726,47.226101"
1V2NC9JX5JC962225,Volvo,2022,2025-11-29 14:40:57.217752,113,11058,"-84.3213685,112.724742"
1VWAP7A30JC123456,Volkswagen,2021,2025-11-29 15:46:55.473363,2,20001,"73.979006,177.732065"
WDBUF56X98B123456,Mercedes-Benz,2017,2025-11-29 14:48:56.560198,36,40000,"39.2466905,-71.131938"
1V2NC9JX5JC123456,Volvo,2022,2025-11-29 12:25:34.941128,12,13561,"29.775252,144.078430"
1V2NC9JX5JC123456,Volvo,2022,2025-11-29 03:27:25.234628,9,13568,"-27.898829,163.644379"
3AKJGLD54JSC12345,Freightliner,2022,2025-11-29 06:20:58.501278,15,10000,"23.4759115,108.517032"
1XKAD49X7JJ123456,Kenworth,2015,2025-11-29 19:21:26.593266,97,60007,"-8.978696,-143.588920"
6FDUF4GY1JSC12345,Scania,2016,2025-11-29 08:00:30.258658,104,50007,"-4.3776515,156.191246"
F654J5DV77JS98654,Ford,2023,2025-11-29 11:59:10.601801,120,22107,"-86.538963,-59.345899"
1V2NC9JX5JC962225,Volvo,2022,2025-11-29 20:20:14.623465,50,11057,"7.742604,-97.264953"
3GCUKREC0FG893480,Chevrolet,2025,2025-11-29 04:47:35.222866,32,3935,"12.2067665,150.977113"
3GCUKREC0FG123456,Chevrolet,2024,2025-11-29 18:19:15.819832,1,4004,"-10.8434595,100.756523"
3AKJGLD54JSC12345,Freightliner,2022,2025-11-29 12:11:47.505696,78,10009,"-74.115351,171.195659"
3AKJGLD54JSC12345,Freightliner,2022,2025-11-29 14:55:45.022080,29,10008,"12.2604985,-137.986793"
1V2NC9JX5JC962225,Volvo,2022,2025-11-29 16:20:38.862991,94,11058,"84.020742,101.586000"
6FDUF4GY1JSC12345,Scania,2016,2025-11-29 19:07:24.351681,60,50002,"14.4215885,-25.747075"
F654J5DV77JS46566,Ford,2024,2025-11-29 04:09:08.345056,118,19619,"38.074628,-70.846497"
1V2NC9JX5JC123456,Volvo,2022,2025-11-29 14:30:48.879452,102,13565,"-20.4060915,-134.671909"
1V2NC9JX5JC962225,Volvo,2022,2025-11-29 21:16:49.063272,45,11060,"55.708860,13.060509"
F654J5DV77JS46566,Ford,2024,2025-11-29 15:42:30.831970,85,19620,"85.437570,-1.941961"
WDBUF56X98B123456,Mercedes-Benz,2017,2025-11-29 13:18:19.595216,32,40000,"5.177087,-100.564026"
1VWAP7A30JC123456,Volkswagen,2021,2025-11-29 20:47:42.002330,93,20005,"48.379165,34.178118"
WDBUF56X98B123456,Mercedes-Benz,2017,2025-11-29 22:18:34.072300,31,40001,"-57.651153,169.555278"
3GCUKREC0FG123456,Chevrolet,2024,2025-11-29 10:00:59.934578,29,4000,"-70.275683,126.990651"
1XKAD49X7JJ123456,Kenworth,2015,2025-11-28 23:39:41.492722,22,60002,"74.4825645,115.149700"
3AKJGLD54JSC12345,Freightliner,2022,2025-11-29 15:30:55.402860,12,10010,"40.6770955,-5.277004"
LZB12345678901234,FAW,2023,2025-11-29 07:36:18.786151,70,8006,"18.703904,-157.265396"
3GCUKREC0FG893480,Chevrolet,2025,2025-11-29 08:56:43.211828,13,3934,"24.326784,5.376418"
F654J5DV77JS98654,Ford,2023,2025-11-29 16:20:32.934996,71,22116,"16.965891,-16.181824"
6FDUF4GY1JSC12345,Scania,2016,2025-11-29 10:18:57.130373,70,50003,"-68.5417495,-65.974480"
WDBUF56X98B123456,Mercedes-Benz,2017,2025-11-29 18:26:22.689632,5,40009,"59.8705325,173.299640"
LZB12345678901234,FAW,2023,2025-11-29 09:12:10.535807,21,8004,"48.284647,66.156644"
3GCUKREC0FG893480,Chevrolet,2025,2025-11-29 07:26:29.257361,21,3929,"-19.915400,-86.627780"
1V2NC9JX5JC123456,Volvo,2022,2025-11-29 10:46:24.539885,9,13569,"5.7265995,175.756768"
3GCUKREC0FG123456,Chevrolet,2024,2025-11-29 19:31:57.429505,33,4004,"-57.540121,95.820013"
1XKAD49X7JJ123456,Kenworth,2015,2025-11-29 21:09:39.490246,100,60010,"24.1061925,-146.390397"
F654J5DV77JS46566,Ford,2024,2025-11-29 15:52:10.112954,91,19621,"-52.958992,-131.996127"
WDBUF56X98B123456,Mercedes-Benz,2017,2025-11-29 08:59:07.352847,9,40008,"16.283531,-163.732329"
1XKAD49X7JJ123456,Kenworth,2015,2025-11-29 14:36:26.990374,92,60008,"85.130673,110.759179"
F654J5DV77JS46566,Ford,2024,2025-11-29 12:41:51.744210,120,19616,"14.2210205,108.269801"
3GCUKREC0FG893480,Chevrolet,2025,2025-11-29 10:37:54.615297,38,3928,"36.898148,-119.034590"
1V2NC9JX5JC123456,Volvo,2022,2025-11-29 12:59:23.204686,82,13563,"-55.2869415,149.105968"
1V2NC9JX5JC962225,Volvo,2022,2025-11-29 05:46:36.163186,52,11053,"-74.002659,-15.865759"
WDBUF56X98B123456,Mercedes-Benz,2017,2025-11-29 00:25:03.090372,112,40002,"49.043743,136.859687"
3GCUKREC0FG893480,Chevrolet,2025,2025-11-29 19:14:13.426980,12,3927,"-20.6968975,63.321783"
3GCUKREC0FG123456,Chevrolet,2024,2025-11-29 16:44:11.095867,22,4004,"-44.199206,75.411427"
1XKAD49X7JJ123456,Kenworth,2015,2025-11-29 00:57:28.310845,104,60001,"-79.7600285,-33.742554"
WDBUF56X98B123456,Mercedes-Benz,2017,2025-11-29 19:41:12.685578,116,40005,"-29.060459,162.799220"
1XKAD49X7JJ123456,Kenworth,2015,2025-11-29 12:55:10.084740,36,60001,"-80.364973,-78.941201"
3AKJGLD54JSC12345,Freightliner,2022,2025-11-29 01:38:35.569482,107,10004,"73.0355065,72.077147"
6FDUF4GY1JSC12345,Scania,2016,2025-11-29 00:59:41.972790,27,50001,"51.4517365,-155.811627"
F654J5DV77JS46566,Ford,2024,2025-11-29 14:10:41.926011,107,19621,"43.9513115,179.648035"
LZB12345678901234,FAW,2023,2025-11-29 02:45:22.138724,102,8001,"-88.734735,165.626807"
WDBUF56X98B123456,Mercedes-Benz,2017,2025-11-29 15:21:41.784204,26,40009,"-67.1895065,-179.869583"
F654J5DV77JS46566,Ford,2024,2025-11-29 01:24:38.207366,92,19616,"-0.6554085,-19.104285"
1V2NC9JX5JC962225,Volvo,2022,2025-11-29 10:16:40.354288,51,11052,"20.854963,4.493478"
6FDUF4GY1JSC12345,Scania,2016,2025-11-29 20:11:27.883650,30,50000,"-31.6079785,139.257336"
WDBUF56X98B123456,Mercedes-Benz,2017,2025-11-29 11:23:18.753127,68,40002,"-28.5145395,-152.367300"
3GCUKREC0FG893480,Chevrolet,2025,2025-11-29 10:47:37.177144,20,3932,"-58.832644,-156.398875"
WDBUF56X98B123456,Mercedes-Benz,2017,2025-11-29 01:54:46.132494,0,40010,"-32.166988,-23.811862"
1V2NC9JX5JC123456,Volvo,2022,2025-11-29 16:01:12.217265,101,13567,"78.1959475,130.543582"
1XKAD49X7JJ123456,Kenworth,2015,2025-11-29 03:18:13.665708,115,60006,"-61.0706135,169.937571"
F654J5DV77JS46566,Ford,2024,2025-11-29 00:21:55.869814,111,19617,"71.567609,-157.024617"
3AKJGLD54JSC12345,Freightliner,2022,2025-11-29 20:05:42.424779,43,10005,"-24.1513805,160.691038"
6FDUF4GY1JSC12345,Scania,2016,2025-11-29 12:23:31.153888,6,50007,"47.7631755,-121.561888"
LZB12345678901234,FAW,2023,2025-11-29 22:27:25.538006,66,8004,"-80.655652,117.029830"
6FDUF4GY1JSC12345,Scania,2016,2025-11-29 01:30:58.786042,81,50005,"-30.9268755,102.588625"
1V2NC9JX5JC123456,Volvo,2022,2025-11-29 16:54:25.879081,99,13567,"-22.4180675,-41.219813"
1VWAP7A30JC123456,Volkswagen,2021,2025-11-29 07:47:45.309364,75,20002,"-48.618681,-51.965681"
1V2NC9JX5JC123456,Volvo,2022,2025-11-29 06:38:46.075922,22,13561,"45.370491,-118.987364"
3GCUKREC0FG123456,Chevrolet,2024,2025-11-29 17:42:00.068311,30,4003,"-84.215479,137.778380"
6FDUF4GY1JSC12345,Scania,2016,2025-11-28 23:49:37.833570,91,50006,"25.1660555,-179.688004"
LZB12345678901234,FAW,2023,2025-11-29 22:52:51.235176,71,8000,"43.7406845,38.227217"
6FDUF4GY1JSC12345,Scania,2016,2025-11-29 18:35:53.029679,72,50002,"29.3893925,58.528706"
1V2NC9JX5JC123456,Volvo,2022,2025-11-29 03:33:14.448443,112,13567,"15.687615,-51.373525"
1XKAD49X7JJ123456,Kenworth,2015,2025-11-29 16:17:53.663501,49,60009,"-77.722988,-54.660868"
WDBUF56X98B123456,Mercedes-Benz,2017,2025-11-29 19:41:20.731945,60,40001,"-64.957517,8.502232"
3GCUKREC0FG893480,Chevrolet,2025,2025-11-29 10:40:39.685844,80,3928,"74.5701795,75.589617"
3GCUKREC0FG893480,Chevrolet,2025,2025-11-29 19:00:11.621674,45,3926,"-87.0282605,90.319056"
F654J5DV77JS46566,Ford,2024,2025-11-28 23:13:23.696973,86,19619,"-79.749796,-44.163397"
F654J5DV77JS46566,Ford,2024,2025-11-29 14:38:26.006681,103,19618,"6.290241,93.939303"
3AKJGLD54JSC12345,Freightliner,2022,2025-11-29 22:36:38.821675,104,10005,"-35.6501145,58.057308"
1V2NC9JX5JC962225,Volvo,2022,2025-11-29 18:26:58.788045,74,11051,"-39.584011,-178.204527"
1V2NC9JX5JC123456,Volvo,2022,2025-11-29 08:23:49.929287,71,13570,"5.271020,-76.636766"
3GCUKREC0FG123456,Chevrolet,2024,2025-11-29 05:16:55.061807,64,4005,"63.0369765,103.814124"
WDBUF56X98B123456,Mercedes-Benz,2017,2025-11-29 22:32:07.370100,78,40010,"6.451225,65.569136"
1V2NC9JX5JC123456,Volvo,2022,2025-11-29 05:36:22.576864,41,13561,"-56.4215225,-79.524452"
LZB12345678901234,FAW,2023,2025-11-29 21:55:09.827671,63,8005,"-89.4530095,-34.087817"
1V2NC9JX5JC962225,Volvo,2022,2025-11-29 16:42:32.376863,25,11057,"0.2897075,122.068496"
3GCUKREC0FG893480,Chevrolet,2025,2025-11-29 13:46:25.537236,97,3934,"-73.1815855,168.562763"
3GCUKREC0FG893480,Chevrolet,2025,2025-11-29 16:35:37.960581,80,3930,"42.204511,86.184314"
1XKAD49X7JJ123456,Kenworth,2015,2025-11-29 12:16:02.959994,21,60009,"-5.080147,80.490434"
3AKJGLD54JSC12345,Freightliner,2022,2025-11-29 00:35:44.978890,36,10001,"65.3906645,157.793099"
1XKAD49X7JJ123456,Kenworth,2015,2025-11-29 08:17:13.619937,85,60001,"42.4833045,49.911722"
LZB12345678901234,FAW,2023,2025-11-29 00:52:21.166044,11,8009,"32.3605685,-6.810347"
1XKAD49X7JJ123456,Kenworth,2015,2025-11-29 15:14:24.949416,89,60003,"27.024421,-57.970181"
1V2NC9JX5JC123456,Volvo,2022,2025-11-29 21:13:29.474584,46,13566,"-59.6344685,14.637402"
WDBUF56X98B123456,Mercedes-Benz,2017,2025-11-29 08:05:54.480082,48,40006,"-51.7223125,0.925761"
F654J5DV77JS98654,Ford,2023,2025-11-29 04:26:00.752224,66,22116,"-58.1623665,172.292513"
F654J5DV77JS98654,Ford,2023,2025-11-29 15:00:09.849992,55,22108,"-72.1222805,75.146230"
LZB12345678901234,FAW,2023,2025-11-29 16:06:19.431674,24,8010,"6.3357585,107.473804"
3GCUKREC0FG893480,Chevrolet,2025,2025-11-29 10:53:18.160143,3,3929,"54.3547185,101.244618"
3GCUKREC0FG893480,Chevrolet,2025,2025-11-29 21:47:56.800050,75,3932,"34.4429105,-162.758438"
1V2NC9JX5JC123456,Volvo,2022,2025-11-29 15:11:29.124174,106,13569,"68.6883085,18.566856"
WDBUF56X98B123456,Mercedes-Benz,2017,2025-11-29 14:14:44.280585,102,40010,"-53.3390915,31.159597"
F654J5DV77JS46566,Ford,2024,2025-11-29 20:16:57.519670,33,19620,"-88.710367,-110.813037"
1V2NC9JX5JC123456,Volvo,2022,2025-11-29 21:08:06.297538,81,13567,"-35.8817935,-168.248437"
1VWAP7A30JC123456,Volkswagen,2021,2025-11-29 18:15:52.787755,9,20001,"37.983395,26.915207"
6FDUF4GY1JSC12345,Scania,2016,2025-11-29 19:55:43.695958,26,50005,"24.9073385,29.307211"
1V2NC9JX5JC962225,Volvo,2022,2025-11-29 19:52:26.698043,54,11057,"-22.9632175,-106.322322"
F654J5DV77JS46566,Ford,2024,2025-11-29 16:45:57.827107,27,19620,"51.904043,38.881868"
1V2NC9JX5JC962225,Volvo,2022,2025-11-29 21:36:40.750393,95,11059,"34.6527755,-125.552660"
F654J5DV77JS98654,Ford,2023,2025-11-29 07:35:18.002020,36,22112,"17.3716745,-139.755981"
LZB12345678901234,FAW,2023,2025-11-29 11:59:48.609357,63,8004,"-2.8279675,-168.708664"
F654J5DV77JS46566,Ford,2024,2025-11-29 18:51:19.562868,88,19625,"85.5023595,175.516574"
3GCUKREC0FG123456,Chevrolet,2024,2025-11-29 04:20:54.216190,34,4000,"7.977494,74.642958"
1XKAD49X7JJ123456,Kenworth,2015,2025-11-29 12:10:12.343804,119,60007,"58.762957,79.941384"
WDBUF56X98B123456,Mercedes-Benz,2017,2025-11-29 00:43:29.527206,116,40008,"-2.2922465,-149.623633"
3GCUKREC0FG123456,Chevrolet,2024,2025-11-29 17:17:55.616586,27,4007,"55.2624435,-150.115916"
WDBUF56X98B123456,Mercedes-Benz,2017,2025-11-29 02:46:35.472611,111,40010,"37.7087465,-145.970817"
1VWAP7A30JC123456,Volkswagen,2021,2025-11-28 23:09:40.785177,9,20008,"70.244400,-43.759690"
F654J5DV77JS46566,Ford,2024,2025-11-29 06:12:25.640328,92,19616,"0.0126775,-174.340589"
1V2NC9JX5JC962225,Volvo,2022,2025-11-29 02:00:37.794045,95,11057,"-15.6852875,105.831322"
1XKAD49X7JJ123456,Kenworth,2015,2025-11-29 22:24:03.236872,35,60000,"-45.6536135,-163.766727"
3AKJGLD54JSC12345,Freightliner,2022,2025-11-29 05:11:32.454783,0,10005,"-31.7143865,139.256575"
1V2NC9JX5JC962225,Volvo,2022,2025-11-29 14:34:01.929227,16,11059,"26.4923115,-7.349546"
F654J5DV77JS46566,Ford,2024,2025-11-29 15:11:46.774379,52,19616,"-22.699642,-123.433969"
F654J5DV77JS46566,Ford,2024,2025-11-29 10:45:21.765071,114,19621,"6.0995465,4.158308"
1V2NC9JX5JC962225,Volvo,2022,2025-11-29 23:36:12.692481,33,11058,"8.0474935,-177.509561"
1V2NC9JX5JC962225,Volvo,2022,2025-11-29 09:44:48.591102,84,11050,"-83.501060,-29.864381"
3GCUKREC0FG893480,Chevrolet,2025,2025-11-29 14:18:31.833234,35,3931,"27.238327,3.911550"
6FDUF4GY1JSC12345,Scania,2016,2025-11-29 07:36:22.120979,0,50009,"-33.1990215,94.442266"
1VWAP7A30JC123456,Volkswagen,2021,2025-11-29 02:25:09.922285,12,20001,"17.919402,86.540212"
WDBUF56X98B123456,Mercedes-Benz,2017,2025-11-29 13:38:21.397513,45,40009,"28.820482,15.348230"
6FDUF4GY1JSC12345,Scania,2016,2025-11-29 11:33:21.880646,76,50000,"67.759737,85.958604"
6FDUF4GY1JSC12345,Scania,2016,2025-11-29 01:41:31.823134,79,50009,"-73.2955855,-102.091124"
3GCUKREC0FG123456,Chevrolet,2024,2025-11-29 16:02:39.649073,15,4007,"-30.9689785,-178.221211"
3GCUKREC0FG123456,Chevrolet,2024,2025-11-29 19:58:29.345525,116,4000,"-10.535336,-107.765876"
3GCUKREC0FG123456,Chevrolet,2024,2025-11-29 15:27:30.806523,101,4000,"-62.799693,178.322254"
1V2NC9JX5JC962225,Volvo,2022,2025-11-29 22:21:49.267129,36,11054,"27.0285155,-71.268662"
3AKJGLD54JSC12345,Freightliner,2022,2025-11-29 13:39:33.951225,92,10006,"41.685924,12.595797"
3GCUKREC0FG123456,Chevrolet,2024,2025-11-29 20:19:16.509899,91,3999,"-51.183825,-35.547391"
F654J5DV77JS46566,Ford,2024,2025-11-29 10:14:45.759775,7,19615,"-45.100417,122.780012"
3GCUKREC0FG123456,Chevrolet,2024,2025-11-29 18:49:00.224108,27,4008,"-76.914877,-56.686686"
6FDUF4GY1JSC12345,Scania,2016,2025-11-29 21:32:08.476161,113,50007,"-30.6249735,-131.324882"
F654J5DV77JS46566,Ford,2024,2025-11-29 05:39:58.511171,86,19615,"-22.110941,-60.053740"
3GCUKREC0FG893480,Chevrolet,2025,2025-11-29 13:18:20.671196,67,3934,"31.4186705,-76.047366"
6FDUF4GY1JSC12345,Scania,2016,2025-11-29 18:04:59.089046,104,50000,"65.116920,158.470444"
F654J5DV77JS46566,Ford,2024,2025-11-29 04:41:29.982966,56,19625,"-68.965164,18.872387"
1XKAD49X7JJ123456,Kenworth,2015,2025-11-29 20:52:35.484129,49,60005,"54.316373,-7.906963"
LZB12345678901234,FAW,2023,2025-11-29 01:23:15.870206,32,8007,"-80.254388,35.651060"
3AKJGLD54JSC12345,Freightliner,2022,2025-11-29 07:17:54.625642,27,10010,"78.6073125,-92.153043"
1VWAP7A30JC123456,Volkswagen,2021,2025-11-29 02:59:38.170300,88,20008,"0.411078,-32.319011"
1V2NC9JX5JC123456,Volvo,2022,2025-11-29 19:28:41.920615,63,13560,"41.9917085,69.538517"
F654J5DV77JS98654,Ford,2023,2025-11-29 13:55:43.396573,95,22112,"45.2591335,117.131192"
3GCUKREC0FG123456,Chevrolet,2024,2025-11-29 17:28:27.686123,108,4004,"32.165082,-174.698996"
1V2NC9JX5JC123456,Volvo,2022,2025-11-29 17:27:21.202543,3,13569,"18.6158305,-111.232090"
WDBUF56X98B123456,Mercedes-Benz,2017,2025-11-29 16:09:52.144803,66,40006,"-78.9236365,76.638981"
F654J5DV77JS46566,Ford,2024,2025-11-29 06:09:43.068455,95,19623,"14.0748305,9.739426"
F654J5DV77JS98654,Ford,2023,2025-11-29 10:44:07.965178,93,22112,"17.1829575,-5.142001"
LZB12345678901234,FAW,2023,2025-11-29 03:39:30.369319,95,8000,"82.4651595,-11.928187"
1V2NC9JX5JC962225,Volvo,2022,2025-11-29 08:20:44.510641,113,11057,"51.507740,-106.013774"
LZB12345678901234,FAW,2023,2025-11-29 01:10:20.901868,54,8007,"-60.3205665,162.383377"
3GCUKREC0FG123456,Chevrolet,2024,2025-11-29 18:29:10.613464,80,4004,"-37.8769585,95.243357"
WDBUF56X98B123456,Mercedes-Benz,2017,2025-11-29 12:35:07.075535,23,40009,"-83.6997915,-46.581532"
F654J5DV77JS46566,Ford,2024,2025-11-29 04:36:45.732961,106,19615,"32.351465,-17.415846"
1VWAP7A30JC123456,Volkswagen,2021,2025-11-29 17:36:20.046477,75,20002,"62.881186,-64.823491"
F654J5DV77JS98654,Ford,2023,2025-11-29 21:46:51.605238,73,22113,"2.171874,36.842178"
WDBUF56X98B123456,Mercedes-Benz,2017,2025-11-29 12:53:59.061329,77,40006,"-65.547206,3.269485"
1V2NC9JX5JC123456,Volvo,2022,2025-11-29 20:04:05.177112,68,13569,"14.692033,-71.443862"
3GCUKREC0FG893480,Chevrolet,2025,2025-11-29 04:01:21.875180,3,3928,"-45.8309565,-120.303316"
1V2NC9JX5JC962225,Volvo,2022,2025-11-29 22:21:14.058900,65,11050,"-26.1146385,34.244352"
6FDUF4GY1JSC12345,Scania,2016,2025-11-29 07:26:51.811682,86,50006,"23.127973,60.287945"
3AKJGLD54JSC12345,Freightliner,2022,2025-11-29 02:02:30.863126,73,10009,"-63.5008905,31.242169"
1VWAP7A30JC123456,Volkswagen,2021,2025-11-29 11:38:11.101346,24,20008,"-83.523029,121.123606"
1V2NC9JX5JC962225,Volvo,2022,2025-11-29 19:29:42.608764,14,11050,"89.678729,126.492155"
1V2NC9JX5JC123456,Volvo,2022,2025-11-29 19:55:37.851718,51,13563,"52.8004215,29.460811"
F654J5DV77JS46566,Ford,2024,2025-11-29 01:52:11.172280,114,19621,"-72.998313,97.528254"
F654J5DV77JS46566,Ford,2024,2025-11-29 05:15:09.062443,42,19624,"-48.554487,17.185369"
1VWAP7A30JC123456,Volkswagen,2021,2025-11-29 05:21:27.791390,68,20006,"70.7925375,-142.789888"
3AKJGLD54JSC12345,Freightliner,2022,2025-11-29 21:13:33.146056,58,10000,"-81.273759,-93.817461"
1V2NC9JX5JC123456,Volvo,2022,2025-11-29 01:45:11.083298,81,13569,"21.4675425,49.774081"
3GCUKREC0FG893480,Chevrolet,2025,2025-11-29 05:27:10.815371,86,3926,"88.699904,86.493558"
3GCUKREC0FG893480,Chevrolet,2025,2025-11-29 09:10:06.697697,86,3932,"-48.9890595,54.814726"
1V2NC9JX5JC123456,Volvo,2022,2025-11-29 21:22:28.251955,86,13562,"74.907846,-99.956367"
1XKAD49X7JJ123456,Kenworth,2015,2025-11-29 05:00:02.582735,115,60005,"-76.376926,52.929691"
1V2NC9JX5JC123456,Volvo,2022,2025-11-29 06:15:05.281454,25,13562,"-31.0961495,150.863708"
6FDUF4GY1JSC12345,Scania,2016,2025-11-29 12:14:39.228267,68,50004,"43.0173895,172.809493"
3GCUKREC0FG893480,Chevrolet,2025,2025-11-29 15:34:11.661121,118,3927,"-48.9994455,-108.275202"
1VWAP7A30JC123456,Volkswagen,2021,2025-11-29 02:43:53.827625,10,20010,"17.9607295,156.768454"
6FDUF4GY1JSC12345,Scania,2016,2025-11-29 23:12:38.986592,49,50008,"-4.255403,-25.939332"
3AKJGLD54JSC12345,Freightliner,2022,2025-11-29 04:11:32.442531,13,10005,"31.8591485,-14.192121"
1VWAP7A30JC123456,Volkswagen,2021,2025-11-29 14:11:17.415366,24,20009,"11.4836625,-2.341345"
LZB12345678901234,FAW,2023,2025-11-29 18:17:27.304935,99,8009,"-9.431299,-151.494555"
3GCUKREC0FG893480,Chevrolet,2025,2025-11-29 13:37:17.825548,95,3927,"83.0520995,53.253591"
WDBUF56X98B123456,Mercedes-Benz,2017,2025-11-29 14:32:30.630533,18,40004,"82.007808,105.977059"
3GCUKREC0FG123456,Chevrolet,2024,2025-11-29 04:54:46.211241,97,4008,"63.077450,15.868970"
6FDUF4GY1JSC12345,Scania,2016,2025-11-29 15:26:29.387402,87,50005,"-86.195095,94.293578"
WDBUF56X98B123456,Mercedes-Benz,2017,2025-11-29 02:09:43.744254,98,40009,"1.3613645,-125.439838"
F654J5DV77JS98654,Ford,2023,2025-11-29 19:09:28.427795,115,22116,"-86.9832245,132.343439"
1VWAP7A30JC123456,Volkswagen,2021,2025-11-29 01:00:04.217785,99,20000,"77.625917,39.992091"
1V2NC9JX5JC962225,Volvo,2022,2025-11-30 00:18:39.930480,28,11053,"55.9415465,-100.036183"
1V2NC9JX5JC123456,Volvo,2022,2025-11-29 21:50:37.292366,37,13565,"58.2690595,-105.691557"
1XKAD49X7JJ123456,Kenworth,2015,2025-11-29 04:48:20.866639,106,60007,"6.4638085,-153.542305"
1XKAD49X7JJ123456,Kenworth,2015,2025-11-29 04:32:36.340275,85,60005,"-20.0164625,93.011859"
LZB12345678901234,FAW,2023,2025-11-29 16:21:45.748626,83,8003,"-45.5175295,-111.888415"
3GCUKREC0FG893480,Chevrolet,2025,2025-11-29 09:54:00.444298,88,3925,"-10.291996,159.867642"
F654J5DV77JS46566,Ford,2024,2025-11-29 14:12:38.583712,35,19625,"-74.8724495,65.506347"
1XKAD49X7JJ123456,Kenworth,2015,2025-11-29 22:46:24.668612,41,60003,"-19.2804295,-135.697559"
1V2NC9JX5JC962225,Volvo,2022,2025-11-29 21:42:36.954122,29,11051,"-31.867432,23.171365"
F654J5DV77JS46566,Ford,2024,2025-11-29 14:14:43.676956,35,19617,"-41.8949845,58.021254"
F654J5DV77JS46566,Ford,2024,2025-11-29 19:38:09.767757,2,19615,"73.480642,60.050114"
WDBUF56X98B123456,Mercedes-Benz,2017,2025-11-29 21:37:16.717550,64,40008,"-6.7921775,-179.542429"
1V2NC9JX5JC123456,Volvo,2022,2025-11-29 18:40:58.335178,70,13567,"-11.925639,48.012020"
3AKJGLD54JSC12345,Freightliner,2022,2025-11-29 00:42:27.040079,1,10005,"37.395299,-134.088122"
6FDUF4GY1JSC12345,Scania,2016,2025-11-29 20:17:38.179296,26,50002,"-7.2854805,-82.693223"
LZB12345678901234,FAW,2023,2025-11-29 17:43:33.105166,50,8005,"28.9368035,65.721357"
3GCUKREC0FG123456,Chevrolet,2024,2025-11-29 20:51:12.362344,72,4009,"8.363492,163.866763"
F654J5DV77JS98654,Ford,2023,2025-11-29 21:51:31.659088,112,22108,"61.6331195,-134.511295"
3GCUKREC0FG893480,Chevrolet,2025,2025-11-29 21:16:11.953889,46,3931,"-77.694954,-30.009295"
1V2NC9JX5JC962225,Volvo,2022,2025-11-29 23:04:42.398336,17,11053,"-66.1246995,140.079535"
3AKJGLD54JSC12345,Freightliner,2022,2025-11-29 02:34:20.899771,31,10005,"-66.4235465,-65.307469"
3GCUKREC0FG123456,Chevrolet,2024,2025-11-29 20:16:58.690595,92,3999,"-83.3168825,138.293141"
F654J5DV77JS46566,Ford,2024,2025-11-29 16:38:14.130150,34,19621,"39.3234865,-18.028582"
3GCUKREC0FG123456,Chevrolet,2024,2025-11-29 21:18:54.278213,17,4003,"-57.6742655,31.922582"
F654J5DV77JS98654,Ford,2023,2025-11-29 01:01:43.353688,90,22113,"-37.8760635,142.656086"
F654J5DV77JS46566,Ford,2024,2025-11-29 16:31:04.697987,35,19624,"54.7971345,-38.421689"
F654J5DV77JS98654,Ford,2023,2025-11-29 02:33:58.285799,20,22111,"70.640499,-143.386815"
3GCUKREC0FG123456,Chevrolet,2024,2025-11-29 18:32:43.578085,33,4002,"-82.644652,142.358282"
1XKAD49X7JJ123456,Kenworth,2015,2025-11-29 14:30:18.492650,90,60007,"-6.032775,137.833287"
3GCUKREC0FG123456,Chevrolet,2024,2025-11-29 00:57:01.218295,11,4002,"-86.385283,9.800990"
WDBUF56X98B123456,Mercedes-Benz,2017,2025-11-29 14:23:46.413903,23,40010,"-48.2690875,-136.706766"
1V2NC9JX5JC123456,Volvo,2022,2025-11-29 16:04:15.029838,93,13561,"-85.648770,12.546466"
F654J5DV77JS46566,Ford,2024,2025-11-29 18:11:30.540571,79,19617,"-3.6028115,166.460885"
F654J5DV77JS46566,Ford,2024,2025-11-29 08:37:58.835562,50,19625,"-64.7649905,-22.702594"
F654J5DV77JS46566,Ford,2024,2025-11-29 14:06:29.982689,49,19616,"-68.7752495,150.829066"
LZB12345678901234,FAW,2023,2025-11-29 16:15:25.829981,105,8005,"-42.6700505,-157.156893"
1V2NC9JX5JC962225,Volvo,2022,2025-11-29 18:20:49.788057,53,11059,"-74.099313,32.285616"
6FDUF4GY1JSC12345,Scania,2016,2025-11-29 08:49:50.959629,29,50007,"-12.142595,144.430443"
F654J5DV77JS46566,Ford,2024,2025-11-29 06:58:24.987577,49,19619,"9.0912245,86.819100"
1V2NC9JX5JC123456,Volvo,2022,2025-11-29 07:25:04.186215,93,13565,"-0.525746,174.487478"
3AKJGLD54JSC12345,Freightliner,2022,2025-11-29 23:33:11.403525,14,10005,"-85.490216,65.905000"
1XKAD49X7JJ123456,Kenworth,2015,2025-11-29 08:33:56.168600,22,60005,"25.8728705,-107.597337"
LZB12345678901234,FAW,2023,2025-11-29 06:43:53.672551,85,8010,"48.790011,-120.689852"
1V2NC9JX5JC962225,Volvo,2022,2025-11-29 12:26:50.285631,64,11055,"-83.0503425,-127.099033"
1XKAD49X7JJ123456,Kenworth,2015,2025-11-29 18:22:10.732374,108,60005,"-8.9930875,177.957188"
F654J5DV77JS46566,Ford,2024,2025-11-30 00:13:05.435076,55,19621,"-86.711642,131.465744"
1VWAP7A30JC123456,Volkswagen,2021,2025-11-29 22:34:15.270124,103,20004,"-62.6159255,-92.122836"
3GCUKREC0FG893480,Chevrolet,2025,2025-11-29 17:51:41.710847,0,3931,"3.122499,-0.027442"
1V2NC9JX5JC123456,Volvo,2022,2025-11-30 00:25:33.063013,71,13562,"-26.523461,-135.605677"
F654J5DV77JS46566,Ford,2024,2025-11-29 22:23:20.667219,84,19618,"2.4807365,134.442561"
LZB12345678901234,FAW,2023,2025-11-29 07:18:38.572770,6,8003,"83.498181,-39.913100"
LZB12345678901234,FAW,2023,2025-11-29 08:00:10.782862,10,8004,"-57.9482775,-80.983376"
1V2NC9JX5JC123456,Volvo,2022,2025-11-30 00:06:09.383179,53,13563,"-73.816404,173.044502"
3AKJGLD54JSC12345,Freightliner,2022,2025-11-29 19:27:34.108536,93,10006,"-20.493525,-85.844304"
1XKAD49X7JJ123456,Kenworth,2015,2025-11-29 12:32:39.693547,112,60009,"-25.8456685,-13.130783"
1V2NC9JX5JC123456,Volvo,2022,2025-11-29 16:21:17.508010,53,13566,"-44.5858625,9.564258"
F654J5DV77JS98654,Ford,2023,2025-11-29 03:43:17.209944,40,22110,"-29.0354395,-136.804743"
F654J5DV77JS46566,Ford,2024,2025-11-29 11:56:11.413338,61,19617,"-70.5819495,114.848911"
1XKAD49X7JJ123456,Kenworth,2015,2025-11-29 03:44:51.807100,73,60004,"-53.3971795,-90.593604"
6FDUF4GY1JSC12345,Scania,2016,2025-11-29 09:04:47.437819,111,50006,"-51.074253,-40.722915"
F654J5DV77JS46566,Ford,2024,2025-11-29 22:58:52.716492,115,19625,"-2.403521,160.186469"
3AKJGLD54JSC12345,Freightliner,2022,2025-11-29 01:43:00.519033,39,10010,"38.517885,-34.080515"
3AKJGLD54JSC12345,Freightliner,2022,2025-11-29 05:52:14.521808,41,10010,"-9.917066,23.816163"
F654J5DV77JS98654,Ford,2023,2025-11-29 10:02:34.163108,93,22113,"-35.049853,175.593213"
3GCUKREC0FG893480,Chevrolet,2025,2025-11-29 10:27:48.291332,14,3935,"59.693996,136.464699"
3GCUKREC0FG893480,Chevrolet,2025,2025-11-29 15:34:52.681944,43,3926,"-31.376206,67.303048"
6FDUF4GY1JSC12345,Scania,2016,2025-11-29 04:39:56.545244,81,50010,"-23.5872145,66.580581"
1XKAD49X7JJ123456,Kenworth,2015,2025-11-29 07:44:30.197715,109,60010,"-45.421779,172.163841"
LZB12345678901234,FAW,2023,2025-11-29 02:21:27.608925,76,8009,"16.2830855,82.995905"
3AKJGLD54JSC12345,Freightliner,2022,2025-11-29 10:40:01.672504,16,10006,"-84.355939,145.184638"
1V2NC9JX5JC123456,Volvo,2022,2025-11-29 16:15:11.045990,46,13570,"-83.574164,161.077711"
F654J5DV77JS98654,Ford,2023,2025-11-29 01:13:32.152627,41,22109,"76.787370,-19.579079"
1VWAP7A30JC123456,Volkswagen,2021,2025-11-29 06:47:58.757816,108,20000,"-51.754005,-81.087367"
3GCUKREC0FG893480,Chevrolet,2025,2025-11-29 18:46:30.039135,5,3934,"63.347134,-136.709767"
3AKJGLD54JSC12345,Freightliner,2022,2025-11-29 04:51:16.511457,6,10004,"84.158840,-35.182045"
F654J5DV77JS98654,Ford,2023,2025-11-29 03:05:44.339811,73,22112,"68.2973555,-150.861611"
WDBUF56X98B123456,Mercedes-Benz,2017,2025-11-29 10:42:41.058406,85,40000,"-22.926453,-9.715992"
3GCUKREC0FG893480,Chevrolet,2025,2025-11-29 19:33:32.161928,79,3931,"-42.106235,135.735129"
WDBUF56X98B123456,Mercedes-Benz,2017,2025-11-29 18:58:27.816047,88,40004,"35.250202,-30.791972"
3GCUKREC0FG893480,Chevrolet,2025,2025-11-29 16:57:04.428009,95,3927,"-60.7526465,162.837825"
LZB12345678901234,FAW,2023,2025-11-29 04:11:20.212535,50,8009,"50.3966755,163.193965"
1V2NC9JX5JC962225,Volvo,2022,2025-11-30 00:13:11.878993,62,11057,"63.6910205,147.528936"
3AKJGLD54JSC12345,Freightliner,2022,2025-11-29 01:36:47.171337,12,10009,"35.012900,143.597363"
6FDUF4GY1JSC12345,Scania,2016,2025-11-29 18:43:57.066337,33,50007,"-64.6473345,-126.306136"
1XKAD49X7JJ123456,Kenworth,2015,2025-11-29 10:48:05.338015,40,60000,"-6.8935755,-113.510054"
F654J5DV77JS46566,Ford,2024,2025-11-29 02:56:30.116630,20,19622,"-12.8385705,-39.417560"
WDBUF56X98B123456,Mercedes-Benz,2017,2025-11-29 22:21:25.997738,91,40010,"69.680242,40.106165"
F654J5DV77JS98654,Ford,2023,2025-11-29 05:10:46.539598,68,22115,"82.6378095,118.778797"
1VWAP7A30JC123456,Volkswagen,2021,2025-11-29 12:47:29.078713,10,20004,"-20.3005235,-144.368878"
6FDUF4GY1JSC12345,Scania,2016,2025-11-29 18:04:05.888406,109,50006,"-50.9260795,-70.272496"
6FDUF4GY1JSC12345,Scania,2016,2025-11-29 06:11:59.600096,67,50001,"72.227076,178.921155"
3GCUKREC0FG123456,Chevrolet,2024,2025-11-29 06:18:39.460435,112,4003,"-68.2530545,13.851836"
F654J5DV77JS98654,Ford,2023,2025-11-29 21:38:27.018233,85,22106,"50.1991325,40.075297"
3AKJGLD54JSC12345,Freightliner,2022,2025-11-29 23:01:24.183060,77,10000,"36.005720,-52.137841"
F654J5DV77JS98654,Ford,2023,2025-11-29 14:12:26.748227,100,22108,"8.5824165,115.607868"
3GCUKREC0FG123456,Chevrolet,2024,2025-11-29 02:00:16.870388,77,4000,"25.7587375,1.747668"
1VWAP7A30JC123456,Volkswagen,2021,2025-11-29 19:22:46.426959,111,20005,"-42.405196,-25.550942"
6FDUF4GY1JSC12345,Scania,2016,2025-11-29 03:56:19.545290,104,50004,"-31.379236,155.675620"
1V2NC9JX5JC962225,Volvo,2022,2025-11-29 21:19:21.076767,48,11053,"-48.762015,-25.678073"
LZB12345678901234,FAW,2023,2025-11-29 04:41:02.578010,89,8001,"-62.619340,-33.494079"
1XKAD49X7JJ123456,Kenworth,2015,2025-11-29 03:20:54.697911,24,60010,"83.477705,48.502215"
1V2NC9JX5JC123456,Volvo,2022,2025-11-29 19:28:53.189286,5,13561,"59.613103,-124.744828"
1VWAP7A30JC123456,Volkswagen,2021,2025-11-29 08:44:15.125919,92,20001,"82.318825,114.400305"
3AKJGLD54JSC12345,Freightliner,2022,2025-11-29 02:05:51.611378,35,10009,"-89.017549,37.055138"
1V2NC9JX5JC962225,Volvo,2022,2025-11-29 04:56:35.816387,72,11051,"-3.489528,119.008143"
1XKAD49X7JJ123456,Kenworth,2015,2025-11-29 17:34:13.519400,116,60002,"87.7042575,-104.564540"
F654J5DV77JS98654,Ford,2023,2025-11-29 08:46:33.254073,41,22114,"-45.1935455,-137.111467"
1XKAD49X7JJ123456,Kenworth,2015,2025-11-29 01:54:04.384621,69,60007,"8.0506005,-39.660978"
3AKJGLD54JSC12345,Freightliner,2022,2025-11-29 18:12:12.049062,5,10010,"-58.339821,77.374681"
LZB12345678901234,FAW,2023,2025-11-29 20:39:26.987151,43,8003,"73.2659455,-37.212111"
3GCUKREC0FG123456,Chevrolet,2024,2025-11-29 22:45:40.385399,34,4008,"69.489602,136.582236"
6FDUF4GY1JSC12345,Scania,2016,2025-11-29 23:28:19.932596,6,50001,"86.1856085,-113.916408"
F654J5DV77JS98654,Ford,2023,2025-11-29 01:06:52.879736,20,22115,"37.442287,-105.083698"
1VWAP7A30JC123456,Volkswagen,2021,2025-11-29 12:23:30.620280,100,20002,"-26.9347385,159.717719"
3GCUKREC0FG123456,Chevrolet,2024,2025-11-29 14:06:31.013491,94,4001,"33.226832,159.819896"
3GCUKREC0FG893480,Chevrolet,2025,2025-11-29 09:20:46.562479,31,3934,"78.032225,-135.415795"
1XKAD49X7JJ123456,Kenworth,2015,2025-11-29 19:39:39.262163,73,60005,"-37.5239185,-18.955281"
LZB12345678901234,FAW,2023,2025-11-29 01:03:37.156485,70,8008,"-78.8465025,-152.361053"
3GCUKREC0FG893480,Chevrolet,2025,2025-11-29 15:04:17.426517,88,3927,"-19.730443,63.204415"
6FDUF4GY1JSC12345,Scania,2016,2025-11-29 23:53:57.310017,52,50006,"71.358307,-19.460697"
LZB12345678901234,FAW,2023,2025-11-29 17:53:25.987264,90,8004,"34.8601715,-23.804701"
3GCUKREC0FG893480,Chevrolet,2025,2025-11-29 13:45:11.287116,97,3929,"50.7060155,-148.873575"
1XKAD49X7JJ123456,Kenworth,2015,2025-11-29 06:06:30.126798,2,60009,"80.015975,-0.736993"
6FDUF4GY1JSC12345,Scania,2016,2025-11-29 14:23:55.755350,12,50000,"-52.319540,100.164935"
3GCUKREC0FG123456,Chevrolet,2024,2025-11-29 10:21:59.909181,39,4001,"13.8745405,47.478181"
1VWAP7A30JC123456,Volkswagen,2021,2025-11-29 08:51:15.438268,93,20010,"-45.120734,161.092681"
1XKAD49X7JJ123456,Kenworth,2015,2025-11-29 15:24:57.943972,36,60003,"55.6760355,104.322802"
1VWAP7A30JC123456,Volkswagen,2021,2025-11-29 21:36:33.591691,71,20002,"11.012595,-106.389601"
F654J5DV77JS98654,Ford,2023,2025-11-29 05:22:21.618248,19,22111,"38.243511,114.773631"
1V2NC9JX5JC123456,Volvo,2022,2025-11-29 09:58:13.722145,100,13570,"77.017704,41.872378"
3GCUKREC0FG123456,Chevrolet,2024,2025-11-29 04:16:43.151159,8,4004,"67.230678,151.020409"
LZB12345678901234,FAW,2023,2025-11-29 07:39:49.209970,58,8005,"18.8746205,-33.555762"
3GCUKREC0FG893480,Chevrolet,2025,2025-11-29 12:45:19.963075,69,3932,"-26.758515,129.292168"
3AKJGLD54JSC12345,Freightliner,2022,2025-11-29 09:59:18.643254,39,10007,"-37.3127895,-28.895908"
1V2NC9JX5JC123456,Volvo,2022,2025-11-29 08:33:46.366266,6,13567,"-79.8156565,87.182628"
F654J5DV77JS98654,Ford,2023,2025-11-29 22:12:50.882416,26,22116,"21.4363595,-69.169243"
LZB12345678901234,FAW,2023,2025-11-29 07:19:09.413809,19,8003,"-22.148305,49.485690"
WDBUF56X98B123456,Mercedes-Benz,2017,2025-11-29 07:20:57.263965,82,40007,"72.1728735,29.357001"
F654J5DV77JS46566,Ford,2024,2025-11-29 12:45:20.518323,87,19616,"-34.1566585,163.794741"
1VWAP7A30JC123456,Volkswagen,2021,2025-11-29 15:34:44.758788,37,20004,"74.985138,119.188343"
1V2NC9JX5JC962225,Volvo,2022,2025-11-29 09:08:31.567692,67,11053,"-11.300965,132.545970"
WDBUF56X98B123456,Mercedes-Benz,2017,2025-11-29 03:45:15.358287,62,40010,"-68.610576,95.930569"
3GCUKREC0FG893480,Chevrolet,2025,2025-11-29 01:42:30.629806,40,3930,"-1.667424,143.378152"
1V2NC9JX5JC123456,Volvo,2022,2025-11-29 05:28:46.213666,76,13563,"87.2016445,-36.793310"
1V2NC9JX5JC962225,Volvo,2022,2025-11-29 07:25:35.162271,102,11057,"75.9528095,101.746114"
3GCUKREC0FG123456,Chevrolet,2024,2025-11-29 19:37:42.258495,39,4006,"20.406942,26.966871"
F654J5DV77JS98654,Ford,2023,2025-11-29 07:50:18.017994,27,22115,"-55.370443,-56.317958"
1XKAD49X7JJ123456,Kenworth,2015,2025-11-29 05:36:09.573842,94,60004,"76.2822785,70.292779"
1VWAP7A30JC123456,Volkswagen,2021,2025-11-29 02:45:29.358538,80,20001,"28.4427485,23.475264"
LZB12345678901234,FAW,2023,2025-11-29 10:56:49.159302,91,8007,"54.410724,70.884292"
1XKAD49X7JJ123456,Kenworth,2015,2025-11-29 19:56:18.023978,11,60005,"61.9323025,34.604145"
LZB12345678901234,FAW,2023,2025-11-29 08:33:27.307594,10,8007,"-86.019422,72.486656"
LZB12345678901234,FAW,2023,2025-11-30 00:08:29.515625,90,8005,"-8.8258535,-172.743811"
3AKJGLD54JSC12345,Freightliner,2022,2025-11-29 11:20:02.264209,13,10008,"79.655261,-167.463633"
1VWAP7A30JC123456,Volkswagen,2021,2025-11-29 20:56:06.306831,62,20002,"46.1664095,58.203860"
3GCUKREC0FG893480,Chevrolet,2025,2025-11-29 09:57:47.491497,41,3932,"84.2995765,-32.792511"
6FDUF4GY1JSC12345,Scania,2016,2025-11-29 19:13:56.154457,103,50003,"-8.939323,-38.921087"
1XKAD49X7JJ123456,Kenworth,2015,2025-11-29 02:39:59.663841,58,60005,"-16.019284,120.222947"
F654J5DV77JS98654,Ford,2023,2025-11-29 02:11:23.974801,40,22116,"-2.9639615,178.411602"
6FDUF4GY1JSC12345,Scania,2016,2025-11-29 14:16:32.334104,18,50004,"62.8586215,105.112807"
3AKJGLD54JSC12345,Freightliner,2022,2025-11-29 17:54:01.934767,87,10004,"21.0945655,75.317417"
3GCUKREC0FG893480,Chevrolet,2025,2025-11-29 02:25:27.214961,10,3927,"58.1467595,-138.381733"
1XKAD49X7JJ123456,Kenworth,2015,2025-11-29 15:32:55.460170,56,60000,"3.9846225,139.674942"
WDBUF56X98B123456,Mercedes-Benz,2017,2025-11-29 12:22:38.326367,37,40009,"23.2624215,7.593371"
LZB12345678901234,FAW,2023,2025-11-29 12:45:58.622373,115,8002,"73.9131595,40.857470"
1V2NC9JX5JC962225,Volvo,2022,2025-11-29 01:08:32.643468,107,11050,"-49.094602,-10.498314"
1XKAD49X7JJ123456,Kenworth,2015,2025-11-29 12:35:49.156808,96,60008,"27.148106,-31.541789"
1V2NC9JX5JC123456,Volvo,2022,2025-11-29 13:41:45.047960,56,13569,"71.8632555,-15.190001"
3AKJGLD54JSC12345,Freightliner,2022,2025-11-29 23:48:41.836418,96,10009,"42.6682785,146.659715"
1VWAP7A30JC123456,Volkswagen,2021,2025-11-29 20:33:43.419912,28,20004,"-56.4698675,94.942077"
3GCUKREC0FG123456,Chevrolet,2024,2025-11-29 20:28:00.832010,46,4008,"-45.858203,165.830164"
1V2NC9JX5JC962225,Volvo,2022,2025-11-29 14:48:35.841057,44,11052,"-60.713722,108.985726"
WDBUF56X98B123456,Mercedes-Benz,2017,2025-11-29 23:26:18.890388,29,40005,"5.628454,144.180866"
3AKJGLD54JSC12345,Freightliner,2022,2025-11-29 01:06:22.360312,61,10001,"86.683546,84.355124"
1XKAD49X7JJ123456,Kenworth,2015,2025-11-29 03:32:37.103101,76,60010,"-14.8604985,-38.674255"
1XKAD49X7JJ123456,Kenworth,2015,2025-11-29 03:14:47.000327,96,60004,"-6.918813,-140.490519"
3GCUKREC0FG123456,Chevrolet,2024,2025-11-29 21:35:55.252988,18,4008,"1.808868,32.103964"
1VWAP7A30JC123456,Volkswagen,2021,2025-11-29 23:52:42.243843,73,20009,"-6.351549,71.738791"
LZB12345678901234,FAW,2023,2025-11-29 16:15:03.775789,102,8003,"-81.170808,43.730350"
WDBUF56X98B123456,Mercedes-Benz,2017,2025-11-29 01:55:06.216871,31,40003,"49.249080,111.819165"
6FDUF4GY1JSC12345,Scania,2016,2025-11-29 14:53:35.545446,76,50005,"62.980331,-99.547694"
1VWAP7A30JC123456,Volkswagen,2021,2025-11-30 00:09:42.982373,85,20003,"12.403576,-126.607445"
F654J5DV77JS98654,Ford,2023,2025-11-29 02:56:32.191418,45,22106,"37.439299,128.685430"
1V2NC9JX5JC123456,Volvo,2022,2025-11-29 21:41:13.748753,69,13564,"38.226292,-33.253353"
1XKAD49X7JJ123456,Kenworth,2015,2025-11-29 01:11:17.910229,104,60009,"13.0915955,10.102916"
1V2NC9JX5JC962225,Volvo,2022,2025-11-29 07:31:15.142648,16,11055,"-37.7347705,90.661947"
LZB12345678901234,FAW,2023,2025-11-29 20:05:36.564089,118,8001,"42.1515525,144.093982"
6FDUF4GY1JSC12345,Scania,2016,2025-11-29 04:31:51.008376,28,50001,"36.294769,-46.591491"
F654J5DV77JS98654,Ford,2023,2025-11-29 13:05:58.886430,99,22109,"-16.7899975,-18.969533"
3GCUKREC0FG893480,Chevrolet,2025,2025-11-29 17:09:15.889039,6,3933,"-40.7948795,111.641718"
LZB12345678901234,FAW,2023,2025-11-29 07:03:57.788730,36,8003,"45.592249,-8.633765"
3GCUKREC0FG123456,Chevrolet,2024,2025-11-29 08:12:34.178110,78,4000,"-41.235442,-96.904702"
F654J5DV77JS46566,Ford,2024,2025-11-29 06:18:01.554845,53,19621,"88.1673845,179.283433"
WDBUF56X98B123456,Mercedes-Benz,2017,2025-11-29 13:41:04.268682,10,40001,"-52.8403675,34.592556"
F654J5DV77JS98654,Ford,2023,2025-11-29 03:27:57.204027,71,22111,"-37.5540405,44.493112"
WDBUF56X98B123456,Mercedes-Benz,2017,2025-11-29 10:46:03.169261,83,40008,"76.9399825,30.332547"
1VWAP7A30JC123456,Volkswagen,2021,2025-11-29 08:47:53.091537,98,20003,"34.435143,107.093758"
3GCUKREC0FG893480,Chevrolet,2025,2025-11-29 18:36:46.962009,36,3927,"21.967599,-26.608181"
3GCUKREC0FG123456,Chevrolet,2024,2025-11-29 17:03:29.992301,86,4001,"-29.746102,-107.502156"
6FDUF4GY1JSC12345,Scania,2016,2025-11-29 13:46:20.709224,63,50007,"71.016369,101.866218"
6FDUF4GY1JSC12345,Scania,2016,2025-11-29 20:32:53.056925,104,50010,"24.8762785,-14.887909"
3AKJGLD54JSC12345,Freightliner,2022,2025-11-29 11:52:04.519676,115,10001,"7.0467825,117.540796"
1XKAD49X7JJ123456,Kenworth,2015,2025-11-29 02:41:02.805809,11,60005,"71.4466985,-26.421154"
3GCUKREC0FG893480,Chevrolet,2025,2025-11-29 15:51:32.656820,103,3935,"-43.833844,142.908565"
F654J5DV77JS98654,Ford,2023,2025-11-29 06:07:55.040904,43,22112,"25.3811325,-104.302268"
6FDUF4GY1JSC12345,Scania,2016,2025-11-29 02:09:34.393796,37,50006,"-17.430952,-11.868111"
1V2NC9JX5JC962225,Volvo,2022,2025-11-29 05:06:49.786769,39,11053,"13.857520,-7.550299"
1V2NC9JX5JC123456,Volvo,2022,2025-11-29 01:04:31.460241,109,13566,"-74.358369,-83.797424"
F654J5DV77JS98654,Ford,2023,2025-11-29 14:17:37.778393,52,22113,"-76.237872,-23.353569"
LZB12345678901234,FAW,2023,2025-11-29 18:57:59.991261,72,8002,"35.7343675,-45.997754"
LZB12345678901234,FAW,2023,2025-11-29 01:16:28.784953,67,8010,"37.992222,1.916847"
F654J5DV77JS98654,Ford,2023,2025-11-29 13:42:23.593629,76,22109,"-85.881865,-167.671756"
1VWAP7A30JC123456,Volkswagen,2021,2025-11-29 03:42:09.716757,86,20002,"87.7468025,-134.727362"
1XKAD49X7JJ123456,Kenworth,2015,2025-11-29 02:26:27.921308,10,60002,"-47.8456425,121.627213"
1VWAP7A30JC123456,Volkswagen,2021,2025-11-29 11:30:54.006513,95,20008,"-10.634750,-141.857063"
1VWAP7A30JC123456,Volkswagen,2021,2025-11-29 08:39:24.473889,108,20006,"-27.745404,-80.197808"
F654J5DV77JS46566,Ford,2024,2025-11-29 08:07:15.345849,85,19616,"63.1334145,129.518128"
F654J5DV77JS98654,Ford,2023,2025-11-29 21:15:59.534616,31,22107,"-80.411856,95.454096"
1V2NC9JX5JC123456,Volvo,2022,2025-11-29 10:26:59.106630,20,13569,"50.5024935,28.033779"
WDBUF56X98B123456,Mercedes-Benz,2017,2025-11-29 15:01:08.356000,110,40004,"-13.851716,-166.406416"
3GCUKREC0FG893480,Chevrolet,2025,2025-11-29 14:36:40.296792,83,3932,"15.6249305,-114.352607"
3GCUKREC0FG893480,Chevrolet,2025,2025-11-29 10:51:46.809336,73,3925,"-77.558497,-20.300088"
F654J5DV77JS46566,Ford,2024,2025-11-29 19:57:08.316115,108,19615,"-40.997850,-26.712147"
1V2NC9JX5JC962225,Volvo,2022,2025-11-29 01:50:49.168712,63,11052,"-58.243668,15.817555"
1V2NC9JX5JC962225,Volvo,2022,2025-11-29 10:48:49.162835,77,11054,"-32.8830475,-22.130296"
WDBUF56X98B123456,Mercedes-Benz,2017,2025-11-29 04:11:45.130346,43,40000,"-4.057778,-162.656711"
3GCUKREC0FG893480,Chevrolet,2025,2025-11-29 10:58:25.304201,55,3925,"36.365881,52.199419"
WDBUF56X98B123456,Mercedes-Benz,2017,2025-11-29 02:56:12.328788,24,40010,"-89.563882,1.540052"
3AKJGLD54JSC12345,Freightliner,2022,2025-11-29 14:56:02.496342,55,10008,"-39.2559735,69.803740"
3GCUKREC0FG893480,Chevrolet,2025,2025-11-29 12:59:17.146306,84,3930,"55.4460555,-156.293927"
LZB12345678901234,FAW,2023,2025-11-29 19:09:00.301748,77,8006,"45.8973305,-26.184701"
F654J5DV77JS46566,Ford,2024,2025-11-30 00:01:21.151464,40,19622,"83.0486245,135.385506"
WDBUF56X98B123456,Mercedes-Benz,2017,2025-11-29 08:19:05.395499,70,40008,"37.3678405,117.488837"
1XKAD49X7JJ123456,Kenworth,2015,2025-11-29 03:57:30.130429,32,60009,"40.1857975,-158.655304"
F654J5DV77JS98654,Ford,2023,2025-11-29 18:38:16.487239,119,22109,"85.5347155,-24.178787"
LZB12345678901234,FAW,2023,2025-11-29 19:03:13.076437,43,8001,"-1.562155,-110.877637"
F654J5DV77JS98654,Ford,2023,2025-11-29 15:09:13.405535,102,22107,"-8.127820,79.388957"
1V2NC9JX5JC123456,Volvo,2022,2025-11-29 02:27:42.138798,32,13567,"-44.9954345,-131.565144"
6FDUF4GY1JSC12345,Scania,2016,2025-11-29 08:54:01.059883,100,50000,"57.525837,-100.374312"
3AKJGLD54JSC12345,Freightliner,2022,2025-11-29 05:36:12.467610,3,10004,"-39.730135,109.682486"
1V2NC9JX5JC962225,Volvo,2022,2025-11-29 12:36:07.900050,74,11053,"10.2382795,-141.705982"
3AKJGLD54JSC12345,Freightliner,2022,2025-11-29 16:50:36.906644,81,10001,"-47.5524565,-160.350452"
1VWAP7A30JC123456,Volkswagen,2021,2025-11-29 02:52:20.692261,113,20010,"9.4050355,18.318639"
LZB12345678901234,FAW,2023,2025-11-29 17:43:27.916094,66,8001,"-25.424367,48.143741"
LZB12345678901234,FAW,2023,2025-11-29 19:00:37.729152,50,8004,"-31.4275405,77.678277"
1XKAD49X7JJ123456,Kenworth,2015,2025-11-29 07:47:04.885440,100,60003,"45.3399415,163.962334"
1V2NC9JX5JC123456,Volvo,2022,2025-11-29 08:40:11.730801,98,13561,"86.5124455,-45.860545"
1V2NC9JX5JC962225,Volvo,2022,2025-11-29 07:17:00.200857,96,11050,"85.724812,148.912561"
F654J5DV77JS98654,Ford,2023,2025-11-29 22:30:55.913288,119,22108,"-84.794023,161.987678"
6FDUF4GY1JSC12345,Scania,2016,2025-11-29 20:24:17.306246,92,50003,"-41.4659415,127.533719"
LZB12345678901234,FAW,2023,2025-11-29 17:18:56.522324,72,8006,"-50.772552,-100.778131"
1V2NC9JX5JC962225,Volvo,2022,2025-11-29 16:26:53.634823,94,11054,"3.010493,80.988525"
F654J5DV77JS98654,Ford,2023,2025-11-29 08:18:37.737231,51,22116,"84.4096275,-24.576012"
1V2NC9JX5JC123456,Volvo,2022,2025-11-29 16:55:43.185641,62,13567,"-16.4071755,161.974351"
LZB12345678901234,FAW,2023,2025-11-29 19:38:08.495251,99,8006,"24.897756,-143.407987"
1V2NC9JX5JC123456,Volvo,2022,2025-11-29 21:13:20.534678,15,13560,"0.1183945,-115.582496"
LZB12345678901234,FAW,2023,2025-11-29 01:08:05.712521,50,8000,"-31.9945095,-126.442936"
3GCUKREC0FG123456,Chevrolet,2024,2025-11-29 22:58:47.977534,34,4006,"-15.428528,24.248662"
1XKAD49X7JJ123456,Kenworth,2015,2025-11-29 09:14:09.698191,106,60005,"71.369341,-131.456944"
1V2NC9JX5JC962225,Volvo,2022,2025-11-29 01:39:10.850198,53,11056,"72.7598415,140.629468"
F654J5DV77JS46566,Ford,2024,2025-11-29 08:57:27.774603,76,19620,"49.016570,33.191522"
6FDUF4GY1JSC12345,Scania,2016,2025-11-29 09:45:00.774332,86,50010,"88.7934105,-177.893231"
1XKAD49X7JJ123456,Kenworth,2015,2025-11-29 10:06:12.534501,3,60009,"-8.1649535,44.970789"
F654J5DV77JS98654,Ford,2023,2025-11-29 11:02:23.102353,56,22111,"-52.154483,114.729177"
1V2NC9JX5JC962225,Volvo,2022,2025-11-29 06:35:32.706743,100,11058,"-11.131689,153.555701"
F654J5DV77JS46566,Ford,2024,2025-11-29 19:58:16.403005,67,19615,"-75.708925,-136.572672"
LZB12345678901234,FAW,2023,2025-11-29 18:08:34.341677,114,8006,"-62.104536,25.653558"
1VWAP7A30JC123456,Volkswagen,2021,2025-11-29 15:33:00.541723,106,20004,"-75.190145,122.293885"
1VWAP7A30JC123456,Volkswagen,2021,2025-11-30 00:27:00.839620,97,20000,"-41.633426,-64.665736"
1V2NC9JX5JC962225,Volvo,2022,2025-11-29 14:51:52.795201,28,11050,"-67.7817045,-42.909150"
3AKJGLD54JSC12345,Freightliner,2022,2025-11-29 02:47:07.052106,63,10003,"89.5166355,121.175778"
F654J5DV77JS98654,Ford,2023,2025-11-29 08:39:39.122247,102,22107,"3.4361465,82.945972"
3AKJGLD54JSC12345,Freightliner,2022,2025-11-29 18:59:12.357948,114,10004,"-42.450510,-153.798916"
3GCUKREC0FG893480,Chevrolet,2025,2025-11-29 05:44:09.837876,61,3933,"21.6223375,115.382434"
3GCUKREC0FG893480,Chevrolet,2025,2025-11-29 01:41:06.681004,75,3928,"70.261060,-98.010232"
LZB12345678901234,FAW,2023,2025-11-29 07:25:20.333743,26,8000,"-88.5391715,-85.825859"
3AKJGLD54JSC12345,Freightliner,2022,2025-11-29 08:31:30.771639,16,10006,"-66.888017,-95.011983"
F654J5DV77JS98654,Ford,2023,2025-11-29 13:59:47.153146,36,22113,"-80.9358555,-35.160528"
1V2NC9JX5JC123456,Volvo,2022,2025-11-29 09:34:48.363212,13,13566,"54.5308525,141.908576"
WDBUF56X98B123456,Mercedes-Benz,2017,2025-11-29 06:53:30.568255,21,40001,"41.5836395,-56.904778"
WDBUF56X98B123456,Mercedes-Benz,2017,2025-11-29 18:07:22.688820,91,40009,"37.5462935,-46.356380"
F654J5DV77JS46566,Ford,2024,2025-11-29 21:29:15.084102,9,19625,"85.348414,54.745590"
6FDUF4GY1JSC12345,Scania,2016,2025-11-29 10:15:31.688106,96,50009,"7.786975,70.774184"
F654J5DV77JS98654,Ford,2023,2025-11-29 06:29:18.651080,106,22115,"41.7383795,-81.345653"
3GCUKREC0FG123456,Chevrolet,2024,2025-11-29 22:13:19.652811,50,4009,"-37.054630,49.184174"
3GCUKREC0FG123456,Chevrolet,2024,2025-11-29 02:53:36.913462,3,4003,"27.980298,5.754237"
1V2NC9JX5JC123456,Volvo,2022,2025-11-29 10:58:27.599114,74,13562,"-8.766630,58.211855"
1VWAP7A30JC123456,Volkswagen,2021,2025-11-29 03:52:45.458627,54,20003,"53.546913,-128.947390"
F654J5DV77JS46566,Ford,2024,2025-11-29 17:50:31.497837,37,19616,"72.008285,98.596730"
1V2NC9JX5JC123456,Volvo,2022,2025-11-29 15:07:23.646992,20,13570,"-31.6315225,-146.322303"
1XKAD49X7JJ123456,Kenworth,2015,2025-11-29 20:05:09.417959,63,60007,"59.056445,53.159954"
F654J5DV77JS98654,Ford,2023,2025-11-29 02:44:33.672911,11,22111,"-47.7452065,-75.481083"
F654J5DV77JS46566,Ford,2024,2025-11-29 03:27:14.157764,63,19624,"57.033881,-92.102790"
F654J5DV77JS46566,Ford,2024,2025-11-29 04:15:36.603982,101,19615,"-68.153339,-106.535481"
WDBUF56X98B123456,Mercedes-Benz,2017,2025-11-29 07:56:44.556101,7,40001,"-27.951782,53.194824"
6FDUF4GY1JSC12345,Scania,2016,2025-11-29 01:16:30.697798,23,50001,"61.291771,-24.099586"
3GCUKREC0FG123456,Chevrolet,2024,2025-11-29 15:22:00.500163,5,4007,"-87.004019,-63.105518"
1V2NC9JX5JC123456,Volvo,2022,2025-11-29 15:53:03.325378,54,13568,"60.430467,-149.313554"
3GCUKREC0FG893480,Chevrolet,2025,2025-11-29 22:28:31.453437,42,3932,"-29.488339,178.633150"
1XKAD49X7JJ123456,Kenworth,2015,2025-11-29 17:26:22.506459,52,60000,"-32.339717,-174.103581"
F654J5DV77JS98654,Ford,2023,2025-11-29 04:04:29.668711,93,22111,"-65.928581,-65.290736"
1V2NC9JX5JC962225,Volvo,2022,2025-11-29 03:38:19.166761,69,11059,"-79.976005,137.576358"
F654J5DV77JS98654,Ford,2023,2025-11-29 11:09:25.390381,86,22109,"-54.608669,-96.742949"
1V2NC9JX5JC962225,Volvo,2022,2025-11-29 12:06:56.535172,55,11052,"13.5432665,-94.974698"
1VWAP7A30JC123456,Volkswagen,2021,2025-11-29 10:53:51.530700,117,20002,"72.8729765,-156.777065"
LZB12345678901234,FAW,2023,2025-11-29 10:30:53.521591,102,8007,"25.7495955,5.649539"
1V2NC9JX5JC962225,Volvo,2022,2025-11-29 01:09:58.457945,116,11059,"-52.877760,11.504736"
3GCUKREC0FG123456,Chevrolet,2024,2025-11-29 11:57:25.928463,45,4009,"67.3292675,69.368589"
WDBUF56X98B123456,Mercedes-Benz,2017,2025-11-29 21:09:03.945418,57,40009,"73.9720485,36.668050"
F654J5DV77JS98654,Ford,2023,2025-11-29 11:23:26.682168,112,22115,"-89.8922075,113.813464"
LZB12345678901234,FAW,2023,2025-11-29 15:27:58.760552,18,8009,"86.7384235,15.168404"
LZB12345678901234,FAW,2023,2025-11-29 03:05:08.439386,31,8002,"-34.5787315,28.069084"
WDBUF56X98B123456,Mercedes-Benz,2017,2025-11-30 00:34:33.219101,19,40005,"-26.545796,-70.386540"
WDBUF56X98B123456,Mercedes-Benz,2017,2025-11-29 20:26:23.635260,28,40010,"77.192608,159.326739"
WDBUF56X98B123456,Mercedes-Benz,2017,2025-11-29 21:03:08.334712,101,40003,"-68.3530805,150.583186"
WDBUF56X98B123456,Mercedes-Benz,2017,2025-11-29 07:21:49.507091,34,40007,"11.856854,-3.427004"
6FDUF4GY1JSC12345,Scania,2016,2025-11-29 19:21:10.260930,3,50002,"-36.489885,105.879747"
1VWAP7A30JC123456,Volkswagen,2021,2025-11-29 02:34:03.659211,107,20002,"65.9236505,-138.074096"
1V2NC9JX5JC962225,Volvo,2022,2025-11-29 18:51:02.861084,3,11051,"-85.230010,-90.545844"
3GCUKREC0FG893480,Chevrolet,2025,2025-11-29 09:58:40.842299,22,3925,"-89.8641845,84.374254"
WDBUF56X98B123456,Mercedes-Benz,2017,2025-11-29 04:08:19.028115,65,40007,"-32.5502495,-50.354768"
LZB12345678901234,FAW,2023,2025-11-29 08:10:38.636782,69,8010,"-30.943942,77.552453"
1XKAD49X7JJ123456,Kenworth,2015,2025-11-29 11:16:13.877252,90,60001,"-59.7616325,121.133682"
1V2NC9JX5JC962225,Volvo,2022,2025-11-29 08:40:16.886932,84,11054,"-67.8628865,-58.893650"
3AKJGLD54JSC12345,Freightliner,2022,2025-11-29 20:20:57.777039,98,10009,"-7.731284,85.324379"
LZB12345678901234,FAW,2023,2025-11-29 07:14:11.055750,74,8010,"-22.0242185,168.704786"
1XKAD49X7JJ123456,Kenworth,2015,2025-11-29 02:47:12.996642,76,60009,"58.7723275,159.248116"
3GCUKREC0FG123456,Chevrolet,2024,2025-11-29 11:42:17.401034,20,4008,"11.031074,-155.812610"
LZB12345678901234,FAW,2023,2025-11-29 06:32:43.570919,68,8001,"-0.891421,151.911406"
F654J5DV77JS46566,Ford,2024,2025-11-29 17:28:56.796109,18,19624,"53.766794,159.506594"
6FDUF4GY1JSC12345,Scania,2016,2025-11-29 05:47:41.417742,93,50005,"33.907238,-61.182081"
1V2NC9JX5JC123456,Volvo,2022,2025-11-29 10:50:35.565930,75,13568,"-57.102637,91.348301"
WDBUF56X98B123456,Mercedes-Benz,2017,2025-11-29 16:47:13.538711,110,40001,"-40.3446005,50.699671"
F654J5DV77JS46566,Ford,2024,2025-11-29 11:46:42.613396,58,19615,"86.5360475,43.369698"
3GCUKREC0FG123456,Chevrolet,2024,2025-11-29 18:27:11.854881,84,4002,"-21.670626,172.965187"
1VWAP7A30JC123456,Volkswagen,2021,2025-11-29 18:21:22.712652,71,20009,"29.701355,-117.441761"
3AKJGLD54JSC12345,Freightliner,2022,2025-11-29 21:17:56.644302,3,10010,"51.0418615,-142.782612"
3AKJGLD54JSC12345,Freightliner,2022,2025-11-29 11:54:22.566191,23,10007,"61.0657065,174.903944"
F654J5DV77JS46566,Ford,2024,2025-11-29 16:56:21.056512,6,19619,"-29.504458,-13.195017"
1V2NC9JX5JC123456,Volvo,2022,2025-11-29 20:28:21.140523,66,13563,"58.979841,-43.823225"
3GCUKREC0FG123456,Chevrolet,2024,2025-11-29 03:35:44.534571,83,4009,"-50.580551,-90.969057"
3GCUKREC0FG123456,Chevrolet,2024,2025-11-29 03:52:52.400659,92,4001,"33.265713,129.259648"
1V2NC9JX5JC962225,Volvo,2022,2025-11-29 06:52:13.618736,117,11057,"-70.570279,134.700511"
3GCUKREC0FG123456,Chevrolet,2024,2025-11-29 04:54:28.622004,97,4007,"-10.8058725,131.865275"
3GCUKREC0FG123456,Chevrolet,2024,2025-11-29 09:12:16.285429,68,4004,"63.378441,-69.048827"
3AKJGLD54JSC12345,Freightliner,2022,2025-11-29 17:51:24.464511,64,10009,"20.4938225,-175.710039"
3GCUKREC0FG123456,Chevrolet,2024,2025-11-29 14:54:32.172339,6,4001,"29.100126,175.132278"
1V2NC9JX5JC123456,Volvo,2022,2025-11-29 11:11:41.215157,86,13568,"6.9233465,-28.466037"
1V2NC9JX5JC962225,Volvo,2022,2025-11-29 19:48:22.489238,54,11051,"-89.1560735,7.571270"
LZB12345678901234,FAW,2023,2025-11-29 06:40:04.308403,20,8009,"27.483888,-10.768484"
LZB12345678901234,FAW,2023,2025-11-29 10:07:18.833171,24,8010,"12.514283,30.343239"
6FDUF4GY1JSC12345,Scania,2016,2025-11-29 16:05:32.839215,105,50007,"62.009851,-20.288522"
1VWAP7A30JC123456,Volkswagen,2021,2025-11-29 12:37:54.844688,16,20010,"14.8691435,112.977095"
F654J5DV77JS98654,Ford,2023,2025-11-29 19:18:53.923583,105,22106,"55.809669,-146.606113"
LZB12345678901234,FAW,2023,2025-11-29 15:20:31.725660,104,8008,"7.4200615,38.256432"
1VWAP7A30JC123456,Volkswagen,2021,2025-11-29 02:53:56.725467,97,20006,"65.413273,120.827830"
3AKJGLD54JSC12345,Freightliner,2022,2025-11-29 18:10:05.916637,25,10005,"34.430414,155.800960"
3GCUKREC0FG893480,Chevrolet,2025,2025-11-29 18:17:00.376064,17,3932,"-70.647342,-11.438656"
1VWAP7A30JC123456,Volkswagen,2021,2025-11-29 11:17:31.801152,47,20006,"13.0358175,171.657414"
1V2NC9JX5JC123456,Volvo,2022,2025-11-29 22:21:52.007168,39,13564,"-53.5149295,-127.664264"
1XKAD49X7JJ123456,Kenworth,2015,2025-11-29 23:08:20.428716,99,60003,"81.931517,109.386497"
F654J5DV77JS98654,Ford,2023,2025-11-29 20:56:12.939229,117,22111,"57.881433,-38.727299"
F654J5DV77JS46566,Ford,2024,2025-11-29 15:07:29.578014,34,19615,"-83.806660,-106.239833"
F654J5DV77JS46566,Ford,2024,2025-11-29 12:37:11.707185,88,19625,"15.2985235,97.392815"
F654J5DV77JS46566,Ford,2024,2025-11-29 22:38:01.357589,0,19618,"89.2219505,-125.001747"
WDBUF56X98B123456,Mercedes-Benz,2017,2025-11-29 14:24:14.736692,102,40009,"25.9034855,-0.128465"
F654J5DV77JS46566,Ford,2024,2025-11-29 14:52:15.928460,17,19625,"-24.997748,150.651285"
1VWAP7A30JC123456,Volkswagen,2021,2025-11-29 13:06:18.152250,83,20006,"73.5271135,14.480657"
F654J5DV77JS46566,Ford,2024,2025-11-29 10:40:16.881957,23,19617,"37.9505655,125.762162"
F654J5DV77JS98654,Ford,2023,2025-11-29 01:30:57.222557,46,22115,"46.693225,156.489871"
F654J5DV77JS98654,Ford,2023,2025-11-29 23:50:24.435936,22,22116,"54.045964,77.560447"
3GCUKREC0FG893480,Chevrolet,2025,2025-11-29 13:32:05.859736,71,3934,"-71.4085905,-83.566587"
1VWAP7A30JC123456,Volkswagen,2021,2025-11-29 14:24:39.284939,63,20003,"20.0341515,-54.258440"
6FDUF4GY1JSC12345,Scania,2016,2025-11-30 00:35:06.723094,45,50002,"63.7930475,-20.772983"
F654J5DV77JS98654,Ford,2023,2025-11-29 13:32:00.319738,95,22116,"-82.9765775,-98.784428"
6FDUF4GY1JSC12345,Scania,2016,2025-11-29 17:57:49.014151,19,50006,"-7.0354995,41.483213"
1V2NC9JX5JC962225,Volvo,2022,2025-11-29 20:45:58.910118,91,11056,"-44.4592625,-156.828805"
1V2NC9JX5JC123456,Volvo,2022,2025-11-29 01:34:45.641204,42,13567,"11.4512955,170.421681"
3AKJGLD54JSC12345,Freightliner,2022,2025-11-29 08:12:47.175304,10,10009,"6.5458345,-64.510504"
1XKAD49X7JJ123456,Kenworth,2015,2025-11-29 14:50:05.600570,23,60006,"-27.3702025,91.737105"
1V2NC9JX5JC962225,Volvo,2022,2025-11-29 15:58:08.454579,103,11057,"38.024258,20.687174"
F654J5DV77JS98654,Ford,2023,2025-11-29 11:29:16.270890,57,22109,"-74.1694645,145.767578"
1V2NC9JX5JC123456,Volvo,2022,2025-11-29 04:35:48.383242,104,13566,"-1.0221075,118.014861"
1V2NC9JX5JC962225,Volvo,2022,2025-11-29 16:27:24.179463,65,11054,"23.781987,152.644719"
3GCUKREC0FG893480,Chevrolet,2025,2025-11-29 18:17:35.015038,58,3925,"-50.2633295,19.679048"
3GCUKREC0FG123456,Chevrolet,2024,2025-11-29 12:47:48.732330,24,4007,"12.1079405,166.092772"
6FDUF4GY1JSC12345,Scania,2016,2025-11-29 11:14:56.485105,20,50007,"-70.259803,-38.995059"
3AKJGLD54JSC12345,Freightliner,2022,2025-11-29 09:59:07.290327,88,10010,"80.743590,163.357191"
1V2NC9JX5JC123456,Volvo,2022,2025-11-30 00:35:20.009083,7,13560,"-43.138149,49.076346"
LZB12345678901234,FAW,2023,2025-11-29 04:12:17.344793,20,8007,"-60.3049775,-102.932987"
WDBUF56X98B123456,Mercedes-Benz,2017,2025-11-29 18:14:33.718982,118,40010,"65.8608135,-41.995627"
1XKAD49X7JJ123456,Kenworth,2015,2025-11-29 11:16:39.444923,26,60000,"63.0498925,36.558565"
6FDUF4GY1JSC12345,Scania,2016,2025-11-29 06:18:00.950948,20,50010,"-55.2969235,156.638443"
3AKJGLD54JSC12345,Freightliner,2022,2025-11-29 14:06:31.518152,88,10006,"-45.9930365,28.970033"
WDBUF56X98B123456,Mercedes-Benz,2017,2025-11-29 18:27:31.363608,101,40008,"-78.997129,23.880901"
3AKJGLD54JSC12345,Freightliner,2022,2025-11-29 22:39:59.486524,5,10004,"34.927428,121.767823"
LZB12345678901234,FAW,2023,2025-11-29 10:24:00.662296,44,8010,"36.8747115,-120.648795"
LZB12345678901234,FAW,2023,2025-11-29 03:02:40.998151,43,8010,"22.129792,-80.358607"
3GCUKREC0FG123456,Chevrolet,2024,2025-11-29 12:10:28.001284,113,4008,"39.9895635,145.489826"
F654J5DV77JS98654,Ford,2023,2025-11-29 07:28:54.307129,38,22113,"27.450353,116.683724"
F654J5DV77JS46566,Ford,2024,2025-11-29 14:01:23.471280,13,19617,"-1.303976,-8.249002"
6FDUF4GY1JSC12345,Scania,2016,2025-11-29 04:07:24.320083,66,50004,"-45.7427505,-147.409938"
3GCUKREC0FG893480,Chevrolet,2025,2025-11-29 04:14:07.943309,6,3925,"-30.209409,35.371281"
3GCUKREC0FG123456,Chevrolet,2024,2025-11-29 13:48:29.271438,81,4006,"-32.8930095,-168.086839"
1XKAD49X7JJ123456,Kenworth,2015,2025-11-29 12:08:35.866233,81,60005,"69.906738,20.085396"
F654J5DV77JS98654,Ford,2023,2025-11-29 06:25:41.360007,120,22109,"-27.196125,166.812346"
3GCUKREC0FG893480,Chevrolet,2025,2025-11-29 02:21:47.785995,6,3930,"83.620919,61.906405"
F654J5DV77JS46566,Ford,2024,2025-11-29 13:55:24.639710,46,19617,"6.6273055,147.949273"
1V2NC9JX5JC123456,Volvo,2022,2025-11-29 20:50:39.192402,0,13564,"26.379090,83.088141"
LZB12345678901234,FAW,2023,2025-11-29 03:15:51.968995,51,8000,"69.461052,-76.043041"
1XKAD49X7JJ123456,Kenworth,2015,2025-11-29 10:14:55.846660,114,60007,"-14.0679225,172.966429"
1XKAD49X7JJ123456,Kenworth,2015,2025-11-29 02:46:40.520284,79,60004,"17.3265935,19.365626"
3GCUKREC0FG123456,Chevrolet,2024,2025-11-29 16:57:05.841985,88,4008,"56.319745,-14.961034"
6FDUF4GY1JSC12345,Scania,2016,2025-11-29 23:56:20.922749,85,50002,"-55.339637,-62.286640"
1V2NC9JX5JC962225,Volvo,2022,2025-11-29 14:09:59.410905,12,11050,"-52.748504,-114.113595"
F654J5DV77JS98654,Ford,2023,2025-11-29 06:35:47.852096,53,22110,"-1.4459025,73.113171"
1V2NC9JX5JC962225,Volvo,2022,2025-11-29 18:31:36.475520,52,11060,"11.7942015,-122.425666"
1V2NC9JX5JC962225,Volvo,2022,2025-11-29 12:13:01.418406,33,11056,"-84.621674,122.952244"
3AKJGLD54JSC12345,Freightliner,2022,2025-11-29 20:17:10.679895,94,10001,"50.1583015,163.207336"
1VWAP7A30JC123456,Volkswagen,2021,2025-11-29 08:45:01.895401,73,20000,"76.227565,51.196113"
F654J5DV77JS98654,Ford,2023,2025-11-29 01:11:32.845069,14,22115,"-53.409237,18.739625"
3GCUKREC0FG893480,Chevrolet,2025,2025-11-29 15:13:21.858938,64,3933,"-20.826682,-132.241320"
6FDUF4GY1JSC12345,Scania,2016,2025-11-29 01:10:15.056303,76,50000,"71.940144,-67.790779"
1XKAD49X7JJ123456,Kenworth,2015,2025-11-30 00:51:42.221971,11,60000,"89.819864,67.295204"
1V2NC9JX5JC962225,Volvo,2022,2025-11-29 16:56:48.172515,47,11055,"36.487386,65.973105"
1XKAD49X7JJ123456,Kenworth,2015,2025-11-29 19:13:17.592734,14,60009,"-24.460536,73.627797"
3AKJGLD54JSC12345,Freightliner,2022,2025-11-29 11:55:37.354499,13,10005,"81.4631315,10.394895"
3GCUKREC0FG893480,Chevrolet,2025,2025-11-29 18:02:35.514257,111,3927,"37.8653655,166.048381"
1XKAD49X7JJ123456,Kenworth,2015,2025-11-29 03:20:16.369721,49,60010,"-55.681294,134.634891"
6FDUF4GY1JSC12345,Scania,2016,2025-11-29 06:21:06.723777,51,50000,"12.004846,-97.744167"
3GCUKREC0FG893480,Chevrolet,2025,2025-11-29 09:12:43.400069,14,3928,"-86.733562,126.135083"
1VWAP7A30JC123456,Volkswagen,2021,2025-11-29 08:26:21.751145,86,20008,"-21.838724,-102.592406"
1V2NC9JX5JC123456,Volvo,2022,2025-11-29 22:25:40.491498,50,13560,"41.4530675,-17.934640"
1VWAP7A30JC123456,Volkswagen,2021,2025-11-29 22:56:14.656131,102,20000,"86.1286015,88.859640"
3AKJGLD54JSC12345,Freightliner,2022,2025-11-29 05:48:35.207057,98,10003,"58.2713315,-74.414726"
1VWAP7A30JC123456,Volkswagen,2021,2025-11-29 21:21:29.393722,59,20006,"-15.0171845,-156.435146"
1V2NC9JX5JC962225,Volvo,2022,2025-11-29 14:45:57.968361,73,11053,"47.0946705,-71.258533"
F654J5DV77JS98654,Ford,2023,2025-11-29 03:45:10.582335,65,22106,"21.7024975,-124.130244"
6FDUF4GY1JSC12345,Scania,2016,2025-11-30 00:36:57.729136,26,50008,"89.997279,1.566038"
1V2NC9JX5JC123456,Volvo,2022,2025-11-29 01:56:44.578784,63,13562,"-36.556145,-3.333861"
1V2NC9JX5JC962225,Volvo,2022,2025-11-29 08:56:21.550621,55,11055,"-29.4539725,170.615535"
6FDUF4GY1JSC12345,Scania,2016,2025-11-29 19:42:14.162719,7,50002,"-73.237198,107.228588"
1VWAP7A30JC123456,Volkswagen,2021,2025-11-29 13:33:52.749555,33,20008,"44.0225175,107.739467"
1XKAD49X7JJ123456,Kenworth,2015,2025-11-29 05:21:30.972084,58,60009,"-9.190298,-74.272381"
WDBUF56X98B123456,Mercedes-Benz,2017,2025-11-29 12:20:13.074552,85,40009,"18.1795715,-27.974909"
LZB12345678901234,FAW,2023,2025-11-29 05:44:40.542034,14,8009,"-78.5865435,112.388286"
1XKAD49X7JJ123456,Kenworth,2015,2025-11-29 21:37:04.291630,109,60005,"-82.1923405,-100.358345"
1V2NC9JX5JC962225,Volvo,2022,2025-11-29 01:09:59.168226,48,11056,"1.057667,-44.252844"
3GCUKREC0FG123456,Chevrolet,2024,2025-11-29 22:31:51.300232,117,4003,"84.4976755,-128.427768"
3AKJGLD54JSC12345,Freightliner,2022,2025-11-29 01:31:06.360505,55,10010,"-80.4880875,84.573932"
3GCUKREC0FG123456,Chevrolet,2024,2025-11-30 00:09:41.500881,32,4000,"-54.836552,-111.765584"
3AKJGLD54JSC12345,Freightliner,2022,2025-11-30 00:03:25.255043,103,10007,"21.4069075,-13.324931"
F654J5DV77JS98654,Ford,2023,2025-11-29 07:34:26.798214,53,22110,"3.250002,171.700223"
F654J5DV77JS46566,Ford,2024,2025-11-30 00:00:11.069474,1,19621,"75.326073,-80.097588"
1VWAP7A30JC123456,Volkswagen,2021,2025-11-29 23:16:25.143084,104,20009,"36.7415005,42.768850"
1XKAD49X7JJ123456,Kenworth,2015,2025-11-29 02:45:29.320247,29,60002,"57.1722705,4.029461"
WDBUF56X98B123456,Mercedes-Benz,2017,2025-11-29 19:43:44.740932,107,40010,"11.269129,106.683568"
1V2NC9JX5JC123456,Volvo,2022,2025-11-30 00:36:03.249887,59,13569,"-79.803649,-47.075266"
1V2NC9JX5JC123456,Volvo,2022,2025-11-30 00:54:29.454646,77,13570,"66.961879,80.523905"
1VWAP7A30JC123456,Volkswagen,2021,2025-11-29 17:44:26.994806,113,20000,"39.406158,121.398883"
F654J5DV77JS98654,Ford,2023,2025-11-29 05:55:08.173376,119,22112,"-68.853716,130.408104"
3GCUKREC0FG893480,Chevrolet,2025,2025-11-29 05:02:00.517021,60,3932,"-22.172340,165.457174"
3GCUKREC0FG123456,Chevrolet,2024,2025-11-29 23:16:16.383161,89,4003,"-4.6268245,-122.471848"
1XKAD49X7JJ123456,Kenworth,2015,2025-11-29 12:26:55.854400,27,60001,"23.811501,162.243261"
1V2NC9JX5JC123456,Volvo,2022,2025-11-29 01:43:35.524439,58,13560,"-23.794760,71.671233"
1V2NC9JX5JC962225,Volvo,2022,2025-11-29 12:07:48.786834,49,11057,"56.325146,-148.771475"
WDBUF56X98B123456,Mercedes-Benz,2017,2025-11-29 18:58:27.995958,96,40003,"-29.892995,177.751777"
F654J5DV77JS46566,Ford,2024,2025-11-29 20:37:50.626659,87,19619,"12.144997,109.738719"
F654J5DV77JS46566,Ford,2024,2025-11-29 12:30:05.002572,111,19623,"-82.635459,96.627471"
3GCUKREC0FG893480,Chevrolet,2025,2025-11-29 10:24:48.298888,14,3931,"60.766366,170.932371"
WDBUF56X98B123456,Mercedes-Benz,2017,2025-11-29 09:37:38.934470,101,40004,"50.1090355,-26.548361"
3GCUKREC0FG123456,Chevrolet,2024,2025-11-29 07:46:41.457820,7,3999,"23.1961785,149.301590"
6FDUF4GY1JSC12345,Scania,2016,2025-11-29 01:35:40.082660,1,50009,"18.7481415,97.413687"
3AKJGLD54JSC12345,Freightliner,2022,2025-11-29 08:19:43.957278,84,10009,"-73.4770685,-172.806164"
LZB12345678901234,FAW,2023,2025-11-29 08:38:48.995698,90,8009,"48.9279365,35.226751"
1VWAP7A30JC123456,Volkswagen,2021,2025-11-29 21:31:58.797323,108,20000,"32.108024,-171.216005"
WDBUF56X98B123456,Mercedes-Benz,2017,2025-11-29 12:23:12.880841,98,40005,"-7.749578,-0.216941"
3GCUKREC0FG123456,Chevrolet,2024,2025-11-29 23:14:42.125984,0,4002,"77.9910855,168.502385"
F654J5DV77JS98654,Ford,2023,2025-11-29 20:16:01.330008,26,22110,"-23.0017965,122.380553"
3AKJGLD54JSC12345,Freightliner,2022,2025-11-29 05:59:17.374201,47,10003,"-60.1545105,69.421226"
3GCUKREC0FG893480,Chevrolet,2025,2025-11-29 06:04:11.050505,108,3933,"-15.3288265,62.772314"
WDBUF56X98B123456,Mercedes-Benz,2017,2025-11-29 18:14:36.218213,42,40007,"18.9626875,-74.467616"
1V2NC9JX5JC962225,Volvo,2022,2025-11-29 17:19:11.210655,22,11053,"31.911170,-157.059732"
1V2NC9JX5JC123456,Volvo,2022,2025-11-29 08:34:47.853321,117,13567,"-45.332352,-10.828850"
F654J5DV77JS46566,Ford,2024,2025-11-29 17:48:09.092685,33,19623,"65.490061,73.300353"
1V2NC9JX5JC123456,Volvo,2022,2025-11-29 15:13:23.106750,30,13566,"-62.9784265,106.315133"
1V2NC9JX5JC962225,Volvo,2022,2025-11-29 01:10:54.521145,35,11054,"-4.040056,90.701336"
WDBUF56X98B123456,Mercedes-Benz,2017,2025-11-29 04:49:44.885565,108,40005,"-35.6251005,-22.282228"
1VWAP7A30JC123456,Volkswagen,2021,2025-11-29 04:02:02.886302,32,20009,"-15.895880,-95.171459"
WDBUF56X98B123456,Mercedes-Benz,2017,2025-11-29 06:46:11.600574,59,40004,"67.1945225,126.468700"
1V2NC9JX5JC123456,Volvo,2022,2025-11-29 09:38:39.186659,37,13569,"-32.055275,124.007270"
1XKAD49X7JJ123456,Kenworth,2015,2025-11-29 02:34:03.779983,22,60002,"-31.3508405,-13.192380"
1V2NC9JX5JC123456,Volvo,2022,2025-11-29 19:59:09.186753,57,13569,"-39.246779,-107.131466"
3GCUKREC0FG893480,Chevrolet,2025,2025-11-29 23:55:09.658460,11,3935,"-24.7858155,18.236376"
1V2NC9JX5JC123456,Volvo,2022,2025-11-29 22:08:11.568289,24,13568,"-82.344027,5.946440"
3GCUKREC0FG123456,Chevrolet,2024,2025-11-29 05:13:41.933775,113,4002,"-60.339368,85.681058"
1V2NC9JX5JC962225,Volvo,2022,2025-11-29 23:53:33.102001,23,11054,"-17.462556,119.864490"
1V2NC9JX5JC962225,Volvo,2022,2025-11-29 14:09:26.869793,91,11060,"-2.0387595,-24.523294"
3GCUKREC0FG893480,Chevrolet,2025,2025-11-29 07:56:26.254775,5,3930,"87.6591015,-96.208599"
F654J5DV77JS46566,Ford,2024,2025-11-29 21:44:38.325175,49,19625,"-72.4926295,75.274625"
WDBUF56X98B123456,Mercedes-Benz,2017,2025-11-29 04:03:16.511794,2,40005,"46.530167,-144.287398"
1V2NC9JX5JC962225,Volvo,2022,2025-11-29 03:18:34.827184,90,11050,"-71.138106,124.083277"
LZB12345678901234,FAW,2023,2025-11-29 13:46:16.909364,112,8002,"-40.4526675,61.034666"
WDBUF56X98B123456,Mercedes-Benz,2017,2025-11-29 13:25:26.911047,83,40009,"23.496675,-151.845982"
3GCUKREC0FG893480,Chevrolet,2025,2025-11-29 19:24:23.166832,74,3934,"-2.319301,-150.811177"
F654J5DV77JS46566,Ford,2024,2025-11-29 02:41:02.000727,110,19618,"-28.6540485,-156.211786"
1V2NC9JX5JC123456,Volvo,2022,2025-11-30 00:44:53.290517,117,13563,"46.1361735,153.572964"
1VWAP7A30JC123456,Volkswagen,2021,2025-11-29 08:23:34.960783,120,20005,"30.434259,-23.405933"
1V2NC9JX5JC123456,Volvo,2022,2025-11-29 05:30:02.411108,30,13562,"-28.875050,168.760840"
3GCUKREC0FG123456,Chevrolet,2024,2025-11-29 04:08:30.581426,63,4001,"-6.069139,101.721758"
LZB12345678901234,FAW,2023,2025-11-29 06:53:52.444463,15,8002,"43.764687,-27.598082"
3GCUKREC0FG893480,Chevrolet,2025,2025-11-29 07:35:51.559974,84,3931,"-26.8457635,-18.731224"
1XKAD49X7JJ123456,Kenworth,2015,2025-11-29 11:57:15.112464,11,60005,"-47.8081345,162.800064"
3GCUKREC0FG893480,Chevrolet,2025,2025-11-29 22:04:22.967172,91,3930,"-60.181642,-81.103486"
3GCUKREC0FG893480,Chevrolet,2025,2025-11-29 04:09:37.737345,56,3926,"-6.729300,166.704179"
1V2NC9JX5JC123456,Volvo,2022,2025-11-29 07:57:52.912678,119,13561,"33.2877345,-172.544977"
3AKJGLD54JSC12345,Freightliner,2022,2025-11-29 01:17:01.327863,108,10004,"-36.3585495,109.232689"
3AKJGLD54JSC12345,Freightliner,2022,2025-11-29 22:05:26.536434,76,10007,"-46.823547,73.670899"
3GCUKREC0FG123456,Chevrolet,2024,2025-11-29 11:19:32.817597,61,4000,"65.7166375,-179.859092"
1V2NC9JX5JC123456,Volvo,2022,2025-11-29 05:34:02.009176,41,13570,"-10.9039545,14.435490"
F654J5DV77JS46566,Ford,2024,2025-11-29 11:16:02.942233,110,19624,"-68.227845,137.307501"
LZB12345678901234,FAW,2023,2025-11-29 10:41:49.238047,96,8005,"-12.787947,111.823660"
1VWAP7A30JC123456,Volkswagen,2021,2025-11-29 02:18:59.521166,90,20007,"-47.527427,-133.926598"
1V2NC9JX5JC962225,Volvo,2022,2025-11-29 18:46:34.958216,75,11059,"-35.3547255,61.722417"
1V2NC9JX5JC962225,Volvo,2022,2025-11-29 23:41:27.051880,112,11051,"-3.288077,-37.275805"
1XKAD49X7JJ123456,Kenworth,2015,2025-11-29 01:51:48.213580,47,60010,"-61.900061,138.720292"
3GCUKREC0FG123456,Chevrolet,2024,2025-11-29 13:10:00.992408,61,4002,"-44.8471445,-178.701546"
6FDUF4GY1JSC12345,Scania,2016,2025-11-29 13:00:17.954248,84,50001,"88.058876,161.332827"
3GCUKREC0FG893480,Chevrolet,2025,2025-11-29 05:17:27.854349,26,3934,"43.822893,-92.434657"
3GCUKREC0FG123456,Chevrolet,2024,2025-11-29 11:21:48.527274,53,4008,"-50.039982,117.856359"
WDBUF56X98B123456,Mercedes-Benz,2017,2025-11-29 19:28:04.673383,101,40006,"59.167993,-175.234232"
3GCUKREC0FG123456,Chevrolet,2024,2025-11-29 16:19:14.994111,36,4002,"-70.190219,128.169037"
WDBUF56X98B123456,Mercedes-Benz,2017,2025-11-29 03:14:10.612540,101,40005,"-16.084511,-126.562388"
WDBUF56X98B123456,Mercedes-Benz,2017,2025-11-30 00:27:17.115443,118,40007,"-12.7329605,151.229814"
3AKJGLD54JSC12345,Freightliner,2022,2025-11-30 00:36:54.997285,29,10004,"-9.987817,156.290861"
LZB12345678901234,FAW,2023,2025-11-29 15:03:49.085170,108,8004,"56.942655,24.727428"
F654J5DV77JS46566,Ford,2024,2025-11-29 22:04:50.654958,85,19625,"4.065865,89.623699"
F654J5DV77JS98654,Ford,2023,2025-11-29 05:31:23.957066,0,22114,"-42.5295245,74.555209"
1V2NC9JX5JC962225,Volvo,2022,2025-11-29 12:53:58.082682,62,11057,"-0.8540735,-168.033883"
1VWAP7A30JC123456,Volkswagen,2021,2025-11-29 11:21:00.244822,72,20001,"24.3540485,143.418528"
LZB12345678901234,FAW,2023,2025-11-29 20:49:07.015479,76,8001,"-71.908211,-49.119119"
3GCUKREC0FG123456,Chevrolet,2024,2025-11-29 09:00:34.062054,16,4008,"39.8430245,-15.210490"
F654J5DV77JS46566,Ford,2024,2025-11-29 13:16:04.843693,19,19621,"-17.9750015,60.482473"
1XKAD49X7JJ123456,Kenworth,2015,2025-11-29 11:08:41.751897,114,60006,"55.240817,-177.332750"
6FDUF4GY1JSC12345,Scania,2016,2025-11-29 16:12:29.462544,73,50009,"44.385170,173.160654"
LZB12345678901234,FAW,2023,2025-11-29 18:55:56.604979,37,8000,"43.500244,147.960496"
F654J5DV77JS46566,Ford,2024,2025-11-29 08:22:17.400210,114,19615,"75.8743195,78.834904"
F654J5DV77JS98654,Ford,2023,2025-11-29 21:41:50.889687,115,22114,"-12.4616415,-56.760911"
3GCUKREC0FG123456,Chevrolet,2024,2025-11-29 03:14:24.291711,119,4000,"50.147598,-159.993597"
1V2NC9JX5JC123456,Volvo,2022,2025-11-30 00:09:20.511245,76,13569,"73.9765015,-98.753911"
WDBUF56X98B123456,Mercedes-Benz,2017,2025-11-29 21:53:05.405757,92,40002,"0.151627,86.917827"
6FDUF4GY1JSC12345,Scania,2016,2025-11-29 09:47:08.375821,65,50005,"-13.7776015,7.144575"
F654J5DV77JS46566,Ford,2024,2025-11-29 20:49:05.744451,93,19622,"-87.2854815,-131.240879"
1XKAD49X7JJ123456,Kenworth,2015,2025-11-29 19:20:15.986741,54,60004,"41.2481945,-164.028571"
LZB12345678901234,FAW,2023,2025-11-29 20:56:26.117721,70,8003,"-45.462905,150.295121"
LZB12345678901234,FAW,2023,2025-11-29 09:22:16.750852,73,8006,"-1.7011585,-133.976098"
1XKAD49X7JJ123456,Kenworth,2015,2025-11-29 22:51:44.053127,2,60000,"35.202801,-71.240274"
3GCUKREC0FG893480,Chevrolet,2025,2025-11-29 20:27:33.980348,118,3930,"-18.962185,-71.000369"
WDBUF56X98B123456,Mercedes-Benz,2017,2025-11-29 17:31:59.811092,36,40000,"6.493960,101.842286"
1V2NC9JX5JC962225,Volvo,2022,2025-11-30 00:16:21.055975,14,11052,"-32.204672,179.201457"
3AKJGLD54JSC12345,Freightliner,2022,2025-11-29 17:00:40.753791,91,10002,"7.816737,-70.104131"
WDBUF56X98B123456,Mercedes-Benz,2017,2025-11-30 00:40:47.963833,75,40001,"-43.093227,130.050272"
1XKAD49X7JJ123456,Kenworth,2015,2025-11-29 18:32:52.342481,16,60010,"80.8456505,178.250455"
1VWAP7A30JC123456,Volkswagen,2021,2025-11-29 06:01:42.549457,111,20004,"-52.865032,127.725841"
1XKAD49X7JJ123456,Kenworth,2015,2025-11-29 04:37:12.491847,52,60001,"0.8291605,-145.285415"
F654J5DV77JS98654,Ford,2023,2025-11-29 10:27:29.502785,2,22109,"-62.012554,146.254996"
WDBUF56X98B123456,Mercedes-Benz,2017,2025-11-29 10:19:42.228309,118,40002,"-50.003804,-59.751143"
3GCUKREC0FG123456,Chevrolet,2024,2025-11-29 05:45:50.996572,3,4009,"-38.272492,-106.263542"
1V2NC9JX5JC123456,Volvo,2022,2025-11-29 02:49:08.290736,94,13565,"57.0909155,-84.293570"
1V2NC9JX5JC962225,Volvo,2022,2025-11-29 05:32:19.287115,43,11050,"73.0144475,141.980457"
3GCUKREC0FG893480,Chevrolet,2025,2025-11-29 17:38:47.785628,58,3929,"-54.8126305,164.181597"
F654J5DV77JS98654,Ford,2023,2025-11-29 22:07:58.263373,86,22113,"-23.2982475,-81.149327"
LZB12345678901234,FAW,2023,2025-11-29 05:24:48.610548,119,8010,"17.297038,111.944102"
6FDUF4GY1JSC12345,Scania,2016,2025-11-29 16:30:47.369919,108,50003,"51.1811245,-98.428482"
1V2NC9JX5JC123456,Volvo,2022,2025-11-29 12:59:18.124469,11,13570,"57.2679255,-32.228289"
6FDUF4GY1JSC12345,Scania,2016,2025-11-29 02:27:07.756840,24,50010,"-45.3625345,0.502822"
1V2NC9JX5JC123456,Volvo,2022,2025-11-29 22:40:24.433726,16,13565,"-17.618037,26.989583"
1V2NC9JX5JC123456,Volvo,2022,2025-11-29 08:29:36.783882,76,13570,"-2.536395,115.713770"
F654J5DV77JS98654,Ford,2023,2025-11-29 04:22:09.876574,85,22114,"23.748992,-14.323737"
6FDUF4GY1JSC12345,Scania,2016,2025-11-29 12:50:08.885375,111,50010,"5.4809805,-26.955941"
3GCUKREC0FG893480,Chevrolet,2025,2025-11-29 15:39:37.795748,58,3929,"74.453795,-68.341876"
3GCUKREC0FG893480,Chevrolet,2025,2025-11-29 16:00:31.519462,87,3931,"-72.851777,100.361432"
1XKAD49X7JJ123456,Kenworth,2015,2025-11-30 00:49:58.851426,83,60005,"-19.686616,45.956465"
6FDUF4GY1JSC12345,Scania,2016,2025-11-29 19:31:19.411017,77,50007,"-89.841000,166.488215"
3GCUKREC0FG893480,Chevrolet,2025,2025-11-29 19:45:04.723994,104,3930,"53.224596,139.184895"
3GCUKREC0FG123456,Chevrolet,2024,2025-11-29 12:55:15.221617,17,4003,"61.1278705,-179.148515"
1V2NC9JX5JC962225,Volvo,2022,2025-11-29 03:19:25.030933,84,11057,"31.781443,133.313065"
3GCUKREC0FG123456,Chevrolet,2024,2025-11-29 08:28:50.074574,13,4003,"3.461387,-136.893607"
1VWAP7A30JC123456,Volkswagen,2021,2025-11-29 18:11:07.909769,89,20006,"63.0542545,-132.254773"
F654J5DV77JS98654,Ford,2023,2025-11-29 17:14:58.189422,26,22110,"25.1410855,-118.005949"
WDBUF56X98B123456,Mercedes-Benz,2017,2025-11-29 16:03:26.317205,16,40006,"-14.0774535,178.122308"
1VWAP7A30JC123456,Volkswagen,2021,2025-11-29 11:24:54.630607,41,20005,"66.2417765,169.335943"
3GCUKREC0FG123456,Chevrolet,2024,2025-11-29 22:25:49.934675,114,4000,"71.037037,157.927416"
1XKAD49X7JJ123456,Kenworth,2015,2025-11-29 15:30:05.059205,28,60010,"-31.853463,104.351961"
WDBUF56X98B123456,Mercedes-Benz,2017,2025-11-29 12:10:28.012688,57,40005,"28.129483,-158.917894"
1V2NC9JX5JC123456,Volvo,2022,2025-11-29 16:35:26.230405,120,13563,"-57.569092,93.239857"
WDBUF56X98B123456,Mercedes-Benz,2017,2025-11-29 06:43:04.978536,40,40009,"-44.5422425,25.806487"
3AKJGLD54JSC12345,Freightliner,2022,2025-11-29 10:21:41.610276,58,10006,"-31.657974,-28.758395"
3GCUKREC0FG893480,Chevrolet,2025,2025-11-29 13:27:14.014839,31,3931,"-6.054636,175.987213"
F654J5DV77JS98654,Ford,2023,2025-11-29 06:24:32.032318,67,22107,"-40.0261885,109.806868"
F654J5DV77JS98654,Ford,2023,2025-11-29 09:42:28.398419,51,22116,"27.575699,81.011477"
F654J5DV77JS98654,Ford,2023,2025-11-29 16:42:40.315211,60,22106,"17.6890575,102.659377"
3AKJGLD54JSC12345,Freightliner,2022,2025-11-29 03:57:54.894767,21,10002,"34.6028235,109.953445"
3AKJGLD54JSC12345,Freightliner,2022,2025-11-29 08:02:12.274760,116,10002,"67.455583,-9.228521"
1V2NC9JX5JC123456,Volvo,2022,2025-11-29 03:34:24.089637,14,13563,"47.503169,-51.839680"
3GCUKREC0FG123456,Chevrolet,2024,2025-11-29 05:43:24.748600,32,4000,"53.859064,-4.104366"
1V2NC9JX5JC123456,Volvo,2022,2025-11-29 23:24:55.152943,4,13566,"-66.8028795,96.632421"
3AKJGLD54JSC12345,Freightliner,2022,2025-11-29 04:54:00.722096,13,10004,"-11.752389,170.580495"
1VWAP7A30JC123456,Volkswagen,2021,2025-11-29 08:13:53.700243,103,20001,"32.6142945,63.284502"
3GCUKREC0FG123456,Chevrolet,2024,2025-11-29 13:34:09.251765,116,4008,"-71.8139975,89.798476"
1VWAP7A30JC123456,Volkswagen,2021,2025-11-29 21:01:14.470671,93,20000,"-82.203914,67.637653"
F654J5DV77JS46566,Ford,2024,2025-11-29 10:04:29.183043,70,19619,"62.380033,-19.482029"
3GCUKREC0FG123456,Chevrolet,2024,2025-11-29 13:15:48.403183,106,4008,"-23.2667965,-159.375059"
F654J5DV77JS98654,Ford,2023,2025-11-29 19:28:19.049017,119,22110,"55.187784,168.488646"
3GCUKREC0FG123456,Chevrolet,2024,2025-11-29 08:46:14.670098,119,3999,"8.3314505,21.990378"
6FDUF4GY1JSC12345,Scania,2016,2025-11-29 14:16:01.202977,24,50009,"3.5694795,35.303549"
3GCUKREC0FG123456,Chevrolet,2024,2025-11-29 10:46:59.900237,115,4001,"-71.262075,86.377766"
3GCUKREC0FG893480,Chevrolet,2025,2025-11-29 13:05:09.829242,21,3931,"-89.7041685,-149.668033"
WDBUF56X98B123456,Mercedes-Benz,2017,2025-11-29 08:22:11.258590,73,40000,"80.593282,117.806407"
F654J5DV77JS46566,Ford,2024,2025-11-29 19:51:58.391225,105,19622,"-75.9502405,104.440409"
1V2NC9JX5JC123456,Volvo,2022,2025-11-29 11:24:21.236541,58,13563,"51.2494695,-96.968929"
LZB12345678901234,FAW,2023,2025-11-29 05:45:25.953133,16,8010,"-32.946012,47.260978"
3GCUKREC0FG893480,Chevrolet,2025,2025-11-29 17:50:31.374696,102,3929,"-46.491946,-1.873280"
F654J5DV77JS98654,Ford,2023,2025-11-29 02:17:45.922771,81,22106,"45.289807,59.596421"
3GCUKREC0FG893480,Chevrolet,2025,2025-11-29 20:49:40.004462,79,3932,"-5.5754855,149.272780"
F654J5DV77JS46566,Ford,2024,2025-11-29 22:00:08.345543,109,19617,"49.4765845,92.920590"
3GCUKREC0FG123456,Chevrolet,2024,2025-11-29 17:38:22.410345,1,4000,"84.1489245,-114.274454"
F654J5DV77JS98654,Ford,2023,2025-11-29 23:05:37.935106,100,22107,"-0.9182125,39.935792"
3GCUKREC0FG123456,Chevrolet,2024,2025-11-29 12:15:16.705754,69,4003,"1.626985,-5.303052"
1VWAP7A30JC123456,Volkswagen,2021,2025-11-29 04:16:21.268541,91,20004,"-12.705647,90.463190"
LZB12345678901234,FAW,2023,2025-11-29 13:54:26.840506,100,8005,"-35.163299,64.557609"
3AKJGLD54JSC12345,Freightliner,2022,2025-11-29 13:56:35.884625,94,10003,"-39.615015,47.778704"
LZB12345678901234,FAW,2023,2025-11-29 21:48:55.925150,35,8004,"31.597406,55.178523"
1V2NC9JX5JC123456,Volvo,2022,2025-11-29 21:55:40.451364,65,13561,"-21.494612,20.297380"
1XKAD49X7JJ123456,Kenworth,2015,2025-11-29 17:27:24.177021,6,60007,"-76.479157,168.046729"
3GCUKREC0FG893480,Chevrolet,2025,2025-11-29 09:59:22.858359,14,3931,"-42.410597,111.114058"
F654J5DV77JS98654,Ford,2023,2025-11-29 21:34:14.292059,1,22107,"28.506756,-126.012084"
1VWAP7A30JC123456,Volkswagen,2021,2025-11-29 10:30:23.434410,47,20008,"51.2621675,-160.875294"
F654J5DV77JS46566,Ford,2024,2025-11-29 12:32:59.095177,117,19619,"70.254073,14.239972"
F654J5DV77JS46566,Ford,2024,2025-11-29 14:00:18.593833,89,19624,"85.292021,-61.058364"
1VWAP7A30JC123456,Volkswagen,2021,2025-11-29 18:05:31.279421,94,20003,"47.556942,25.614913"
3GCUKREC0FG893480,Chevrolet,2025,2025-11-29 14:16:39.067658,66,3933,"62.3727955,-170.298563"
F654J5DV77JS98654,Ford,2023,2025-11-29 23:55:23.256102,109,22109,"13.674452,-163.308341"
3GCUKREC0FG123456,Chevrolet,2024,2025-11-29 03:56:04.458226,16,4002,"-52.9581715,-162.921985"
1V2NC9JX5JC123456,Volvo,2022,2025-11-29 12:13:10.080445,74,13567,"-11.9738195,-112.884248"
3GCUKREC0FG123456,Chevrolet,2024,2025-11-29 17:17:04.991656,27,3999,"-18.7118535,-55.181725"
F654J5DV77JS98654,Ford,2023,2025-11-29 02:22:59.669768,90,22116,"-48.2869725,-41.369617"
1XKAD49X7JJ123456,Kenworth,2015,2025-11-29 21:03:17.742024,11,60001,"-28.129035,25.413380"
F654J5DV77JS46566,Ford,2024,2025-11-29 08:51:28.890656,62,19617,"6.923070,-165.946973"
F654J5DV77JS98654,Ford,2023,2025-11-29 04:33:08.051716,25,22107,"-21.399684,-1.436903"
6FDUF4GY1JSC12345,Scania,2016,2025-11-29 13:41:18.764075,79,50006,"-19.694746,113.386426"
3GCUKREC0FG123456,Chevrolet,2024,2025-11-29 14:53:36.536610,41,4004,"-86.0130625,7.978643"
3GCUKREC0FG893480,Chevrolet,2025,2025-11-29 02:24:29.932495,38,3928,"-67.3251325,77.087557"
F654J5DV77JS46566,Ford,2024,2025-11-29 21:57:57.691515,27,19624,"57.225530,137.736412"
1VWAP7A30JC123456,Volkswagen,2021,2025-11-29 16:57:27.508209,88,20004,"14.760304,97.009576"
3GCUKREC0FG123456,Chevrolet,2024,2025-11-29 10:18:50.611494,35,4009,"6.045122,70.128059"
1V2NC9JX5JC123456,Volvo,2022,2025-11-29 15:38:18.431041,109,13567,"89.9165035,29.314406"
1VWAP7A30JC123456,Volkswagen,2021,2025-11-29 01:52:32.952944,102,20002,"77.012404,113.537376"
1V2NC9JX5JC123456,Volvo,2022,2025-11-29 23:06:51.405998,57,13563,"-48.437363,18.914963"
3GCUKREC0FG123456,Chevrolet,2024,2025-11-29 08:19:11.753718,17,4002,"-74.5270545,-165.633315"
F654J5DV77JS98654,Ford,2023,2025-11-29 10:23:13.886782,34,22109,"-39.531835,-73.415191"
1XKAD49X7JJ123456,Kenworth,2015,2025-11-29 03:24:15.722764,45,60001,"29.2615815,76.153001"
6FDUF4GY1JSC12345,Scania,2016,2025-11-29 01:42:08.926873,64,50007,"29.448927,-4.371675"
3AKJGLD54JSC12345,Freightliner,2022,2025-11-29 14:38:58.773471,16,10001,"54.6440885,29.680468"
3AKJGLD54JSC12345,Freightliner,2022,2025-11-29 10:16:30.440348,86,10010,"-21.509814,-117.703699"
1V2NC9JX5JC123456,Volvo,2022,2025-11-29 12:19:59.752996,58,13560,"9.5883845,66.113041"
WDBUF56X98B123456,Mercedes-Benz,2017,2025-11-29 12:01:50.099874,98,40006,"85.5641245,-175.958775"
F654J5DV77JS46566,Ford,2024,2025-11-30 00:24:13.774857,96,19616,"21.186647,119.557303"
1VWAP7A30JC123456,Volkswagen,2021,2025-11-29 21:41:41.801881,1,20009,"46.5773825,-98.385188"
6FDUF4GY1JSC12345,Scania,2016,2025-11-29 02:16:50.479638,68,50010,"35.0341435,-49.633523"
LZB12345678901234,FAW,2023,2025-11-29 12:29:00.255778,90,8003,"73.5747495,23.324775"
1XKAD49X7JJ123456,Kenworth,2015,2025-11-29 13:28:02.956764,58,60008,"42.565014,-54.410536"
1VWAP7A30JC123456,Volkswagen,2021,2025-11-29 12:30:28.964892,103,20005,"40.882573,166.596264"
3GCUKREC0FG123456,Chevrolet,2024,2025-11-29 20:40:36.308628,2,4004,"48.1297475,-178.511357"
3GCUKREC0FG893480,Chevrolet,2025,2025-11-29 19:52:57.547293,46,3930,"-36.3431105,137.121599"
WDBUF56X98B123456,Mercedes-Benz,2017,2025-11-29 05:10:32.808415,83,40001,"0.703234,-147.589227"
6FDUF4GY1JSC12345,Scania,2016,2025-11-29 01:06:44.775605,46,50008,"-52.7440965,-39.417729"
3AKJGLD54JSC12345,Freightliner,2022,2025-11-29 22:42:58.137920,114,10009,"-2.702835,162.691163"
1XKAD49X7JJ123456,Kenworth,2015,2025-11-29 05:27:01.199765,46,60006,"-70.3191855,132.635043"
F654J5DV77JS46566,Ford,2024,2025-11-29 13:25:24.282779,11,19615,"-71.983278,47.069904"
1V2NC9JX5JC123456,Volvo,2022,2025-11-29 04:11:55.099389,7,13568,"76.2260285,-160.894563"
3GCUKREC0FG893480,Chevrolet,2025,2025-11-29 12:52:24.788088,62,3931,"-89.9183215,-46.651771"
6FDUF4GY1JSC12345,Scania,2016,2025-11-29 19:24:07.203882,120,50003,"68.877267,-39.079665"
6FDUF4GY1JSC12345,Scania,2016,2025-11-29 20:26:02.699314,93,50007,"73.1802975,-35.123440"
6FDUF4GY1JSC12345,Scania,2016,2025-11-29 21:43:35.420867,107,50001,"-76.357468,-174.164604"
1V2NC9JX5JC962225,Volvo,2022,2025-11-29 06:51:45.860004,57,11060,"-51.9980135,141.813648"
F654J5DV77JS46566,Ford,2024,2025-11-29 18:11:01.523262,91,19617,"86.7995375,-102.682679"
1XKAD49X7JJ123456,Kenworth,2015,2025-11-29 04:42:03.291006,44,60000,"48.6964415,-4.442208"
1V2NC9JX5JC962225,Volvo,2022,2025-11-29 11:45:28.675603,105,11059,"21.144870,52.871538"
3GCUKREC0FG123456,Chevrolet,2024,2025-11-29 17:26:06.507525,22,4008,"-5.741479,-71.784597"
F654J5DV77JS98654,Ford,2023,2025-11-29 03:39:38.008497,7,22106,"-74.2535645,36.632007"
F654J5DV77JS46566,Ford,2024,2025-11-29 18:59:34.478369,108,19615,"58.910388,171.448626"
1XKAD49X7JJ123456,Kenworth,2015,2025-11-29 12:51:10.382480,73,60008,"-89.6180435,-71.340901"
3AKJGLD54JSC12345,Freightliner,2022,2025-11-29 16:39:45.995393,116,10001,"-62.1955885,-102.025297"
F654J5DV77JS46566,Ford,2024,2025-11-29 01:48:50.302220,52,19622,"-66.663256,-114.264699"
F654J5DV77JS98654,Ford,2023,2025-11-29 01:29:39.591652,49,22110,"42.017531,-136.273450"
F654J5DV77JS98654,Ford,2023,2025-11-29 17:10:15.554915,81,22110,"38.6086135,-141.718948"
1V2NC9JX5JC123456,Volvo,2022,2025-11-29 10:48:48.274957,108,13566,"19.912602,-116.861226"
1V2NC9JX5JC962225,Volvo,2022,2025-11-29 13:57:04.586545,37,11056,"-63.6824675,148.094727"
F654J5DV77JS98654,Ford,2023,2025-11-29 04:13:19.572197,26,22110,"-43.2907115,-5.632757"
1V2NC9JX5JC962225,Volvo,2022,2025-11-29 05:39:59.384841,66,11052,"80.452441,-56.714263"
1V2NC9JX5JC123456,Volvo,2022,2025-11-29 18:02:14.806584,46,13562,"-52.4300895,16.178784"
1V2NC9JX5JC962225,Volvo,2022,2025-11-29 09:28:01.539486,99,11054,"-27.7238055,100.463205"
6FDUF4GY1JSC12345,Scania,2016,2025-11-29 13:13:21.680315,12,50000,"-73.551283,-163.279880"
WDBUF56X98B123456,Mercedes-Benz,2017,2025-11-29 19:01:41.139549,95,40001,"-47.0764315,-148.390429"
3GCUKREC0FG893480,Chevrolet,2025,2025-11-29 00:59:54.368287,114,3926,"42.240115,-8.806306"
3AKJGLD54JSC12345,Freightliner,2022,2025-11-29 02:01:46.100127,24,10006,"-0.275881,-91.951245"
1VWAP7A30JC123456,Volkswagen,2021,2025-11-29 04:50:02.389568,33,20010,"69.6053475,-164.142172"
3GCUKREC0FG123456,Chevrolet,2024,2025-11-29 12:38:12.998970,109,4001,"2.7271085,112.837308"
1V2NC9JX5JC962225,Volvo,2022,2025-11-29 02:20:05.694191,90,11050,"-26.9268725,172.130784"
1VWAP7A30JC123456,Volkswagen,2021,2025-11-29 11:34:45.357248,54,20007,"-73.2817775,-112.964098"
F654J5DV77JS46566,Ford,2024,2025-11-29 01:33:51.605543,55,19620,"67.683631,115.547601"
1XKAD49X7JJ123456,Kenworth,2015,2025-11-29 14:02:11.019160,23,60003,"-33.7584225,33.290570"
3AKJGLD54JSC12345,Freightliner,2022,2025-11-29 07:40:21.739303,69,10007,"49.4723015,-33.681765"
3GCUKREC0FG123456,Chevrolet,2024,2025-11-29 18:28:31.252820,87,4002,"-27.647447,-14.711461"
3GCUKREC0FG893480,Chevrolet,2025,2025-11-29 07:37:53.913112,69,3933,"1.709998,-104.114111"
1V2NC9JX5JC962225,Volvo,2022,2025-11-29 21:57:33.952809,40,11053,"61.608307,-103.493074"
1VWAP7A30JC123456,Volkswagen,2021,2025-11-29 16:24:11.061011,67,20005,"-19.6331015,81.503857"
3GCUKREC0FG123456,Chevrolet,2024,2025-11-29 13:55:42.932773,56,4005,"-64.1189295,110.300929"
6FDUF4GY1JSC12345,Scania,2016,2025-11-29 15:13:47.412533,3,50006,"-19.867185,156.693033"
6FDUF4GY1JSC12345,Scania,2016,2025-11-29 23:49:08.426488,102,50004,"37.417773,-179.628144"
1V2NC9JX5JC962225,Volvo,2022,2025-11-29 17:47:19.796019,23,11052,"89.5615845,-31.344079"
3GCUKREC0FG123456,Chevrolet,2024,2025-11-29 05:53:11.623803,24,4000,"-2.279827,25.148648"
3GCUKREC0FG123456,Chevrolet,2024,2025-11-29 07:09:03.053560,45,4001,"53.075336,-41.360264"
3GCUKREC0FG123456,Chevrolet,2024,2025-11-29 12:20:03.290819,111,4001,"-76.644497,0.436545"
3GCUKREC0FG893480,Chevrolet,2025,2025-11-29 21:41:57.771200,51,3926,"57.0889595,-13.514181"
3GCUKREC0FG123456,Chevrolet,2024,2025-11-29 13:07:29.055103,102,4005,"-65.412982,-22.795320"
1V2NC9JX5JC123456,Volvo,2022,2025-11-29 16:58:08.894906,42,13564,"-3.6729305,-100.648571"
1VWAP7A30JC123456,Volkswagen,2021,2025-11-29 18:12:20.334234,2,20003,"4.7292305,-47.709340"
LZB12345678901234,FAW,2023,2025-11-29 20:53:11.259269,57,8000,"72.887316,8.491538"
F654J5DV77JS46566,Ford,2024,2025-11-29 11:07:58.987498,40,19621,"32.7221355,141.994053"
1VWAP7A30JC123456,Volkswagen,2021,2025-11-29 01:58:08.165152,66,20010,"-3.087542,-35.563429"
1VWAP7A30JC123456,Volkswagen,2021,2025-11-29 12:15:56.973727,57,20003,"-23.6224125,10.414596"
6FDUF4GY1JSC12345,Scania,2016,2025-11-29 15:25:04.123948,58,50003,"9.193022,-45.434024"
1XKAD49X7JJ123456,Kenworth,2015,2025-11-29 22:54:49.679467,38,60007,"68.704146,-98.390358"
1XKAD49X7JJ123456,Kenworth,2015,2025-11-29 17:53:44.151361,42,60005,"8.9981035,-100.634002"
1VWAP7A30JC123456,Volkswagen,2021,2025-11-29 11:20:14.702909,117,20000,"74.397055,-1.839868"
WDBUF56X98B123456,Mercedes-Benz,2017,2025-11-29 14:25:13.878430,41,40006,"26.683766,111.611582"
1VWAP7A30JC123456,Volkswagen,2021,2025-11-29 20:00:00.812021,56,20008,"-47.837383,109.428669"
1XKAD49X7JJ123456,Kenworth,2015,2025-11-29 19:05:25.090652,6,60000,"75.8696055,-114.371030"
F654J5DV77JS98654,Ford,2023,2025-11-29 16:30:01.713450,95,22112,"-6.106845,-92.203922"
3AKJGLD54JSC12345,Freightliner,2022,2025-11-29 10:01:49.121144,100,10006,"18.3805585,-31.592700"
WDBUF56X98B123456,Mercedes-Benz,2017,2025-11-29 12:53:16.886424,47,40007,"-46.2591145,-14.998520"
3GCUKREC0FG123456,Chevrolet,2024,2025-11-29 08:39:07.603477,85,4003,"-0.071253,163.936116"
1V2NC9JX5JC962225,Volvo,2022,2025-11-29 03:57:54.851904,5,11053,"-10.6840475,-81.491801"
1XKAD49X7JJ123456,Kenworth,2015,2025-11-29 14:34:30.075226,1,60010,"-79.662083,175.529062"
6FDUF4GY1JSC12345,Scania,2016,2025-11-29 07:29:43.777112,89,50009,"55.457541,-169.812077"
F654J5DV77JS46566,Ford,2024,2025-11-29 11:36:56.607638,23,19621,"-69.6475045,26.764631"
1XKAD49X7JJ123456,Kenworth,2015,2025-11-29 22:01:46.269871,34,60008,"-69.6885925,-102.290648"
F654J5DV77JS46566,Ford,2024,2025-11-29 03:42:55.072226,114,19623,"44.529175,40.375098"
F654J5DV77JS46566,Ford,2024,2025-11-30 00:52:29.544648,112,19619,"53.9212205,125.744461"
3GCUKREC0FG123456,Chevrolet,2024,2025-11-29 17:43:57.497225,86,4003,"-80.558004,-74.681716"
3GCUKREC0FG123456,Chevrolet,2024,2025-11-29 03:03:26.931083,14,4006,"80.2543665,-129.391512"
F654J5DV77JS46566,Ford,2024,2025-11-29 11:40:04.149352,16,19617,"-35.958408,-177.173002"
6FDUF4GY1JSC12345,Scania,2016,2025-11-29 01:36:34.673719,1,50001,"57.4674555,-5.238123"
6FDUF4GY1JSC12345,Scania,2016,2025-11-29 03:45:06.176448,7,50000,"46.7084975,78.426922"
1VWAP7A30JC123456,Volkswagen,2021,2025-11-29 18:12:46.332672,66,20005,"-34.680145,-100.365153"
LZB12345678901234,FAW,2023,2025-11-29 19:57:55.897089,25,8007,"34.892644,13.875183"
1XKAD49X7JJ123456,Kenworth,2015,2025-11-29 12:01:26.493825,120,60006,"-5.4806135,123.510220"
3GCUKREC0FG893480,Chevrolet,2025,2025-11-29 03:24:02.530447,60,3931,"-7.4687955,-163.692064"
1V2NC9JX5JC123456,Volvo,2022,2025-11-29 05:04:30.141719,39,13570,"12.8178905,-153.593810"
3GCUKREC0FG123456,Chevrolet,2024,2025-11-29 20:15:06.617400,105,4004,"-27.131373,55.923818"
1V2NC9JX5JC123456,Volvo,2022,2025-11-29 12:26:14.316741,77,13568,"62.059966,32.281798"
1XKAD49X7JJ123456,Kenworth,2015,2025-11-29 19:10:22.875244,53,60002,"58.2912105,141.200271"
3GCUKREC0FG123456,Chevrolet,2024,2025-11-29 14:41:32.191897,7,4000,"34.1242015,-89.995158"
F654J5DV77JS46566,Ford,2024,2025-11-29 14:58:08.976305,83,19619,"59.9695115,129.503651"
1V2NC9JX5JC123456,Volvo,2022,2025-11-29 17:36:06.784003,84,13560,"85.769486,-156.997696"
1VWAP7A30JC123456,Volkswagen,2021,2025-11-30 00:52:29.224895,71,20005,"50.1231225,-22.491036"
LZB12345678901234,FAW,2023,2025-11-29 02:40:06.850093,84,8002,"-62.7232075,-13.791779"
1V2NC9JX5JC962225,Volvo,2022,2025-11-29 03:36:17.241941,88,11060,"73.4592395,12.661994"
3GCUKREC0FG123456,Chevrolet,2024,2025-11-29 20:18:41.322661,52,4002,"4.315498,154.745286"
F654J5DV77JS98654,Ford,2023,2025-11-29 05:49:57.257179,3,22110,"58.279181,10.331821"
WDBUF56X98B123456,Mercedes-Benz,2017,2025-11-29 12:48:09.050955,19,40002,"44.3658245,-75.446588"
LZB12345678901234,FAW,2023,2025-11-29 10:25:46.549186,118,8005,"57.717263,18.415732"
1V2NC9JX5JC962225,Volvo,2022,2025-11-29 17:27:28.053855,113,11058,"-81.7586205,142.497070"
3GCUKREC0FG893480,Chevrolet,2025,2025-11-29 05:09:19.440612,113,3934,"20.7267825,113.936393"
1VWAP7A30JC123456,Volkswagen,2021,2025-11-29 10:51:55.150875,78,20000,"64.1848135,-65.015923"
LZB12345678901234,FAW,2023,2025-11-29 21:03:14.660023,84,8002,"20.2524375,64.145925"
F654J5DV77JS98654,Ford,2023,2025-11-30 00:01:04.614878,36,22108,"56.786470,178.260584"
F654J5DV77JS98654,Ford,2023,2025-11-29 23:06:41.706234,3,22106,"73.3278985,140.670998"
1V2NC9JX5JC962225,Volvo,2022,2025-11-29 16:34:23.066151,35,11055,"47.252464,-65.696038"
1VWAP7A30JC123456,Volkswagen,2021,2025-11-29 23:11:41.086740,5,20005,"-33.3759355,-15.245192"
F654J5DV77JS98654,Ford,2023,2025-11-29 16:45:25.683268,18,22109,"-75.317068,-18.078571"
WDBUF56X98B123456,Mercedes-Benz,2017,2025-11-29 07:53:48.471935,44,40002,"-25.0620435,-71.958523"
1V2NC9JX5JC962225,Volvo,2022,2025-11-29 20:04:33.066105,3,11054,"20.461347,-79.044846"
3AKJGLD54JSC12345,Freightliner,2022,2025-11-29 22:18:39.914096,70,10010,"40.2866375,-172.812066"
3GCUKREC0FG123456,Chevrolet,2024,2025-11-29 21:29:10.243212,15,4006,"37.4340935,119.222144"
1VWAP7A30JC123456,Volkswagen,2021,2025-11-29 10:15:38.383691,96,20005,"42.3864965,83.085846"
3GCUKREC0FG123456,Chevrolet,2024,2025-11-29 10:34:49.677864,106,4004,"48.6598765,74.500006"
F654J5DV77JS98654,Ford,2023,2025-11-29 15:01:53.528033,102,22114,"35.852993,-144.965469"
1XKAD49X7JJ123456,Kenworth,2015,2025-11-29 14:56:13.567271,62,60001,"69.620360,-85.140710"
WDBUF56X98B123456,Mercedes-Benz,2017,2025-11-29 17:04:14.425875,113,40010,"-80.6401565,-115.271153"
WDBUF56X98B123456,Mercedes-Benz,2017,2025-11-29 03:45:39.741600,90,40005,"-64.2719395,-29.108199"
F654J5DV77JS98654,Ford,2023,2025-11-29 12:02:01.183305,93,22109,"-55.441254,99.444990"
3GCUKREC0FG893480,Chevrolet,2025,2025-11-29 13:09:11.049444,18,3935,"19.2042905,138.875388"
6FDUF4GY1JSC12345,Scania,2016,2025-11-29 21:12:55.417758,46,50005,"-59.3858855,49.552636"
1XKAD49X7JJ123456,Kenworth,2015,2025-11-29 20:27:39.281549,71,60008,"-20.040040,82.866358"
1V2NC9JX5JC123456,Volvo,2022,2025-11-29 10:36:21.607662,104,13563,"-3.1630815,20.749397"
1XKAD49X7JJ123456,Kenworth,2015,2025-11-29 05:51:17.957816,12,60001,"21.623305,-145.051700"
WDBUF56X98B123456,Mercedes-Benz,2017,2025-11-29 22:13:04.484880,91,40008,"3.329597,95.550595"
3GCUKREC0FG123456,Chevrolet,2024,2025-11-29 08:37:51.767853,87,4007,"-45.283544,130.064892"
1XKAD49X7JJ123456,Kenworth,2015,2025-11-29 08:50:41.070831,60,60001,"63.935793,-151.968785"
F654J5DV77JS98654,Ford,2023,2025-11-29 04:36:15.883489,59,22108,"-60.9605425,5.966720"
F654J5DV77JS98654,Ford,2023,2025-11-29 18:37:57.187575,98,22115,"-56.2248005,-174.769794"
F654J5DV77JS98654,Ford,2023,2025-11-29 11:24:32.711076,9,22108,"6.772312,122.823856"
F654J5DV77JS46566,Ford,2024,2025-11-29 17:53:05.278376,94,19616,"75.2625935,95.877911"
3AKJGLD54JSC12345,Freightliner,2022,2025-11-29 08:19:55.087347,84,10002,"2.2012735,138.628044"
F654J5DV77JS46566,Ford,2024,2025-11-30 00:41:43.157640,5,19623,"79.0567885,64.662748"
1V2NC9JX5JC123456,Volvo,2022,2025-11-29 03:59:05.465147,93,13561,"54.467319,-99.173461"
F654J5DV77JS46566,Ford,2024,2025-11-29 14:29:52.710494,91,19625,"59.1654295,147.500610"
F654J5DV77JS46566,Ford,2024,2025-11-29 22:45:55.367265,45,19615,"-6.5983455,120.340375"
1VWAP7A30JC123456,Volkswagen,2021,2025-11-29 22:13:41.374083,40,20003,"33.5694805,-102.384059"
6FDUF4GY1JSC12345,Scania,2016,2025-11-29 02:27:54.365338,40,50008,"-64.8100075,159.338117"
WDBUF56X98B123456,Mercedes-Benz,2017,2025-11-30 00:14:14.185504,88,40004,"-37.5886735,31.617717"
1VWAP7A30JC123456,Volkswagen,2021,2025-11-29 07:46:33.367061,18,20006,"83.2121055,104.437579"
WDBUF56X98B123456,Mercedes-Benz,2017,2025-11-29 07:13:42.657605,57,40001,"74.396799,98.761973"
3AKJGLD54JSC12345,Freightliner,2022,2025-11-29 04:22:39.740809,10,10004,"41.7950985,107.867371"
3GCUKREC0FG123456,Chevrolet,2024,2025-11-30 00:48:22.666374,82,4006,"51.023345,33.102666"
LZB12345678901234,FAW,2023,2025-11-29 17:51:28.211679,17,8009,"64.9930545,-170.846424"
1V2NC9JX5JC123456,Volvo,2022,2025-11-30 00:33:24.157992,17,13562,"53.1009545,163.317760"
6FDUF4GY1JSC12345,Scania,2016,2025-11-29 15:58:11.004158,5,50007,"-85.7771485,47.042271"
LZB12345678901234,FAW,2023,2025-11-29 02:58:12.064898,117,8004,"60.533567,173.194155"
1XKAD49X7JJ123456,Kenworth,2015,2025-11-29 23:33:00.743303,29,60002,"23.9055235,157.742720"
WDBUF56X98B123456,Mercedes-Benz,2017,2025-11-29 20:35:05.843493,31,40009,"88.3089555,117.739353"
1XKAD49X7JJ123456,Kenworth,2015,2025-11-29 15:12:21.208250,16,60009,"-12.3093815,177.289212"
6FDUF4GY1JSC12345,Scania,2016,2025-11-29 10:37:19.837718,116,50005,"-36.4772095,62.041686"
LZB12345678901234,FAW,2023,2025-11-29 06:31:22.605499,48,8005,"61.413024,-177.543680"
3GCUKREC0FG123456,Chevrolet,2024,2025-11-29 16:34:44.122236,88,4006,"9.6130135,-62.791516"
1VWAP7A30JC123456,Volkswagen,2021,2025-11-29 17:51:00.860465,27,20009,"26.7918915,-144.378306"
F654J5DV77JS98654,Ford,2023,2025-11-29 18:43:41.771983,61,22106,"1.5246995,25.365850"
6FDUF4GY1JSC12345,Scania,2016,2025-11-29 12:22:28.950119,7,50002,"-16.060213,63.335908"
WDBUF56X98B123456,Mercedes-Benz,2017,2025-11-30 00:40:10.294578,69,40002,"87.585808,119.845585"
LZB12345678901234,FAW,2023,2025-11-29 17:37:38.232066,120,8001,"-1.687271,10.435825"
F654J5DV77JS98654,Ford,2023,2025-11-29 16:31:51.567792,38,22107,"-41.277469,139.062992"
F654J5DV77JS46566,Ford,2024,2025-11-29 08:34:59.857438,106,19620,"-79.7267305,54.417205"
F654J5DV77JS46566,Ford,2024,2025-11-29 22:24:38.625823,65,19620,"76.755559,54.378170"
3GCUKREC0FG123456,Chevrolet,2024,2025-11-29 08:38:50.725068,10,4003,"-42.844183,116.935889"
3AKJGLD54JSC12345,Freightliner,2022,2025-11-29 02:21:31.150063,21,10008,"70.4841025,-37.561079"
1XKAD49X7JJ123456,Kenworth,2015,2025-11-29 02:22:36.604376,5,60008,"47.274581,21.007593"
3AKJGLD54JSC12345,Freightliner,2022,2025-11-29 05:41:33.980124,118,10002,"-11.6080515,77.845525"
1V2NC9JX5JC123456,Volvo,2022,2025-11-29 15:03:41.905617,67,13569,"-73.3360225,158.738093"
WDBUF56X98B123456,Mercedes-Benz,2017,2025-11-29 16:54:31.561238,87,40005,"-13.9464275,120.697285"
3AKJGLD54JSC12345,Freightliner,2022,2025-11-29 15:51:50.299767,73,10008,"26.878117,-128.831455"
F654J5DV77JS46566,Ford,2024,2025-11-29 21:34:08.101690,62,19622,"70.3934355,-124.663853"
1XKAD49X7JJ123456,Kenworth,2015,2025-11-29 17:39:23.930332,40,60000,"-52.081706,-171.930816"
1XKAD49X7JJ123456,Kenworth,2015,2025-11-29 03:17:50.463469,69,60002,"-51.740374,-34.741167"
3AKJGLD54JSC12345,Freightliner,2022,2025-11-29 09:58:16.547924,114,10008,"35.869413,-116.372817"
F654J5DV77JS98654,Ford,2023,2025-11-29 02:41:26.883363,101,22109,"25.592629,55.733290"
1V2NC9JX5JC962225,Volvo,2022,2025-11-29 15:17:06.509860,4,11053,"-70.755179,109.781136"
3AKJGLD54JSC12345,Freightliner,2022,2025-11-29 20:46:22.470527,100,10007,"-34.879916,-17.765238"
3GCUKREC0FG893480,Chevrolet,2025,2025-11-29 10:24:13.149038,7,3928,"65.900577,-55.778070"
1XKAD49X7JJ123456,Kenworth,2015,2025-11-29 15:38:34.608339,53,60010,"-35.1973785,4.126052"
1XKAD49X7JJ123456,Kenworth,2015,2025-11-30 01:20:50.687057,118,60007,"-18.3932715,-70.082550"
1V2NC9JX5JC123456,Volvo,2022,2025-11-29 10:06:15.783100,86,13564,"-81.725767,55.113983"
WDBUF56X98B123456,Mercedes-Benz,2017,2025-11-29 18:30:16.628950,61,40005,"-12.621958,-171.142632"
1VWAP7A30JC123456,Volkswagen,2021,2025-11-29 18:12:25.567392,13,20008,"58.8085865,50.628629"
1XKAD49X7JJ123456,Kenworth,2015,2025-11-29 16:39:12.504884,108,60009,"-73.289508,-71.410078"
6FDUF4GY1JSC12345,Scania,2016,2025-11-29 19:54:31.980410,118,50002,"-22.598984,80.542073"
1XKAD49X7JJ123456,Kenworth,2015,2025-11-29 19:38:21.708876,25,60002,"-44.139046,43.081346"
F654J5DV77JS46566,Ford,2024,2025-11-29 07:17:16.608648,5,19618,"-13.7771025,-144.188110"
LZB12345678901234,FAW,2023,2025-11-29 13:12:28.530132,71,8005,"7.8980715,-104.004578"
1V2NC9JX5JC123456,Volvo,2022,2025-11-29 02:31:40.417398,102,13560,"-17.3096645,-38.469705"
LZB12345678901234,FAW,2023,2025-11-29 04:09:04.498010,62,8007,"34.8387205,-126.396875"
1XKAD49X7JJ123456,Kenworth,2015,2025-11-29 13:57:55.332784,105,60004,"38.249080,89.781614"
6FDUF4GY1JSC12345,Scania,2016,2025-11-29 02:01:11.830710,72,50001,"6.327463,-148.892780"
3AKJGLD54JSC12345,Freightliner,2022,2025-11-29 16:59:15.165284,57,10010,"-84.7429405,-175.442373"
LZB12345678901234,FAW,2023,2025-11-29 02:42:08.497938,19,8000,"14.593606,99.404503"
WDBUF56X98B123456,Mercedes-Benz,2017,2025-11-29 18:22:07.711914,50,40010,"43.0739545,174.486250"
3GCUKREC0FG123456,Chevrolet,2024,2025-11-29 13:57:47.708233,36,4009,"44.641587,145.297247"
6FDUF4GY1JSC12345,Scania,2016,2025-11-29 21:39:09.191485,116,50006,"-66.486745,-103.091179"
LZB12345678901234,FAW,2023,2025-11-29 02:06:07.351327,45,8008,"-12.8384975,-77.615430"
F654J5DV77JS46566,Ford,2024,2025-11-29 18:29:17.960981,79,19623,"-50.024707,34.565516"
1V2NC9JX5JC962225,Volvo,2022,2025-11-29 23:21:09.892497,92,11056,"59.2097325,83.024496"
1XKAD49X7JJ123456,Kenworth,2015,2025-11-29 23:42:00.466721,114,60007,"84.047292,96.540221"
3AKJGLD54JSC12345,Freightliner,2022,2025-11-29 02:40:00.639949,120,10001,"-8.2859185,172.746437"
3AKJGLD54JSC12345,Freightliner,2022,2025-11-29 15:00:00.285460,10,10007,"-67.875410,33.072484"
6FDUF4GY1JSC12345,Scania,2016,2025-11-29 11:55:52.234115,107,50010,"-57.539869,-143.580323"
3GCUKREC0FG123456,Chevrolet,2024,2025-11-29 01:37:49.633264,22,4001,"-19.8317445,164.883235"
1V2NC9JX5JC962225,Volvo,2022,2025-11-29 13:12:45.206457,72,11050,"-26.113489,-100.414568"
LZB12345678901234,FAW,2023,2025-11-29 07:53:45.535326,32,8001,"26.708094,111.913602"
F654J5DV77JS98654,Ford,2023,2025-11-29 18:01:03.886682,10,22107,"-2.982052,93.711203"
1V2NC9JX5JC962225,Volvo,2022,2025-11-29 22:27:19.510354,110,11052,"86.8431825,-131.712509"
1VWAP7A30JC123456,Volkswagen,2021,2025-11-29 18:07:16.113492,53,20003,"-8.2228785,-125.667226"
6FDUF4GY1JSC12345,Scania,2016,2025-11-29 13:05:36.712411,50,50005,"-86.0570555,4.414785"
LZB12345678901234,FAW,2023,2025-11-29 08:57:58.905250,72,8008,"-82.981566,61.752772"
1V2NC9JX5JC962225,Volvo,2022,2025-11-29 04:26:03.068645,109,11059,"78.5211945,-16.479764"
F654J5DV77JS98654,Ford,2023,2025-11-29 22:31:25.050121,82,22107,"17.6795075,-31.212777"
1V2NC9JX5JC962225,Volvo,2022,2025-11-29 09:40:49.186403,56,11050,"-81.291767,10.613102"
F654J5DV77JS98654,Ford,2023,2025-11-29 18:35:47.338307,44,22111,"-1.326500,158.681757"
F654J5DV77JS98654,Ford,2023,2025-11-29 09:20:12.905989,101,22106,"30.4700245,-88.722045"
3GCUKREC0FG893480,Chevrolet,2025,2025-11-29 12:22:05.655149,98,3933,"58.332309,-3.422963"
F654J5DV77JS98654,Ford,2023,2025-11-29 05:25:31.246079,73,22106,"-89.764095,-156.530568"
1XKAD49X7JJ123456,Kenworth,2015,2025-11-29 11:08:00.006629,3,60008,"57.759566,1.162772"
1V2NC9JX5JC123456,Volvo,2022,2025-11-29 11:09:12.769147,33,13562,"-15.7114355,177.473560"
F654J5DV77JS98654,Ford,2023,2025-11-29 22:24:52.567787,68,22110,"-72.580819,-14.911718"
1VWAP7A30JC123456,Volkswagen,2021,2025-11-29 18:52:55.555872,56,20008,"-24.426941,-17.320341"
1V2NC9JX5JC962225,Volvo,2022,2025-11-29 15:36:07.584577,115,11059,"-20.0678545,173.577759"
1V2NC9JX5JC123456,Volvo,2022,2025-11-29 21:31:23.639477,25,13560,"-65.065946,9.272385"
1VWAP7A30JC123456,Volkswagen,2021,2025-11-29 08:17:21.153977,35,20000,"54.500229,8.694379"
F654J5DV77JS98654,Ford,2023,2025-11-29 04:17:39.217274,6,22109,"-26.5838915,178.616274"
3AKJGLD54JSC12345,Freightliner,2022,2025-11-29 18:11:34.444222,93,10002,"73.148253,-77.809622"
6FDUF4GY1JSC12345,Scania,2016,2025-11-30 00:35:18.493289,61,50005,"-64.123204,110.774399"
1V2NC9JX5JC962225,Volvo,2022,2025-11-29 09:03:53.745716,13,11050,"-85.952695,-24.651577"
1V2NC9JX5JC123456,Volvo,2022,2025-11-29 02:56:47.986136,11,13567,"-23.8354765,109.718052"
F654J5DV77JS98654,Ford,2023,2025-11-29 15:43:44.063358,114,22111,"-24.8894335,-158.288689"
6FDUF4GY1JSC12345,Scania,2016,2025-11-29 14:53:30.304844,77,50010,"-44.047298,166.788557"
F654J5DV77JS98654,Ford,2023,2025-11-29 07:06:04.356957,101,22109,"-0.7359105,-15.060986"
1XKAD49X7JJ123456,Kenworth,2015,2025-11-29 05:59:13.932973,75,60007,"27.8729455,41.342714"
WDBUF56X98B123456,Mercedes-Benz,2017,2025-11-29 11:12:55.706357,38,40001,"61.4318235,-24.801625"
1V2NC9JX5JC123456,Volvo,2022,2025-11-29 22:23:34.164191,40,13569,"10.4405915,-7.866748"
F654J5DV77JS46566,Ford,2024,2025-11-29 16:12:42.360198,25,19618,"81.787863,-95.933534"
WDBUF56X98B123456,Mercedes-Benz,2017,2025-11-29 16:44:52.029689,35,40008,"-10.265259,86.461071"
1V2NC9JX5JC962225,Volvo,2022,2025-11-29 14:17:15.165104,67,11055,"43.312012,-134.527399"
1XKAD49X7JJ123456,Kenworth,2015,2025-11-29 10:28:03.896394,57,60003,"39.6675555,-105.564912"
1V2NC9JX5JC123456,Volvo,2022,2025-11-29 23:43:45.314648,107,13569,"-63.8360835,-36.505070"
1V2NC9JX5JC123456,Volvo,2022,2025-11-29 08:36:40.836554,103,13567,"26.0829805,165.127882"
WDBUF56X98B123456,Mercedes-Benz,2017,2025-11-29 09:32:12.336577,14,40007,"-60.2321535,74.175195"
3GCUKREC0FG893480,Chevrolet,2025,2025-11-29 11:05:52.707678,105,3933,"-22.799624,77.792188"
3GCUKREC0FG893480,Chevrolet,2025,2025-11-29 23:24:41.530609,21,3929,"-53.936611,-128.199722"
1V2NC9JX5JC123456,Volvo,2022,2025-11-29 18:27:14.806858,98,13563,"-87.996772,114.649056"
6FDUF4GY1JSC12345,Scania,2016,2025-11-30 00:26:04.308264,93,50001,"8.669188,136.742989"
WDBUF56X98B123456,Mercedes-Benz,2017,2025-11-29 20:00:14.741330,54,40005,"-87.883755,-8.549680"
1V2NC9JX5JC962225,Volvo,2022,2025-11-29 08:27:42.254277,70,11055,"-38.7358885,138.056928"
WDBUF56X98B123456,Mercedes-Benz,2017,2025-11-30 01:26:51.594505,87,40001,"7.5556785,-16.588834"
1V2NC9JX5JC962225,Volvo,2022,2025-11-29 07:43:45.402447,28,11056,"37.2175955,-28.344495"
1VWAP7A30JC123456,Volkswagen,2021,2025-11-29 08:19:01.484897,44,20003,"-14.013442,63.404189"
1VWAP7A30JC123456,Volkswagen,2021,2025-11-29 22:32:53.592677,84,20001,"7.839759,142.294509"
3GCUKREC0FG123456,Chevrolet,2024,2025-11-29 19:13:25.031191,22,4009,"61.202361,-149.435821"
3GCUKREC0FG123456,Chevrolet,2024,2025-11-29 10:43:46.436975,119,4001,"57.350984,-104.485571"
F654J5DV77JS98654,Ford,2023,2025-11-29 16:47:55.834419,70,22109,"-41.3704715,176.114788"
3GCUKREC0FG123456,Chevrolet,2024,2025-11-29 04:24:35.693095,33,4002,"14.4790495,149.377781"
WDBUF56X98B123456,Mercedes-Benz,2017,2025-11-29 11:07:28.890841,1,40008,"-61.3691095,8.332324"
1V2NC9JX5JC962225,Volvo,2022,2025-11-29 08:31:28.032451,118,11058,"56.1211255,-1.358117"
WDBUF56X98B123456,Mercedes-Benz,2017,2025-11-29 23:21:50.756434,116,40007,"-56.600171,115.784067"
F654J5DV77JS46566,Ford,2024,2025-11-29 17:40:03.476347,4,19619,"-64.204563,130.942822"
3GCUKREC0FG123456,Chevrolet,2024,2025-11-29 22:45:49.386157,55,4004,"45.460792,98.845007"
1V2NC9JX5JC123456,Volvo,2022,2025-11-29 22:04:44.090011,81,13569,"26.563069,-53.086047"
F654J5DV77JS46566,Ford,2024,2025-11-29 17:51:13.765484,116,19624,"-29.5355815,-36.308460"
3AKJGLD54JSC12345,Freightliner,2022,2025-11-29 20:28:48.667011,69,10000,"71.9877465,-62.886643"
1V2NC9JX5JC962225,Volvo,2022,2025-11-29 12:03:03.102040,42,11050,"52.787590,27.274515"
1V2NC9JX5JC962225,Volvo,2022,2025-11-29 19:32:55.105864,38,11053,"-19.529194,58.273198"
1V2NC9JX5JC123456,Volvo,2022,2025-11-29 22:30:34.356644,55,13565,"-38.265384,80.086318"
3AKJGLD54JSC12345,Freightliner,2022,2025-11-29 02:08:36.721924,70,10009,"-30.546340,16.002362"
F654J5DV77JS98654,Ford,2023,2025-11-29 07:55:59.204288,17,22112,"8.795375,156.185098"
3AKJGLD54JSC12345,Freightliner,2022,2025-11-29 04:03:11.626693,27,10000,"73.395213,94.284148"
1V2NC9JX5JC962225,Volvo,2022,2025-11-29 10:16:44.652850,117,11055,"-37.625377,-42.761521"
F654J5DV77JS46566,Ford,2024,2025-11-29 23:52:48.913506,107,19620,"-27.7873975,-136.819080"
LZB12345678901234,FAW,2023,2025-11-29 11:27:02.371298,22,8010,"-33.945907,-162.838415"
1XKAD49X7JJ123456,Kenworth,2015,2025-11-29 19:16:28.504551,32,60008,"85.308508,-20.305495"
3GCUKREC0FG893480,Chevrolet,2025,2025-11-29 20:23:50.059723,89,3926,"35.4800595,2.576204"
3GCUKREC0FG123456,Chevrolet,2024,2025-11-29 12:50:05.506654,97,4006,"13.092186,3.412619"
LZB12345678901234,FAW,2023,2025-11-29 11:23:39.847873,53,8009,"-63.782813,45.086873"
3GCUKREC0FG123456,Chevrolet,2024,2025-11-29 11:13:12.934055,17,3999,"-59.873888,57.209920"
1XKAD49X7JJ123456,Kenworth,2015,2025-11-29 01:43:59.907678,34,60005,"-45.353049,-79.764588"
1V2NC9JX5JC962225,Volvo,2022,2025-11-29 20:43:58.349893,27,11053,"-46.261837,174.893185"
3GCUKREC0FG123456,Chevrolet,2024,2025-11-29 01:37:52.933732,62,3999,"28.462304,66.746164"
F654J5DV77JS98654,Ford,2023,2025-11-29 02:33:19.980899,24,22109,"-75.6455485,-72.652183"
3AKJGLD54JSC12345,Freightliner,2022,2025-11-29 19:43:09.946765,108,10008,"47.782002,-130.789114"
F654J5DV77JS46566,Ford,2024,2025-11-29 23:17:45.614152,45,19618,"-66.934821,-81.412050"
3AKJGLD54JSC12345,Freightliner,2022,2025-11-29 18:11:10.080055,117,10004,"15.564182,-98.751107"
F654J5DV77JS46566,Ford,2024,2025-11-29 03:24:10.789032,62,19621,"45.2255395,84.140107"
1VWAP7A30JC123456,Volkswagen,2021,2025-11-29 18:28:55.410329,26,20003,"65.771796,6.645890"
1V2NC9JX5JC123456,Volvo,2022,2025-11-30 00:16:13.167160,2,13570,"-39.5829425,-135.717150"
3GCUKREC0FG893480,Chevrolet,2025,2025-11-29 04:47:19.798694,85,3929,"34.391992,-165.745684"
3AKJGLD54JSC12345,Freightliner,2022,2025-11-29 17:48:24.870934,70,10003,"56.6238505,-142.411836"
1VWAP7A30JC123456,Volkswagen,2021,2025-11-29 11:24:16.394129,62,20002,"-69.582336,118.575146"
1VWAP7A30JC123456,Volkswagen,2021,2025-11-29 02:55:54.048660,14,20003,"-76.3740495,110.320939"
1VWAP7A30JC123456,Volkswagen,2021,2025-11-29 16:22:09.940333,17,20010,"71.911255,-116.142098"
1XKAD49X7JJ123456,Kenworth,2015,2025-11-29 07:56:41.623972,91,60001,"88.7253705,-69.385728"
3GCUKREC0FG893480,Chevrolet,2025,2025-11-29 15:47:49.068540,24,3926,"-88.396031,-66.381189"
LZB12345678901234,FAW,2023,2025-11-29 12:20:00.324809,7,8009,"22.6645485,104.422284"
1V2NC9JX5JC123456,Volvo,2022,2025-11-29 12:29:19.846610,10,13563,"78.5492165,66.523906"
3GCUKREC0FG123456,Chevrolet,2024,2025-11-29 19:54:44.411494,43,4003,"28.7989105,103.311187"
3GCUKREC0FG123456,Chevrolet,2024,2025-11-29 04:42:24.773806,46,4004,"-33.069873,-14.651488"
1VWAP7A30JC123456,Volkswagen,2021,2025-11-29 16:23:44.214406,76,20004,"88.1997765,-29.889387"
3GCUKREC0FG893480,Chevrolet,2025,2025-11-29 23:58:22.372808,65,3932,"14.6293655,-146.484158"
F654J5DV77JS46566,Ford,2024,2025-11-29 06:50:35.544990,43,19624,"-31.3405565,129.212280"
F654J5DV77JS98654,Ford,2023,2025-11-29 10:02:53.422845,66,22109,"85.7625045,-146.207785"
F654J5DV77JS46566,Ford,2024,2025-11-29 22:00:21.867872,30,19622,"34.0290995,62.017440"
3AKJGLD54JSC12345,Freightliner,2022,2025-11-29 07:19:34.416046,96,10007,"-69.566057,-46.869418"
6FDUF4GY1JSC12345,Scania,2016,2025-11-29 20:51:03.569837,99,50010,"68.5037955,142.935997"
1V2NC9JX5JC962225,Volvo,2022,2025-11-29 10:25:32.139356,105,11057,"-34.1232405,-157.649138"
3AKJGLD54JSC12345,Freightliner,2022,2025-11-29 12:45:37.673237,120,10007,"-56.840661,-149.384222"
3GCUKREC0FG123456,Chevrolet,2024,2025-11-29 10:30:20.510202,115,4007,"-21.612418,-23.084991"
1V2NC9JX5JC123456,Volvo,2022,2025-11-29 23:35:50.140067,103,13565,"-83.875455,27.701939"
3GCUKREC0FG893480,Chevrolet,2025,2025-11-29 08:01:36.584657,15,3934,"-61.0932005,29.352614"
3GCUKREC0FG893480,Chevrolet,2025,2025-11-29 11:40:48.458485,27,3932,"43.2892865,-178.968992"
1VWAP7A30JC123456,Volkswagen,2021,2025-11-29 22:23:30.740713,119,20009,"85.332403,-142.051930"
3AKJGLD54JSC12345,Freightliner,2022,2025-11-29 03:04:49.274054,47,10006,"18.749099,-18.438592"
3GCUKREC0FG123456,Chevrolet,2024,2025-11-29 12:55:49.195275,103,4006,"45.592587,-57.050691"
WDBUF56X98B123456,Mercedes-Benz,2017,2025-11-29 10:15:55.019097,78,40002,"54.1272245,135.572437"
6FDUF4GY1JSC12345,Scania,2016,2025-11-29 07:49:16.134470,34,50007,"-52.373228,65.143082"
F654J5DV77JS98654,Ford,2023,2025-11-29 04:17:54.332630,30,22112,"-37.5367855,45.171183"
1VWAP7A30JC123456,Volkswagen,2021,2025-11-29 03:37:01.297081,118,20004,"63.609868,-157.483756"
LZB12345678901234,FAW,2023,2025-11-29 23:25:49.200701,28,8000,"74.517460,-56.884068"
F654J5DV77JS46566,Ford,2024,2025-11-29 14:36:34.027661,88,19616,"-42.8866015,111.849576"
1VWAP7A30JC123456,Volkswagen,2021,2025-11-29 22:53:34.786022,62,20004,"89.539359,-46.690723"
WDBUF56X98B123456,Mercedes-Benz,2017,2025-11-29 09:01:46.523917,55,40009,"3.3383495,178.640992"
1XKAD49X7JJ123456,Kenworth,2015,2025-11-29 13:07:58.944223,26,60001,"8.830410,134.924606"
1VWAP7A30JC123456,Volkswagen,2021,2025-11-29 16:37:26.935998,50,20003,"-23.1658535,61.562529"
3AKJGLD54JSC12345,Freightliner,2022,2025-11-30 01:09:56.326382,4,10003,"32.670583,79.519612"
3GCUKREC0FG893480,Chevrolet,2025,2025-11-29 11:09:41.245671,108,3930,"-71.9752635,79.826018"
LZB12345678901234,FAW,2023,2025-11-29 01:34:58.195571,112,8010,"2.1910395,-57.687880"
LZB12345678901234,FAW,2023,2025-11-29 18:04:53.168705,66,8000,"-81.2639165,-141.668280"
F654J5DV77JS98654,Ford,2023,2025-11-29 20:46:41.473834,88,22113,"-14.129167,-78.501737"
3GCUKREC0FG893480,Chevrolet,2025,2025-11-29 12:54:14.374998,20,3935,"29.9651855,83.614040"
WDBUF56X98B123456,Mercedes-Benz,2017,2025-11-29 20:15:25.759118,29,40004,"8.388978,92.782020"
F654J5DV77JS98654,Ford,2023,2025-11-29 03:25:00.113628,82,22108,"67.7651675,20.835841"
LZB12345678901234,FAW,2023,2025-11-29 23:03:22.234022,80,8003,"-60.103973,28.399638"
6FDUF4GY1JSC12345,Scania,2016,2025-11-29 18:56:19.945996,36,50002,"41.426160,170.922111"
F654J5DV77JS46566,Ford,2024,2025-11-29 17:52:01.729824,74,19618,"9.2741095,86.944623"
3GCUKREC0FG123456,Chevrolet,2024,2025-11-29 19:57:38.785177,20,4000,"81.2110455,-59.991462"
1V2NC9JX5JC123456,Volvo,2022,2025-11-29 19:13:22.456837,5,13567,"1.0609395,-74.845240"
F654J5DV77JS98654,Ford,2023,2025-11-30 00:35:38.978801,81,22107,"46.9167595,-65.183401"
1V2NC9JX5JC962225,Volvo,2022,2025-11-29 03:52:45.565929,108,11053,"-3.920116,65.394577"
6FDUF4GY1JSC12345,Scania,2016,2025-11-29 06:17:21.055917,41,50004,"15.054773,-141.423609"
F654J5DV77JS46566,Ford,2024,2025-11-29 06:03:52.919474,49,19625,"-25.069808,-11.646369"
F654J5DV77JS98654,Ford,2023,2025-11-29 17:08:49.338489,107,22108,"-25.118849,120.356722"
1V2NC9JX5JC123456,Volvo,2022,2025-11-29 23:42:54.865552,80,13570,"-59.1111355,-117.995679"
6FDUF4GY1JSC12345,Scania,2016,2025-11-29 22:40:46.604777,48,50003,"11.725872,-116.327729"
1V2NC9JX5JC123456,Volvo,2022,2025-11-29 14:31:33.593040,100,13567,"52.568251,-158.346648"
1V2NC9JX5JC962225,Volvo,2022,2025-11-30 01:28:14.059248,25,11054,"64.250170,-136.059089"
WDBUF56X98B123456,Mercedes-Benz,2017,2025-11-29 05:40:00.513894,16,40003,"15.778409,68.323814"
F654J5DV77JS98654,Ford,2023,2025-11-29 18:12:27.120813,57,22116,"-52.697585,114.908012"
1XKAD49X7JJ123456,Kenworth,2015,2025-11-29 15:59:29.723106,104,60003,"-84.083635,-133.753798"
LZB12345678901234,FAW,2023,2025-11-29 23:06:36.602744,2,8007,"-80.9421695,-144.831628"
6FDUF4GY1JSC12345,Scania,2016,2025-11-29 01:53:41.331389,114,50009,"-81.924121,0.897878"
6FDUF4GY1JSC12345,Scania,2016,2025-11-29 14:57:40.975186,90,50002,"3.3215025,12.654470"
3AKJGLD54JSC12345,Freightliner,2022,2025-11-29 14:06:56.571246,91,10009,"-25.925820,41.126370"
F654J5DV77JS46566,Ford,2024,2025-11-29 14:29:51.795238,70,19622,"69.2361685,158.191154"
F654J5DV77JS46566,Ford,2024,2025-11-29 13:35:15.848416,23,19623,"2.202572,-63.442099"
F654J5DV77JS98654,Ford,2023,2025-11-29 09:13:40.827306,106,22111,"3.150166,-74.817432"
LZB12345678901234,FAW,2023,2025-11-29 23:02:59.233167,102,8007,"-16.100254,-157.144657"
1VWAP7A30JC123456,Volkswagen,2021,2025-11-29 05:41:08.278852,51,20007,"-28.2548405,178.152035"
F654J5DV77JS98654,Ford,2023,2025-11-29 08:42:53.950701,51,22111,"-4.915126,-70.946543"
1V2NC9JX5JC123456,Volvo,2022,2025-11-29 23:48:15.744730,107,13562,"-63.036544,173.641433"
F654J5DV77JS46566,Ford,2024,2025-11-29 10:12:11.517203,52,19616,"-57.934457,44.638976"
F654J5DV77JS46566,Ford,2024,2025-11-29 06:32:35.211407,78,19619,"38.919513,136.574469"
F654J5DV77JS98654,Ford,2023,2025-11-29 03:47:05.906683,101,22106,"63.109127,60.295494"
3AKJGLD54JSC12345,Freightliner,2022,2025-11-29 14:42:36.232340,69,10008,"-1.3212055,-5.557739"
LZB12345678901234,FAW,2023,2025-11-29 15:58:41.386235,1,8006,"49.639075,112.308233"
WDBUF56X98B123456,Mercedes-Benz,2017,2025-11-29 09:02:03.701952,90,40006,"-23.4868345,-147.865535"
F654J5DV77JS46566,Ford,2024,2025-11-29 01:56:45.146695,75,19618,"65.528202,31.914067"
1V2NC9JX5JC962225,Volvo,2022,2025-11-29 21:48:47.195534,3,11058,"-59.6985495,154.882070"
F654J5DV77JS46566,Ford,2024,2025-11-29 02:55:36.244851,94,19616,"39.286299,-109.923018"
F654J5DV77JS46566,Ford,2024,2025-11-29 23:31:38.498809,37,19625,"-13.744139,-140.694651"
1V2NC9JX5JC962225,Volvo,2022,2025-11-30 00:43:15.297064,115,11060,"-70.912443,-45.618350"
3AKJGLD54JSC12345,Freightliner,2022,2025-11-29 18:52:54.295049,21,10003,"7.995482,-117.132697"
6FDUF4GY1JSC12345,Scania,2016,2025-11-29 20:30:08.923314,117,50008,"0.512751,-21.235901"
3AKJGLD54JSC12345,Freightliner,2022,2025-11-29 21:22:09.330640,117,10005,"86.9125035,-19.266799"
LZB12345678901234,FAW,2023,2025-11-29 18:36:16.732454,33,8003,"26.725714,30.171204"
F654J5DV77JS98654,Ford,2023,2025-11-29 18:18:36.003994,74,22113,"36.673479,-171.195261"
3GCUKREC0FG893480,Chevrolet,2025,2025-11-29 07:03:15.721755,118,3928,"74.8847335,-56.197427"
3GCUKREC0FG123456,Chevrolet,2024,2025-11-29 16:33:45.965935,41,4008,"-47.267243,-8.488236"
3AKJGLD54JSC12345,Freightliner,2022,2025-11-29 17:33:41.898904,30,10008,"62.6489735,21.543965"
1V2NC9JX5JC123456,Volvo,2022,2025-11-29 09:02:13.046452,7,13565,"72.542982,132.276148"
F654J5DV77JS46566,Ford,2024,2025-11-29 06:02:36.787019,89,19616,"51.7249445,57.242577"
1VWAP7A30JC123456,Volkswagen,2021,2025-11-29 07:16:28.277443,81,20006,"6.392977,-140.402339"
F654J5DV77JS98654,Ford,2023,2025-11-29 21:47:30.915123,84,22107,"-31.403662,-23.979900"
3AKJGLD54JSC12345,Freightliner,2022,2025-11-29 05:41:07.108559,55,10009,"-54.308690,143.058699"
3GCUKREC0FG123456,Chevrolet,2024,2025-11-29 04:44:39.927203,59,4001,"-2.8180045,-86.790725"
WDBUF56X98B123456,Mercedes-Benz,2017,2025-11-29 16:46:16.213849,22,40004,"73.5233775,-156.492358"
WDBUF56X98B123456,Mercedes-Benz,2017,2025-11-29 03:09:13.150634,71,40002,"53.2970915,31.553179"
6FDUF4GY1JSC12345,Scania,2016,2025-11-29 05:02:54.580987,71,50001,"-36.486108,-71.225849"
1XKAD49X7JJ123456,Kenworth,2015,2025-11-29 11:10:24.635884,54,60005,"-20.960520,-81.282270"
3AKJGLD54JSC12345,Freightliner,2022,2025-11-29 10:45:35.191138,16,10006,"1.437575,-50.741976"
3AKJGLD54JSC12345,Freightliner,2022,2025-11-29 20:12:41.771169,0,10008,"-12.7905725,-46.085702"
F654J5DV77JS46566,Ford,2024,2025-11-29 11:54:11.972301,14,19621,"-60.711337,108.019888"
3GCUKREC0FG123456,Chevrolet,2024,2025-11-29 17:02:37.055501,98,4008,"59.9837835,177.956951"
F654J5DV77JS98654,Ford,2023,2025-11-29 19:20:14.066765,19,22109,"-88.2193865,61.499190"
3AKJGLD54JSC12345,Freightliner,2022,2025-11-29 22:20:32.934623,54,10004,"17.368432,83.667287"
1V2NC9JX5JC962225,Volvo,2022,2025-11-29 21:54:00.213949,89,11058,"-63.8908285,35.674278"
3AKJGLD54JSC12345,Freightliner,2022,2025-11-29 22:16:41.052146,40,10002,"-43.6374955,-154.290589"
1VWAP7A30JC123456,Volkswagen,2021,2025-11-29 06:59:29.814770,7,20003,"68.8046435,-96.885008"
3GCUKREC0FG123456,Chevrolet,2024,2025-11-29 18:08:58.036096,90,4006,"-5.2341405,-4.386591"
3GCUKREC0FG893480,Chevrolet,2025,2025-11-29 14:37:36.475348,62,3929,"79.216421,-57.218391"
6FDUF4GY1JSC12345,Scania,2016,2025-11-29 06:25:20.237665,11,50003,"-28.227871,-59.337391"
3GCUKREC0FG893480,Chevrolet,2025,2025-11-30 00:05:13.306225,63,3928,"-74.9866365,-80.607566"
3AKJGLD54JSC12345,Freightliner,2022,2025-11-29 13:23:36.002517,56,10005,"-27.990018,51.477377"
F654J5DV77JS46566,Ford,2024,2025-11-29 18:29:16.864669,28,19617,"18.134505,129.877187"
WDBUF56X98B123456,Mercedes-Benz,2017,2025-11-29 18:41:41.150257,103,40001,"-43.1107475,-27.986767"
1VWAP7A30JC123456,Volkswagen,2021,2025-11-29 11:27:46.542963,92,20009,"83.374074,-60.362606"
3GCUKREC0FG123456,Chevrolet,2024,2025-11-29 13:06:12.822770,15,4008,"56.9839265,-152.402272"
F654J5DV77JS46566,Ford,2024,2025-11-29 20:41:30.524934,72,19615,"-39.891240,-101.210133"
LZB12345678901234,FAW,2023,2025-11-29 05:58:48.427260,117,8000,"-81.293372,-159.107715"
1V2NC9JX5JC123456,Volvo,2022,2025-11-29 13:33:35.533946,31,13570,"-41.707843,-119.274178"
1V2NC9JX5JC962225,Volvo,2022,2025-11-30 00:44:16.706024,76,11054,"28.3418625,-38.854708"
3GCUKREC0FG123456,Chevrolet,2024,2025-11-29 09:25:52.035515,52,4004,"8.0571435,-58.102330"
3AKJGLD54JSC12345,Freightliner,2022,2025-11-29 09:22:54.021373,95,10007,"32.5600725,75.163092"
1V2NC9JX5JC962225,Volvo,2022,2025-11-29 20:20:14.236708,40,11055,"-49.7825365,26.441026"
LZB12345678901234,FAW,2023,2025-11-29 08:43:03.865056,81,8003,"36.016094,171.067837"
3GCUKREC0FG123456,Chevrolet,2024,2025-11-30 00:13:49.347287,68,3999,"71.7105615,84.625264"
LZB12345678901234,FAW,2023,2025-11-29 13:53:53.114389,84,8008,"71.419761,29.988562"
WDBUF56X98B123456,Mercedes-Benz,2017,2025-11-29 07:43:19.653196,65,40001,"-1.5686655,-21.041953"
1VWAP7A30JC123456,Volkswagen,2021,2025-11-29 20:40:28.662694,21,20008,"34.6019475,-132.829794"
LZB12345678901234,FAW,2023,2025-11-30 01:39:20.866078,35,8004,"45.224288,86.636121"
F654J5DV77JS98654,Ford,2023,2025-11-29 23:51:28.772589,27,22116,"37.5784745,127.445926"
3AKJGLD54JSC12345,Freightliner,2022,2025-11-29 17:58:38.703094,61,10001,"1.4039675,20.391502"
1V2NC9JX5JC123456,Volvo,2022,2025-11-29 17:53:18.212233,41,13562,"30.1676705,-136.474621"
F654J5DV77JS46566,Ford,2024,2025-11-29 04:17:33.474217,66,19619,"-83.0430135,154.631291"
F654J5DV77JS46566,Ford,2024,2025-11-29 23:14:17.509866,2,19617,"87.796249,83.659342"
1V2NC9JX5JC123456,Volvo,2022,2025-11-29 21:47:31.452750,114,13568,"70.9439675,-98.030474"
WDBUF56X98B123456,Mercedes-Benz,2017,2025-11-30 00:32:59.524271,113,40010,"59.8327125,93.301443"
1XKAD49X7JJ123456,Kenworth,2015,2025-11-29 09:09:48.547703,5,60010,"-27.235123,67.585432"
F654J5DV77JS46566,Ford,2024,2025-11-29 11:06:49.897073,50,19625,"26.713667,128.590135"
1XKAD49X7JJ123456,Kenworth,2015,2025-11-29 17:33:00.291373,92,60009,"2.7024175,-176.047406"
3AKJGLD54JSC12345,Freightliner,2022,2025-11-29 16:03:47.412084,115,10008,"-20.631087,108.792452"
1VWAP7A30JC123456,Volkswagen,2021,2025-11-29 22:59:46.604005,75,20001,"-43.610358,93.314781"
6FDUF4GY1JSC12345,Scania,2016,2025-11-30 00:21:38.964536,57,50008,"-41.3673585,-36.449237"
6FDUF4GY1JSC12345,Scania,2016,2025-11-29 18:27:05.859685,105,50004,"32.4163705,153.871030"
1XKAD49X7JJ123456,Kenworth,2015,2025-11-29 10:19:28.623511,63,60003,"-88.7792335,0.084113"
6FDUF4GY1JSC12345,Scania,2016,2025-11-29 13:00:40.652028,51,50010,"-41.2948385,152.023797"
F654J5DV77JS46566,Ford,2024,2025-11-29 20:40:58.261731,4,19618,"-59.1986165,-62.414239"
3GCUKREC0FG893480,Chevrolet,2025,2025-11-29 09:01:12.630729,107,3935,"-73.260270,-26.977423"
3AKJGLD54JSC12345,Freightliner,2022,2025-11-30 00:41:17.159474,41,10004,"-21.413660,-171.916948"
WDBUF56X98B123456,Mercedes-Benz,2017,2025-11-30 00:41:28.832209,96,40009,"36.956986,-113.682656"
WDBUF56X98B123456,Mercedes-Benz,2017,2025-11-29 06:57:54.313323,12,40002,"-1.6333395,-117.451007"
LZB12345678901234,FAW,2023,2025-11-29 14:31:41.723081,94,8006,"-24.0596265,-70.662380"
WDBUF56X98B123456,Mercedes-Benz,2017,2025-11-29 22:38:20.191077,18,40001,"-65.783765,-42.957031"
F654J5DV77JS46566,Ford,2024,2025-11-29 04:05:52.638127,57,19619,"41.8464465,-60.388597"
1V2NC9JX5JC123456,Volvo,2022,2025-11-29 02:33:53.885128,11,13565,"-67.461308,25.458484"
1XKAD49X7JJ123456,Kenworth,2015,2025-11-29 19:25:21.978170,41,60002,"-0.169158,121.692332"
1V2NC9JX5JC123456,Volvo,2022,2025-11-29 20:49:05.358832,64,13566,"76.757393,-18.794612"
1V2NC9JX5JC123456,Volvo,2022,2025-11-29 21:23:44.018208,97,13564,"-53.4401485,70.400639"
3GCUKREC0FG123456,Chevrolet,2024,2025-11-29 15:09:20.885055,17,4002,"32.326973,122.555063"
LZB12345678901234,FAW,2023,2025-11-29 16:36:17.010701,105,8001,"-85.450129,-158.031894"
1V2NC9JX5JC123456,Volvo,2022,2025-11-29 06:02:40.139969,33,13560,"2.889449,88.847563"
3GCUKREC0FG893480,Chevrolet,2025,2025-11-29 04:17:34.533555,3,3931,"-77.606925,1.294326"
3GCUKREC0FG123456,Chevrolet,2024,2025-11-30 01:12:11.199897,91,4002,"-65.588573,71.973742"
6FDUF4GY1JSC12345,Scania,2016,2025-11-29 02:04:06.429207,117,50002,"-52.2378685,-30.934359"
1V2NC9JX5JC123456,Volvo,2022,2025-11-29 17:20:09.100079,72,13562,"59.8188575,20.139895"
1V2NC9JX5JC962225,Volvo,2022,2025-11-29 16:55:46.131160,12,11060,"-14.9227345,126.056968"
WDBUF56X98B123456,Mercedes-Benz,2017,2025-11-29 21:41:23.690257,68,40004,"-22.959054,-0.198312"
3AKJGLD54JSC12345,Freightliner,2022,2025-11-29 02:44:09.946441,120,10002,"18.4673585,18.082658"
1V2NC9JX5JC962225,Volvo,2022,2025-11-29 13:57:38.555633,118,11055,"64.980132,-59.738179"
3AKJGLD54JSC12345,Freightliner,2022,2025-11-29 05:09:27.171047,49,10004,"-68.7565005,41.648975"
1V2NC9JX5JC962225,Volvo,2022,2025-11-29 08:27:34.005994,28,11059,"57.329877,170.563861"
3AKJGLD54JSC12345,Freightliner,2022,2025-11-29 22:32:41.588262,82,10009,"70.633003,-50.416982"
1VWAP7A30JC123456,Volkswagen,2021,2025-11-29 04:15:26.348209,76,20004,"55.345113,-117.818184"
3GCUKREC0FG123456,Chevrolet,2024,2025-11-29 17:47:15.931942,55,4003,"-78.0589865,-133.030070"
6FDUF4GY1JSC12345,Scania,2016,2025-11-29 20:25:46.627627,58,50009,"-27.9226535,-123.470134"
F654J5DV77JS46566,Ford,2024,2025-11-29 23:54:52.163920,100,19625,"78.637894,53.289707"
F654J5DV77JS46566,Ford,2024,2025-11-29 19:26:54.183447,25,19623,"-46.3083485,-101.202014"
F654J5DV77JS98654,Ford,2023,2025-11-29 07:51:16.443901,65,22106,"-42.406238,-138.383077"
F654J5DV77JS98654,Ford,2023,2025-11-29 23:38:05.872064,29,22115,"75.573795,-61.451952"
6FDUF4GY1JSC12345,Scania,2016,2025-11-29 16:17:34.981087,77,50010,"-15.424957,42.388114"
WDBUF56X98B123456,Mercedes-Benz,2017,2025-11-29 21:51:50.366263,59,40001,"-40.5219125,160.339602"
1V2NC9JX5JC962225,Volvo,2022,2025-11-29 12:09:32.279252,68,11055,"1.351156,-136.213759"
1V2NC9JX5JC962225,Volvo,2022,2025-11-29 03:20:43.644673,43,11060,"-36.944779,100.031638"
1V2NC9JX5JC123456,Volvo,2022,2025-11-29 17:40:07.379394,29,13566,"-63.616392,-122.673885"
F654J5DV77JS98654,Ford,2023,2025-11-29 17:39:47.065992,104,22111,"76.615473,23.521606"
WDBUF56X98B123456,Mercedes-Benz,2017,2025-11-29 22:54:51.489775,91,40001,"37.680302,173.933354"
1V2NC9JX5JC962225,Volvo,2022,2025-11-29 13:54:44.200307,114,11056,"-38.4599095,-32.027879"
1V2NC9JX5JC123456,Volvo,2022,2025-11-29 21:38:45.811795,108,13561,"13.9666275,61.635894"
1V2NC9JX5JC962225,Volvo,2022,2025-11-29 17:34:26.584227,69,11050,"-74.787759,-97.076720"
3AKJGLD54JSC12345,Freightliner,2022,2025-11-29 17:15:04.287589,75,10002,"-19.518253,169.705749"
1VWAP7A30JC123456,Volkswagen,2021,2025-11-29 10:55:18.705622,67,20003,"-75.1813325,1.904198"
F654J5DV77JS98654,Ford,2023,2025-11-29 20:32:22.982073,1,22115,"-16.615561,-136.475926"
F654J5DV77JS98654,Ford,2023,2025-11-29 20:27:34.003670,17,22116,"-20.590618,56.945030"
3GCUKREC0FG123456,Chevrolet,2024,2025-11-29 06:06:26.788649,77,4009,"-76.717297,69.139654"
WDBUF56X98B123456,Mercedes-Benz,2017,2025-11-29 10:48:11.276045,10,40004,"6.9793725,-103.120511"
F654J5DV77JS46566,Ford,2024,2025-11-29 21:06:25.921654,31,19616,"-15.1758045,179.900356"
1V2NC9JX5JC123456,Volvo,2022,2025-11-29 03:48:15.545217,76,13567,"-10.941039,91.583360"
WDBUF56X98B123456,Mercedes-Benz,2017,2025-11-29 11:09:12.664744,113,40003,"48.610945,-7.890995"
1V2NC9JX5JC962225,Volvo,2022,2025-11-29 17:26:32.426472,94,11053,"64.5387985,131.428470"
WDBUF56X98B123456,Mercedes-Benz,2017,2025-11-29 12:25:11.230046,101,40007,"87.557037,-7.029397"
WDBUF56X98B123456,Mercedes-Benz,2017,2025-11-29 14:25:00.930619,26,40004,"-24.262922,108.651251"
1V2NC9JX5JC962225,Volvo,2022,2025-11-29 09:10:30.538527,81,11056,"41.152734,179.451131"
LZB12345678901234,FAW,2023,2025-11-29 18:33:48.696192,69,8008,"87.772502,167.279642"
6FDUF4GY1JSC12345,Scania,2016,2025-11-29 19:42:47.171109,111,50010,"-3.471452,1.456841"
1V2NC9JX5JC962225,Volvo,2022,2025-11-29 02:26:09.871206,68,11050,"-20.706381,114.384755"
LZB12345678901234,FAW,2023,2025-11-29 12:07:22.653586,51,8001,"50.6252645,-67.451827"
3GCUKREC0FG123456,Chevrolet,2024,2025-11-29 11:14:14.547571,43,4009,"-46.4041185,140.192809"
1XKAD49X7JJ123456,Kenworth,2015,2025-11-29 17:01:36.250294,71,60001,"47.8563055,-10.915759"
F654J5DV77JS98654,Ford,2023,2025-11-29 15:55:45.632972,95,22108,"-64.603221,178.312579"
1V2NC9JX5JC962225,Volvo,2022,2025-11-29 10:17:22.625016,115,11056,"76.4923475,-116.892571"
3GCUKREC0FG123456,Chevrolet,2024,2025-11-29 03:21:25.816792,78,3999,"-74.2557615,-115.798380"
1XKAD49X7JJ123456,Kenworth,2015,2025-11-29 15:11:18.653292,102,60007,"-77.080289,-47.957110"
LZB12345678901234,FAW,2023,2025-11-29 05:00:01.988158,44,8008,"-65.641594,-172.583648"
6FDUF4GY1JSC12345,Scania,2016,2025-11-29 06:40:19.415399,8,50005,"-73.8960135,63.801278"
3GCUKREC0FG123456,Chevrolet,2024,2025-11-29 20:56:03.012318,107,4009,"40.0305575,-55.102817"
3GCUKREC0FG893480,Chevrolet,2025,2025-11-29 18:38:10.773610,6,3925,"-81.243602,-100.466652"
1XKAD49X7JJ123456,Kenworth,2015,2025-11-30 00:57:18.177113,84,60000,"28.841935,-5.579696"
LZB12345678901234,FAW,2023,2025-11-29 17:39:09.845133,115,8001,"-53.0957375,31.909446"
1VWAP7A30JC123456,Volkswagen,2021,2025-11-29 04:08:48.151536,92,20005,"5.387692,81.375585"
1VWAP7A30JC123456,Volkswagen,2021,2025-11-29 20:00:18.103767,87,20007,"86.402418,-149.161538"
3GCUKREC0FG123456,Chevrolet,2024,2025-11-29 14:52:43.322221,27,4005,"-55.779674,93.361568"
3GCUKREC0FG123456,Chevrolet,2024,2025-11-29 11:40:39.674106,99,4007,"33.019789,-59.926652"
3GCUKREC0FG123456,Chevrolet,2024,2025-11-29 03:23:20.359743,28,4008,"80.1506115,-104.019613"
3AKJGLD54JSC12345,Freightliner,2022,2025-11-29 22:37:46.952823,11,10001,"-29.135810,24.075104"
1V2NC9JX5JC962225,Volvo,2022,2025-11-29 14:54:02.777193,23,11059,"-7.973308,-139.433501"
1V2NC9JX5JC123456,Volvo,2022,2025-11-29 14:26:18.847747,28,13563,"-62.6673275,-128.460886"
1V2NC9JX5JC962225,Volvo,2022,2025-11-29 17:56:59.425967,35,11051,"-23.468425,-66.329772"
F654J5DV77JS46566,Ford,2024,2025-11-29 07:00:39.806927,35,19619,"-21.206415,94.733274"
LZB12345678901234,FAW,2023,2025-11-29 23:06:18.353640,111,8004,"-54.1393145,152.731509"
F654J5DV77JS98654,Ford,2023,2025-11-29 14:24:23.911708,71,22116,"-61.4304245,-106.872411"
3GCUKREC0FG893480,Chevrolet,2025,2025-11-29 19:37:44.020777,36,3927,"-38.279170,-66.532520"
1V2NC9JX5JC123456,Volvo,2022,2025-11-29 14:29:06.566684,0,13569,"-28.6192075,6.452858"
3AKJGLD54JSC12345,Freightliner,2022,2025-11-29 13:45:13.620479,52,10009,"-7.0488135,-127.786181"
F654J5DV77JS98654,Ford,2023,2025-11-29 20:43:53.782402,69,22106,"24.870218,-118.108773"
LZB12345678901234,FAW,2023,2025-11-29 11:46:23.202165,38,8004,"-61.2341935,-116.778640"
LZB12345678901234,FAW,2023,2025-11-29 05:23:00.855922,49,8004,"-12.0639265,138.318749"
1XKAD49X7JJ123456,Kenworth,2015,2025-11-29 23:53:21.177819,35,60000,"25.1683085,23.204296"
LZB12345678901234,FAW,2023,2025-11-29 04:53:44.727473,23,8009,"-40.5348365,30.711778"
LZB12345678901234,FAW,2023,2025-11-29 04:14:13.079229,19,8009,"76.617600,126.237769"
1V2NC9JX5JC123456,Volvo,2022,2025-11-29 20:13:44.732092,31,13567,"53.7095355,-135.561492"
3GCUKREC0FG893480,Chevrolet,2025,2025-11-29 09:00:38.183405,5,3925,"-45.1830805,106.256940"
3GCUKREC0FG893480,Chevrolet,2025,2025-11-29 22:47:30.899295,44,3933,"-19.4172975,100.958165"
6FDUF4GY1JSC12345,Scania,2016,2025-11-29 19:22:14.854024,100,50009,"-63.557437,-91.887832"
3GCUKREC0FG893480,Chevrolet,2025,2025-11-29 20:44:32.648122,66,3934,"-46.271766,-23.221297"
3GCUKREC0FG123456,Chevrolet,2024,2025-11-29 07:54:56.768864,78,4004,"-30.3933905,-93.200743"
LZB12345678901234,FAW,2023,2025-11-29 21:12:22.865004,89,8007,"28.358502,-15.123924"
6FDUF4GY1JSC12345,Scania,2016,2025-11-29 17:41:28.187498,60,50007,"-43.178748,-127.631351"
1V2NC9JX5JC962225,Volvo,2022,2025-11-29 09:18:31.610247,55,11054,"-40.3215775,25.007655"
1V2NC9JX5JC962225,Volvo,2022,2025-11-29 11:17:12.494216,91,11058,"-50.3992925,-12.084424"
1V2NC9JX5JC962225,Volvo,2022,2025-11-29 19:55:29.311122,71,11050,"-11.698212,18.082129"
1V2NC9JX5JC123456,Volvo,2022,2025-11-29 20:28:54.377171,35,13569,"-5.4336375,-24.502086"
1V2NC9JX5JC123456,Volvo,2022,2025-11-29 23:57:38.021996,63,13567,"58.1513635,166.353673"
1XKAD49X7JJ123456,Kenworth,2015,2025-11-29 19:43:51.144989,73,60006,"70.949208,-97.498656"
1V2NC9JX5JC962225,Volvo,2022,2025-11-29 15:51:23.828425,120,11057,"-69.4203635,-151.058024"
6FDUF4GY1JSC12345,Scania,2016,2025-11-29 13:06:58.261666,46,50004,"36.9345705,-103.817485"
LZB12345678901234,FAW,2023,2025-11-29 12:14:48.277524,74,8006,"-7.8588565,71.319669"
1XKAD49X7JJ123456,Kenworth,2015,2025-11-29 15:53:11.950365,94,60005,"-57.574256,-81.834792"
1XKAD49X7JJ123456,Kenworth,2015,2025-11-29 12:43:29.968203,115,60002,"-44.738969,-18.114436"
1V2NC9JX5JC962225,Volvo,2022,2025-11-29 12:51:54.976314,101,11060,"-47.8204135,-93.854302"
3GCUKREC0FG123456,Chevrolet,2024,2025-11-30 00:13:53.070710,107,4002,"57.9197465,-7.432152"
F654J5DV77JS98654,Ford,2023,2025-11-29 17:09:18.546826,110,22112,"-53.7852335,-22.998071"
1V2NC9JX5JC123456,Volvo,2022,2025-11-29 06:57:00.941028,59,13566,"-76.065223,-70.850679"
LZB12345678901234,FAW,2023,2025-11-29 02:26:50.160167,120,8007,"-89.2622085,-58.914617"
3GCUKREC0FG893480,Chevrolet,2025,2025-11-29 14:59:43.335051,2,3929,"44.418732,-9.080888"
1V2NC9JX5JC123456,Volvo,2022,2025-11-29 16:47:21.158641,59,13560,"28.5754365,21.173109"
3GCUKREC0FG123456,Chevrolet,2024,2025-11-29 18:24:03.456338,91,4007,"-27.1829055,121.479913"
F654J5DV77JS98654,Ford,2023,2025-11-29 10:43:41.917511,12,22114,"19.986842,79.215048"
1V2NC9JX5JC962225,Volvo,2022,2025-11-29 10:08:06.407667,101,11054,"-15.726137,-29.270594"
3GCUKREC0FG893480,Chevrolet,2025,2025-11-29 21:09:02.970835,114,3928,"62.895111,82.866440"
1VWAP7A30JC123456,Volkswagen,2021,2025-11-29 18:39:33.003523,81,20005,"18.8922575,42.682682"
WDBUF56X98B123456,Mercedes-Benz,2017,2025-11-29 04:57:03.619187,86,40008,"19.9089145,60.312918"
1V2NC9JX5JC123456,Volvo,2022,2025-11-29 02:57:44.073342,65,13570,"21.024708,53.602134"
1XKAD49X7JJ123456,Kenworth,2015,2025-11-29 20:15:58.271095,118,60000,"44.492764,-50.902376"
1XKAD49X7JJ123456,Kenworth,2015,2025-11-29 19:01:06.092520,5,60004,"32.6991275,-48.198009"
1VWAP7A30JC123456,Volkswagen,2021,2025-11-29 23:30:20.482501,23,20001,"-36.400469,61.716860"
3GCUKREC0FG893480,Chevrolet,2025,2025-11-29 12:03:35.058557,10,3932,"-8.058472,-164.386288"
1VWAP7A30JC123456,Volkswagen,2021,2025-11-29 08:03:57.804309,3,20006,"-13.712402,144.614154"
3AKJGLD54JSC12345,Freightliner,2022,2025-11-29 04:49:52.625907,117,10005,"-78.341528,22.319496"
LZB12345678901234,FAW,2023,2025-11-29 19:50:59.524327,92,8007,"71.709116,118.715564"
3AKJGLD54JSC12345,Freightliner,2022,2025-11-29 05:57:51.937930,59,10004,"-43.390206,170.253438"
F654J5DV77JS98654,Ford,2023,2025-11-29 20:02:45.483179,45,22116,"-80.5003555,-97.396497"
F654J5DV77JS46566,Ford,2024,2025-11-29 15:28:11.562749,64,19616,"-28.716598,-89.777703"
LZB12345678901234,FAW,2023,2025-11-29 04:11:38.815835,1,8003,"-33.0169645,-17.332927"
6FDUF4GY1JSC12345,Scania,2016,2025-11-29 14:07:01.716345,26,50003,"-49.302572,-110.810320"
LZB12345678901234,FAW,2023,2025-11-29 19:32:49.428606,72,8002,"-52.7763605,144.562542"
3GCUKREC0FG893480,Chevrolet,2025,2025-11-30 00:29:19.153362,2,3925,"65.096097,-86.343986"
3GCUKREC0FG123456,Chevrolet,2024,2025-11-29 06:51:16.752583,1,4008,"78.6525865,83.709179"
3GCUKREC0FG123456,Chevrolet,2024,2025-11-30 00:03:20.278791,54,4007,"-88.747909,-127.861549"
3GCUKREC0FG893480,Chevrolet,2025,2025-11-29 06:16:48.699966,84,3928,"-38.5367235,-52.859314"
3AKJGLD54JSC12345,Freightliner,2022,2025-11-29 21:45:33.327644,12,10009,"46.4759555,132.563358"
F654J5DV77JS98654,Ford,2023,2025-11-30 01:01:50.985167,95,22114,"1.146042,-1.450004"
3AKJGLD54JSC12345,Freightliner,2022,2025-11-29 06:27:12.961774,14,10004,"-77.9002405,-155.233230"
WDBUF56X98B123456,Mercedes-Benz,2017,2025-11-29 11:20:56.538823,35,40009,"4.7675265,103.419943"
3GCUKREC0FG123456,Chevrolet,2024,2025-11-29 21:20:50.567978,5,4002,"50.9795545,113.450630"
WDBUF56X98B123456,Mercedes-Benz,2017,2025-11-29 04:30:37.914500,15,40008,"57.691642,37.316539"
WDBUF56X98B123456,Mercedes-Benz,2017,2025-11-29 13:59:29.583767,100,40007,"-45.112821,46.086743"
3GCUKREC0FG123456,Chevrolet,2024,2025-11-29 16:49:34.760865,12,4009,"-66.1140015,176.506523"
3AKJGLD54JSC12345,Freightliner,2022,2025-11-29 13:13:27.577806,113,10006,"28.883700,167.172484"
1V2NC9JX5JC962225,Volvo,2022,2025-11-29 12:04:37.371178,108,11055,"-15.7737565,-27.092394"
3GCUKREC0FG893480,Chevrolet,2025,2025-11-29 15:09:12.961132,98,3930,"43.776195,-42.217889"
1V2NC9JX5JC962225,Volvo,2022,2025-11-29 17:23:15.169726,88,11059,"17.9622745,-90.096458"
3GCUKREC0FG123456,Chevrolet,2024,2025-11-29 05:09:19.906289,118,4009,"44.7242675,-20.087986"
LZB12345678901234,FAW,2023,2025-11-29 17:55:09.686783,23,8003,"2.4630225,-33.106990"
3AKJGLD54JSC12345,Freightliner,2022,2025-11-29 17:57:52.385185,88,10006,"-3.734881,7.541902"
1V2NC9JX5JC123456,Volvo,2022,2025-11-29 18:39:27.480148,95,13570,"1.092219,136.206184"
1XKAD49X7JJ123456,Kenworth,2015,2025-11-29 09:32:05.510487,109,60009,"10.320245,71.225280"
F654J5DV77JS98654,Ford,2023,2025-11-29 18:48:40.252451,117,22115,"-19.2749775,-105.176672"
3GCUKREC0FG893480,Chevrolet,2025,2025-11-29 18:49:49.598494,47,3927,"46.4983085,-133.654454"
6FDUF4GY1JSC12345,Scania,2016,2025-11-29 17:38:09.945014,83,50010,"18.1278775,170.447344"
1XKAD49X7JJ123456,Kenworth,2015,2025-11-29 06:48:01.355461,109,60010,"-24.898895,3.025153"
F654J5DV77JS46566,Ford,2024,2025-11-29 02:10:23.139852,115,19615,"36.1723895,-9.757893"
WDBUF56X98B123456,Mercedes-Benz,2017,2025-11-29 06:47:19.603450,54,40001,"32.147791,-68.323241"
F654J5DV77JS98654,Ford,2023,2025-11-29 16:04:45.393006,103,22111,"36.4714245,-165.941024"
1V2NC9JX5JC123456,Volvo,2022,2025-11-29 06:29:14.961286,45,13568,"-17.7975595,-134.271310"
3GCUKREC0FG123456,Chevrolet,2024,2025-11-29 17:30:16.095826,80,4002,"-20.3053015,-107.092690"
3GCUKREC0FG893480,Chevrolet,2025,2025-11-29 16:32:39.428213,48,3929,"-15.2471525,38.294497"
1V2NC9JX5JC962225,Volvo,2022,2025-11-29 16:41:24.746895,51,11052,"-7.200681,-60.774801"
3GCUKREC0FG893480,Chevrolet,2025,2025-11-29 05:29:32.498776,3,3929,"25.658964,128.460584"
3GCUKREC0FG893480,Chevrolet,2025,2025-11-29 14:55:48.898679,49,3927,"-5.5375525,9.750467"
F654J5DV77JS98654,Ford,2023,2025-11-30 00:33:05.103386,33,22110,"-87.2516055,-169.007680"
F654J5DV77JS98654,Ford,2023,2025-11-29 12:09:23.131559,60,22108,"-25.562795,34.775144"
1VWAP7A30JC123456,Volkswagen,2021,2025-11-29 15:26:42.599392,52,20008,"-29.0807065,114.607373"
F654J5DV77JS46566,Ford,2024,2025-11-29 10:27:13.298240,65,19617,"5.0775115,20.787937"
F654J5DV77JS98654,Ford,2023,2025-11-29 19:33:05.238010,41,22111,"-44.537645,-4.409035"
F654J5DV77JS98654,Ford,2023,2025-11-29 14:59:15.334884,32,22107,"53.561185,-53.408810"
3AKJGLD54JSC12345,Freightliner,2022,2025-11-29 05:20:13.656349,72,10009,"-37.4167595,-89.416287"
1VWAP7A30JC123456,Volkswagen,2021,2025-11-29 18:25:52.061229,110,20009,"64.1357785,-162.696614"
3AKJGLD54JSC12345,Freightliner,2022,2025-11-29 04:57:29.953095,25,10001,"57.544206,171.236301"
1VWAP7A30JC123456,Volkswagen,2021,2025-11-30 00:25:07.110965,28,20001,"69.2875735,162.487146"
6FDUF4GY1JSC12345,Scania,2016,2025-11-29 12:13:59.992736,56,50001,"36.3127585,-107.466628"
WDBUF56X98B123456,Mercedes-Benz,2017,2025-11-29 06:47:31.694520,120,40004,"37.801588,-20.952989"
1V2NC9JX5JC123456,Volvo,2022,2025-11-29 22:58:43.317712,97,13563,"21.5224005,137.856331"
1VWAP7A30JC123456,Volkswagen,2021,2025-11-29 08:11:12.539582,103,20003,"-32.0016765,-34.302012"
1XKAD49X7JJ123456,Kenworth,2015,2025-11-29 02:13:09.502505,28,60001,"-7.156763,-138.231318"
F654J5DV77JS98654,Ford,2023,2025-11-29 06:27:58.429449,47,22107,"-36.9532085,176.515549"
3GCUKREC0FG893480,Chevrolet,2025,2025-11-29 13:27:49.718604,92,3929,"26.0111105,34.964555"
F654J5DV77JS46566,Ford,2024,2025-11-29 21:05:25.668859,76,19623,"-7.515447,-172.555203"
1VWAP7A30JC123456,Volkswagen,2021,2025-11-29 13:09:29.914030,41,20002,"47.3358415,-142.461503"
1XKAD49X7JJ123456,Kenworth,2015,2025-11-29 23:13:45.797239,40,60003,"-79.9420235,143.407889"
3GCUKREC0FG123456,Chevrolet,2024,2025-11-29 13:12:56.203804,22,4005,"-23.3379955,-123.679674"
F654J5DV77JS46566,Ford,2024,2025-11-29 20:30:42.597042,97,19623,"-19.270443,-152.065199"
3GCUKREC0FG123456,Chevrolet,2024,2025-11-29 15:02:51.310290,68,4008,"89.024835,58.390463"
1XKAD49X7JJ123456,Kenworth,2015,2025-11-29 11:10:42.591068,9,60005,"-19.957870,-99.575714"
F654J5DV77JS98654,Ford,2023,2025-11-29 05:16:32.810409,47,22110,"44.262542,-97.695753"
F654J5DV77JS46566,Ford,2024,2025-11-29 06:31:17.432845,79,19618,"39.4060615,142.158688"
3GCUKREC0FG123456,Chevrolet,2024,2025-11-30 00:42:56.522850,28,4001,"-49.7737615,-58.008481"
6FDUF4GY1JSC12345,Scania,2016,2025-11-29 18:52:28.168496,6,50009,"41.513543,109.206182"
WDBUF56X98B123456,Mercedes-Benz,2017,2025-11-29 06:55:42.489624,20,40010,"-76.281912,-160.613327"
6FDUF4GY1JSC12345,Scania,2016,2025-11-30 00:02:43.477765,114,50006,"-30.374911,-124.997627"
6FDUF4GY1JSC12345,Scania,2016,2025-11-29 21:13:57.202568,115,50009,"65.277381,74.418458"
6FDUF4GY1JSC12345,Scania,2016,2025-11-29 11:38:33.892836,18,50000,"14.0066995,179.493096"
3GCUKREC0FG123456,Chevrolet,2024,2025-11-29 16:47:30.406795,90,4008,"57.5425915,45.408996"
3GCUKREC0FG123456,Chevrolet,2024,2025-11-29 22:16:28.442714,2,3999,"85.038094,-24.083022"
6FDUF4GY1JSC12345,Scania,2016,2025-11-30 01:01:34.568173,83,50007,"80.0894675,-48.216698"
3AKJGLD54JSC12345,Freightliner,2022,2025-11-29 15:39:50.850852,73,10006,"-2.878979,-97.914095"
3GCUKREC0FG893480,Chevrolet,2025,2025-11-30 00:18:22.112090,90,3925,"79.5920705,-132.916053"
1V2NC9JX5JC962225,Volvo,2022,2025-11-29 22:43:54.681706,35,11057,"32.9540475,-95.816751"
6FDUF4GY1JSC12345,Scania,2016,2025-11-29 07:12:47.678183,49,50003,"-36.1081915,83.112513"
6FDUF4GY1JSC12345,Scania,2016,2025-11-29 21:20:57.836692,106,50006,"23.3407535,-140.242058"
6FDUF4GY1JSC12345,Scania,2016,2025-11-29 09:16:47.464118,54,50010,"3.2432975,41.998759"
3GCUKREC0FG123456,Chevrolet,2024,2025-11-29 07:06:03.177132,5,4006,"-77.248551,-74.861965"
3GCUKREC0FG893480,Chevrolet,2025,2025-11-29 15:47:45.519006,101,3928,"5.948155,-172.621431"
6FDUF4GY1JSC12345,Scania,2016,2025-11-29 06:16:07.570088,19,50007,"-86.6729085,-111.768763"
LZB12345678901234,FAW,2023,2025-11-29 13:44:41.090898,72,8009,"8.8879275,-20.844199"
3GCUKREC0FG123456,Chevrolet,2024,2025-11-29 14:03:17.696359,69,4007,"43.2825495,-32.487914"
1VWAP7A30JC123456,Volkswagen,2021,2025-11-29 07:59:11.621765,105,20004,"-83.6497305,-102.357824"
3GCUKREC0FG893480,Chevrolet,2025,2025-11-29 19:26:37.576949,21,3933,"-56.7647855,-178.633679"
F654J5DV77JS46566,Ford,2024,2025-11-29 22:10:31.067465,13,19617,"-15.7324985,-40.249695"
WDBUF56X98B123456,Mercedes-Benz,2017,2025-11-29 09:39:03.340743,38,40009,"-46.668953,-168.304286"
WDBUF56X98B123456,Mercedes-Benz,2017,2025-11-29 17:33:55.783744,48,40004,"-58.637720,-98.239671"
LZB12345678901234,FAW,2023,2025-11-29 11:09:55.325890,72,8004,"-69.8289995,57.861039"
3AKJGLD54JSC12345,Freightliner,2022,2025-11-29 23:09:09.961333,90,10003,"88.9591655,-70.435395"
3GCUKREC0FG893480,Chevrolet,2025,2025-11-29 13:10:54.352254,2,3933,"-25.324528,6.869893"
LZB12345678901234,FAW,2023,2025-11-29 02:54:50.258007,3,8005,"-87.350844,22.754918"
F654J5DV77JS46566,Ford,2024,2025-11-29 03:26:23.091910,37,19623,"30.089947,-60.181200"
3AKJGLD54JSC12345,Freightliner,2022,2025-11-30 00:16:20.016659,91,10004,"12.9619925,61.299483"
1V2NC9JX5JC962225,Volvo,2022,2025-11-30 01:15:18.679460,70,11058,"-23.259850,110.496997"
1VWAP7A30JC123456,Volkswagen,2021,2025-11-30 08:43:45.050174,87,20007,"66.3436415,83.321117"
LZB12345678901234,FAW,2023,2025-11-29 23:29:12.740914,15,8005,"-29.631767,68.195827"
WDBUF56X98B123456,Mercedes-Benz,2017,2025-11-30 13:10:10.945885,73,40000,"2.599079,-8.992592"
1VWAP7A30JC123456,Volkswagen,2021,2025-11-30 08:16:09.360382,93,20003,"34.0072325,88.721287"
3GCUKREC0FG893480,Chevrolet,2025,2025-11-30 06:53:50.931747,59,3925,"33.0291985,31.473515"
6FDUF4GY1JSC12345,Scania,2016,2025-11-30 01:53:19.961742,90,50001,"72.544421,53.964487"
1XKAD49X7JJ123456,Kenworth,2015,2025-11-29 18:44:38.770980,12,60006,"41.2692015,34.640066"
1VWAP7A30JC123456,Volkswagen,2021,2025-11-29 21:37:28.757574,70,20004,"37.1388835,160.307299"
LZB12345678901234,FAW,2023,2025-11-30 00:14:25.475982,31,8000,"-64.938718,65.787361"
1V2NC9JX5JC962225,Volvo,2022,2025-11-30 05:58:01.866863,99,11059,"12.506508,161.377997"
3GCUKREC0FG893480,Chevrolet,2025,2025-11-30 11:26:16.875369,71,3931,"-42.231218,145.411935"
3GCUKREC0FG123456,Chevrolet,2024,2025-11-30 08:38:17.036070,30,4003,"-18.6031775,101.453605"
1V2NC9JX5JC962225,Volvo,2022,2025-11-30 03:13:36.794418,10,11058,"88.927270,70.495561"
3AKJGLD54JSC12345,Freightliner,2022,2025-11-30 11:20:09.122288,5,10005,"-13.6521115,-124.352466"
WDBUF56X98B123456,Mercedes-Benz,2017,2025-11-30 01:23:35.896190,21,40007,"49.4493875,-52.508634"
WDBUF56X98B123456,Mercedes-Benz,2017,2025-11-30 13:00:55.358315,48,40004,"-0.382709,-159.814214"
F654J5DV77JS46566,Ford,2024,2025-11-29 15:21:33.433459,74,19621,"-37.169396,39.552216"
F654J5DV77JS98654,Ford,2023,2025-11-30 03:25:58.589951,78,22107,"-62.887888,89.262668"
6FDUF4GY1JSC12345,Scania,2016,2025-11-30 08:33:59.769929,72,50010,"-38.7385035,10.945571"
3GCUKREC0FG123456,Chevrolet,2024,2025-11-29 22:43:22.084384,20,4009,"-27.657994,16.031989"
1V2NC9JX5JC962225,Volvo,2022,2025-11-29 21:00:31.036398,31,11052,"9.5480435,19.482258"
F654J5DV77JS46566,Ford,2024,2025-11-30 00:36:52.001989,23,19617,"-37.645745,156.586171"
3GCUKREC0FG893480,Chevrolet,2025,2025-11-30 12:24:17.760597,85,3929,"-13.3407635,-114.893055"
1V2NC9JX5JC962225,Volvo,2022,2025-11-30 10:48:29.389158,109,11055,"-10.675575,-83.196496"
1V2NC9JX5JC962225,Volvo,2022,2025-11-29 14:40:48.512151,96,11058,"-53.5884545,48.986292"
3GCUKREC0FG123456,Chevrolet,2024,2025-11-29 19:37:47.520424,73,4004,"55.438826,-122.527702"
1XKAD49X7JJ123456,Kenworth,2015,2025-11-29 13:59:39.617319,74,60000,"61.552855,74.743306"
F654J5DV77JS46566,Ford,2024,2025-11-30 02:16:25.179448,57,19625,"-26.8918215,88.198705"
3GCUKREC0FG123456,Chevrolet,2024,2025-11-29 23:53:22.087120,103,4003,"-9.6533625,98.441034"
WDBUF56X98B123456,Mercedes-Benz,2017,2025-11-30 07:49:00.969477,86,40004,"52.8776565,-125.084615"
6FDUF4GY1JSC12345,Scania,2016,2025-11-30 05:43:07.918883,114,50007,"63.9303095,130.173325"
LZB12345678901234,FAW,2023,2025-11-29 16:26:32.460366,115,8006,"-21.341764,112.594912"
1VWAP7A30JC123456,Volkswagen,2021,2025-11-30 12:09:20.062347,71,20003,"-52.6517665,174.056936"
F654J5DV77JS46566,Ford,2024,2025-11-30 00:53:18.853768,102,19615,"-87.2782065,94.062955"
1V2NC9JX5JC123456,Volvo,2022,2025-11-29 16:35:52.934689,70,13564,"-62.818630,-143.027729"
3GCUKREC0FG123456,Chevrolet,2024,2025-11-30 05:29:24.435702,41,4007,"-22.6653345,-69.376366"
3GCUKREC0FG123456,Chevrolet,2024,2025-11-29 19:30:50.456640,61,4006,"43.667990,-33.714888"
6FDUF4GY1JSC12345,Scania,2016,2025-11-30 12:28:12.608744,108,50002,"12.2151405,-106.443798"
3GCUKREC0FG893480,Chevrolet,2025,2025-11-30 06:49:16.196238,117,3927,"56.2249995,128.839606"
3GCUKREC0FG123456,Chevrolet,2024,2025-11-30 06:48:59.614298,81,4007,"-85.1698875,-11.594694"
WDBUF56X98B123456,Mercedes-Benz,2017,2025-11-30 00:00:02.406457,52,40009,"-67.6294035,152.654748"
1V2NC9JX5JC962225,Volvo,2022,2025-11-29 17:56:14.238868,2,11059,"-67.5882725,-41.949199"
F654J5DV77JS98654,Ford,2023,2025-11-30 01:12:54.665767,93,22115,"75.3895445,-121.157410"
1V2NC9JX5JC123456,Volvo,2022,2025-11-30 09:58:27.186283,25,13570,"2.983127,-0.041680"
F654J5DV77JS46566,Ford,2024,2025-11-30 00:37:02.470865,114,19621,"-43.579925,120.542024"
1VWAP7A30JC123456,Volkswagen,2021,2025-11-30 12:23:04.858355,73,20007,"-13.840540,-171.313019"
LZB12345678901234,FAW,2023,2025-11-30 08:16:04.602195,14,8001,"-23.949664,65.007503"
3AKJGLD54JSC12345,Freightliner,2022,2025-11-30 02:29:58.709376,43,10002,"-35.0318265,-63.470918"
3GCUKREC0FG123456,Chevrolet,2024,2025-11-29 17:37:47.875049,59,4000,"35.352915,-110.153071"
3AKJGLD54JSC12345,Freightliner,2022,2025-11-30 03:13:16.981377,9,10008,"24.3740505,-50.205579"
1VWAP7A30JC123456,Volkswagen,2021,2025-11-30 11:33:40.309202,51,20005,"39.6573465,-166.961493"
6FDUF4GY1JSC12345,Scania,2016,2025-11-30 08:25:10.427354,39,50006,"59.4636645,36.143201"
3AKJGLD54JSC12345,Freightliner,2022,2025-11-29 16:14:29.305523,4,10006,"73.349350,82.331230"
WDBUF56X98B123456,Mercedes-Benz,2017,2025-11-29 15:52:06.054074,68,40000,"19.222984,-85.130767"
6FDUF4GY1JSC12345,Scania,2016,2025-11-30 04:38:27.288618,15,50005,"22.078860,-163.898297"
3AKJGLD54JSC12345,Freightliner,2022,2025-11-29 13:37:53.796529,52,10004,"-30.5077675,-135.255616"
F654J5DV77JS98654,Ford,2023,2025-11-30 06:23:06.964813,39,22110,"73.7640165,158.628381"
6FDUF4GY1JSC12345,Scania,2016,2025-11-30 01:13:22.371271,50,50002,"83.299543,58.274171"
3AKJGLD54JSC12345,Freightliner,2022,2025-11-29 15:24:23.885679,99,10005,"47.7532725,66.603558"
1V2NC9JX5JC123456,Volvo,2022,2025-11-30 12:23:28.456469,40,13569,"-15.182742,101.156405"
1VWAP7A30JC123456,Volkswagen,2021,2025-11-30 03:36:47.558883,15,20009,"-41.059375,-68.357193"
F654J5DV77JS46566,Ford,2024,2025-11-30 01:34:48.585398,115,19616,"32.729635,-140.222404"
1VWAP7A30JC123456,Volkswagen,2021,2025-11-30 13:13:41.601344,26,20006,"-44.9119925,-120.370258"
1V2NC9JX5JC123456,Volvo,2022,2025-11-29 19:29:41.078494,5,13561,"0.359425,122.630088"
6FDUF4GY1JSC12345,Scania,2016,2025-11-30 07:28:57.227446,78,50002,"62.9338095,-62.030273"
1VWAP7A30JC123456,Volkswagen,2021,2025-11-29 21:55:43.453445,87,20008,"-35.347237,-26.677829"
F654J5DV77JS46566,Ford,2024,2025-11-30 02:47:09.019668,69,19623,"7.074163,50.329074"
F654J5DV77JS46566,Ford,2024,2025-11-29 16:18:41.315416,61,19620,"44.055927,126.596632"
6FDUF4GY1JSC12345,Scania,2016,2025-11-29 22:12:31.921620,6,50009,"68.1158035,-22.065895"
3GCUKREC0FG123456,Chevrolet,2024,2025-11-30 04:58:12.991053,95,4005,"-51.2747875,-71.014845"
1V2NC9JX5JC962225,Volvo,2022,2025-11-30 07:57:06.150315,43,11059,"-74.2344635,-92.096611"
WDBUF56X98B123456,Mercedes-Benz,2017,2025-11-30 12:05:49.318920,91,40003,"62.2732785,21.906906"
1V2NC9JX5JC962225,Volvo,2022,2025-11-30 01:42:46.339956,112,11054,"-22.850472,177.789075"
F654J5DV77JS98654,Ford,2023,2025-11-29 20:46:30.449260,35,22109,"-30.1443945,-97.240405"
3AKJGLD54JSC12345,Freightliner,2022,2025-11-29 14:52:06.582067,78,10004,"4.919763,-175.691391"
1XKAD49X7JJ123456,Kenworth,2015,2025-11-30 00:34:55.505134,45,60008,"29.5066725,-30.136327"
WDBUF56X98B123456,Mercedes-Benz,2017,2025-11-30 07:49:45.230308,30,40004,"0.4006405,-93.166187"
1V2NC9JX5JC962225,Volvo,2022,2025-11-30 05:44:36.549925,46,11059,"-39.569562,106.143702"
WDBUF56X98B123456,Mercedes-Benz,2017,2025-11-30 12:36:44.916674,3,40002,"70.0002985,-94.486801"
1V2NC9JX5JC123456,Volvo,2022,2025-11-29 19:00:30.712828,85,13564,"-19.9138395,4.882934"
3AKJGLD54JSC12345,Freightliner,2022,2025-11-29 23:23:32.811290,102,10001,"16.025793,59.897700"
1V2NC9JX5JC962225,Volvo,2022,2025-11-29 15:12:32.704088,20,11058,"17.854196,126.074325"
F654J5DV77JS98654,Ford,2023,2025-11-30 06:58:03.958168,56,22107,"28.332044,112.674789"
3AKJGLD54JSC12345,Freightliner,2022,2025-11-29 13:24:10.434576,13,10001,"79.886198,70.271528"
3GCUKREC0FG893480,Chevrolet,2025,2025-11-30 09:51:27.922148,4,3933,"46.7243485,-74.122972"
1V2NC9JX5JC962225,Volvo,2022,2025-11-30 00:42:18.026953,80,11054,"-9.7670015,-43.451308"
1V2NC9JX5JC123456,Volvo,2022,2025-11-30 04:12:18.850653,39,13561,"21.6988855,-93.753511"
1V2NC9JX5JC962225,Volvo,2022,2025-11-29 14:42:57.353809,103,11060,"-29.7409105,-38.771288"
LZB12345678901234,FAW,2023,2025-11-30 09:40:07.999821,3,8000,"49.094028,100.976479"
F654J5DV77JS98654,Ford,2023,2025-11-30 06:46:09.902115,15,22116,"-13.3731195,-97.317507"
F654J5DV77JS98654,Ford,2023,2025-11-29 18:22:18.853600,43,22116,"27.912472,113.161505"
LZB12345678901234,FAW,2023,2025-11-29 16:55:30.143503,32,8006,"-63.899205,3.229718"
1VWAP7A30JC123456,Volkswagen,2021,2025-11-30 10:49:52.172776,32,20008,"-35.674157,125.585465"
1V2NC9JX5JC123456,Volvo,2022,2025-11-30 03:37:30.765921,88,13560,"-30.992015,38.152756"
3GCUKREC0FG123456,Chevrolet,2024,2025-11-30 00:35:46.417677,54,4000,"-75.433816,151.431487"
F654J5DV77JS98654,Ford,2023,2025-11-30 05:34:35.164629,71,22110,"-5.9843115,-7.366397"
WDBUF56X98B123456,Mercedes-Benz,2017,2025-11-30 03:25:26.748714,63,40002,"-3.6012035,-95.184927"
6FDUF4GY1JSC12345,Scania,2016,2025-11-30 08:43:29.484479,18,50001,"-75.176195,-67.425019"
6FDUF4GY1JSC12345,Scania,2016,2025-11-30 05:17:37.729371,45,50010,"-22.356208,106.802108"
3AKJGLD54JSC12345,Freightliner,2022,2025-11-29 19:51:10.497358,114,10001,"89.9732655,-2.200680"
1V2NC9JX5JC123456,Volvo,2022,2025-11-30 08:39:46.170358,37,13560,"-62.721983,161.937073"
3GCUKREC0FG893480,Chevrolet,2025,2025-11-29 18:41:19.930676,2,3929,"79.119048,19.645960"
1XKAD49X7JJ123456,Kenworth,2015,2025-11-29 16:06:30.522393,24,60008,"-67.173328,42.164806"
LZB12345678901234,FAW,2023,2025-11-30 06:34:23.512161,34,8001,"36.115230,0.666737"
WDBUF56X98B123456,Mercedes-Benz,2017,2025-11-29 13:40:06.265087,17,40000,"-54.739550,136.949243"
F654J5DV77JS46566,Ford,2024,2025-11-30 04:23:46.626912,115,19622,"-71.9492685,76.371863"
3AKJGLD54JSC12345,Freightliner,2022,2025-11-29 23:23:40.320782,28,10007,"-22.7731005,-125.637033"
6FDUF4GY1JSC12345,Scania,2016,2025-11-30 07:02:52.417745,79,50005,"-10.3847855,-161.373745"
3GCUKREC0FG123456,Chevrolet,2024,2025-11-30 04:11:05.880747,30,4003,"-9.7984045,38.420865"
F654J5DV77JS98654,Ford,2023,2025-11-29 13:52:53.867850,4,22110,"-80.4349515,-167.604230"
1V2NC9JX5JC962225,Volvo,2022,2025-11-29 22:55:16.683709,94,11052,"-63.778336,-97.865017"
1V2NC9JX5JC962225,Volvo,2022,2025-11-29 18:08:53.705276,96,11059,"25.6286005,-108.464929"
1V2NC9JX5JC962225,Volvo,2022,2025-11-30 00:32:23.795357,28,11051,"4.8318485,-86.344284"
3GCUKREC0FG893480,Chevrolet,2025,2025-11-30 05:27:52.673701,87,3933,"5.1464355,-149.574571"
1V2NC9JX5JC962225,Volvo,2022,2025-11-30 01:08:40.356131,115,11058,"13.5437325,63.105331"
F654J5DV77JS46566,Ford,2024,2025-11-30 03:26:35.489619,42,19622,"-14.912285,164.084786"
F654J5DV77JS98654,Ford,2023,2025-11-29 17:21:59.998349,52,22111,"17.4877665,91.348654"
WDBUF56X98B123456,Mercedes-Benz,2017,2025-11-29 23:12:27.125704,32,40005,"84.3450845,61.595979"
WDBUF56X98B123456,Mercedes-Benz,2017,2025-11-30 07:50:58.051495,48,40009,"-82.2423895,-127.004806"
1VWAP7A30JC123456,Volkswagen,2021,2025-11-30 01:07:42.953285,47,20002,"-72.536463,-179.208356"
3AKJGLD54JSC12345,Freightliner,2022,2025-11-29 16:01:34.070513,100,10010,"42.7204205,-67.401597"
1V2NC9JX5JC962225,Volvo,2022,2025-11-30 09:26:46.935946,85,11054,"-31.282756,148.961910"
F654J5DV77JS98654,Ford,2023,2025-11-30 12:04:49.994093,1,22112,"16.968265,-113.607666"
LZB12345678901234,FAW,2023,2025-11-30 02:39:27.351711,57,8001,"-51.6095845,12.494156"
WDBUF56X98B123456,Mercedes-Benz,2017,2025-11-30 04:11:46.541542,11,40010,"24.246868,172.633039"
1VWAP7A30JC123456,Volkswagen,2021,2025-11-30 09:39:28.165587,104,20010,"-4.0373565,-148.519447"
1VWAP7A30JC123456,Volkswagen,2021,2025-11-30 04:03:22.182364,91,20003,"-62.530410,-98.584964"
1VWAP7A30JC123456,Volkswagen,2021,2025-11-29 14:59:56.743853,113,20010,"-46.0831525,99.474076"
F654J5DV77JS46566,Ford,2024,2025-11-30 00:44:11.265521,23,19616,"-76.5106605,-27.909465"
1VWAP7A30JC123456,Volkswagen,2021,2025-11-30 07:25:11.006117,32,20003,"81.094588,1.093257"
F654J5DV77JS98654,Ford,2023,2025-11-29 17:14:27.261878,10,22108,"88.436299,14.380046"
1V2NC9JX5JC962225,Volvo,2022,2025-11-30 11:15:19.452850,35,11052,"33.467791,-125.931190"
LZB12345678901234,FAW,2023,2025-11-30 02:12:39.108407,17,8005,"-69.734146,98.285274"
1V2NC9JX5JC123456,Volvo,2022,2025-11-30 10:31:07.229847,14,13563,"-82.4039845,17.512245"
6FDUF4GY1JSC12345,Scania,2016,2025-11-29 16:16:22.056773,16,50003,"-21.9004745,36.946555"
3AKJGLD54JSC12345,Freightliner,2022,2025-11-29 17:52:53.379748,61,10000,"-33.7828595,-173.766623"
F654J5DV77JS46566,Ford,2024,2025-11-30 07:10:54.797206,24,19623,"83.758689,0.150589"
1VWAP7A30JC123456,Volkswagen,2021,2025-11-29 16:34:50.470226,50,20000,"-33.1374305,170.442718"
3AKJGLD54JSC12345,Freightliner,2022,2025-11-29 16:26:51.724839,12,10002,"51.742310,128.360451"
WDBUF56X98B123456,Mercedes-Benz,2017,2025-11-30 03:18:08.162352,31,40005,"-55.5805135,-98.911296"
LZB12345678901234,FAW,2023,2025-11-29 16:27:09.237249,67,8000,"86.173364,158.793144"
F654J5DV77JS46566,Ford,2024,2025-11-30 11:38:55.495371,86,19615,"-14.8526945,-62.956987"
WDBUF56X98B123456,Mercedes-Benz,2017,2025-11-30 11:34:07.686723,112,40001,"60.0189595,-50.629185"
3AKJGLD54JSC12345,Freightliner,2022,2025-11-29 21:48:49.568265,79,10005,"-78.3829055,165.103881"
3GCUKREC0FG123456,Chevrolet,2024,2025-11-30 10:19:45.919303,48,4005,"-55.7992685,-170.489199"
F654J5DV77JS98654,Ford,2023,2025-11-29 14:05:32.848258,42,22112,"29.2271625,56.417464"
3AKJGLD54JSC12345,Freightliner,2022,2025-11-29 14:11:28.795398,19,10000,"52.864113,-139.405683"
F654J5DV77JS98654,Ford,2023,2025-11-29 20:23:51.224047,6,22114,"-50.3135465,-13.972325"
6FDUF4GY1JSC12345,Scania,2016,2025-11-30 07:48:18.818659,75,50004,"-13.0407025,-89.797083"
1XKAD49X7JJ123456,Kenworth,2015,2025-11-30 11:59:29.048141,43,60003,"16.9570615,-5.252816"
6FDUF4GY1JSC12345,Scania,2016,2025-11-30 07:15:38.167133,57,50001,"11.4575055,70.153878"
6FDUF4GY1JSC12345,Scania,2016,2025-11-29 19:57:10.288057,30,50005,"-37.5824155,174.559828"
1VWAP7A30JC123456,Volkswagen,2021,2025-11-29 21:44:00.755774,0,20007,"10.2158335,36.602156"
F654J5DV77JS46566,Ford,2024,2025-11-29 18:33:12.985055,100,19623,"-15.769471,-66.969000"
3AKJGLD54JSC12345,Freightliner,2022,2025-11-29 15:20:32.539857,5,10001,"-72.1567105,65.579344"
F654J5DV77JS46566,Ford,2024,2025-11-30 03:52:45.367156,72,19620,"55.1350305,-156.457996"
3GCUKREC0FG123456,Chevrolet,2024,2025-11-30 00:47:57.100472,46,4006,"13.7545195,-15.106427"
1V2NC9JX5JC962225,Volvo,2022,2025-11-29 23:20:25.206026,4,11052,"79.708751,-168.047119"
F654J5DV77JS46566,Ford,2024,2025-11-29 16:43:10.772898,29,19621,"6.5044485,79.703553"
1VWAP7A30JC123456,Volkswagen,2021,2025-11-30 10:05:53.306885,32,20000,"43.2814235,-159.298625"
1XKAD49X7JJ123456,Kenworth,2015,2025-11-29 19:05:56.976015,83,60007,"-64.055659,-30.272012"
6FDUF4GY1JSC12345,Scania,2016,2025-11-30 09:50:01.516439,51,50007,"29.4976685,-130.547839"
3AKJGLD54JSC12345,Freightliner,2022,2025-11-30 04:22:35.400834,87,10009,"85.078938,-134.671293"
3GCUKREC0FG893480,Chevrolet,2025,2025-11-30 01:52:42.669874,49,3926,"-53.2712725,-132.426016"
1VWAP7A30JC123456,Volkswagen,2021,2025-11-30 03:36:01.578078,88,20007,"-36.6487785,24.617352"
3GCUKREC0FG893480,Chevrolet,2025,2025-11-29 14:22:27.385940,45,3930,"35.8982745,37.859460"
1XKAD49X7JJ123456,Kenworth,2015,2025-11-29 15:11:32.048182,119,60004,"-37.4434815,16.240136"
6FDUF4GY1JSC12345,Scania,2016,2025-11-29 21:05:41.151002,22,50006,"87.3117325,-19.022417"
3AKJGLD54JSC12345,Freightliner,2022,2025-11-30 03:11:38.637278,19,10006,"-73.875779,14.952572"
6FDUF4GY1JSC12345,Scania,2016,2025-11-30 00:08:20.264713,98,50008,"46.8037945,26.558889"
1V2NC9JX5JC962225,Volvo,2022,2025-11-30 00:59:04.293243,112,11056,"-75.806359,-54.643396"
1V2NC9JX5JC123456,Volvo,2022,2025-11-30 10:14:11.733398,13,13563,"34.7584565,-102.207110"
F654J5DV77JS46566,Ford,2024,2025-11-30 07:54:48.912044,28,19620,"1.942378,-23.147861"
LZB12345678901234,FAW,2023,2025-11-29 16:19:52.214115,83,8002,"-10.155295,120.649417"
1VWAP7A30JC123456,Volkswagen,2021,2025-11-30 08:59:20.183437,106,20008,"18.329699,-72.323807"
1VWAP7A30JC123456,Volkswagen,2021,2025-11-30 00:14:27.027301,64,20005,"79.532936,128.578376"
1V2NC9JX5JC123456,Volvo,2022,2025-11-30 03:03:49.213586,81,13562,"-40.4637835,-160.470971"
1VWAP7A30JC123456,Volkswagen,2021,2025-11-29 14:25:19.453537,2,20001,"23.8725315,177.814512"
WDBUF56X98B123456,Mercedes-Benz,2017,2025-11-29 17:37:19.076495,53,40007,"8.3125195,163.934371"
1VWAP7A30JC123456,Volkswagen,2021,2025-11-30 03:49:05.960999,111,20000,"45.148431,-151.933854"
3AKJGLD54JSC12345,Freightliner,2022,2025-11-30 00:16:27.952790,62,10000,"46.1476015,-56.120432"
F654J5DV77JS46566,Ford,2024,2025-11-29 21:30:32.809130,3,19625,"36.8984225,-113.098170"
F654J5DV77JS98654,Ford,2023,2025-11-30 01:09:35.739686,14,22115,"49.9670925,-8.451262"
1XKAD49X7JJ123456,Kenworth,2015,2025-11-30 04:11:30.491601,72,60007,"-75.8678805,76.948863"
3AKJGLD54JSC12345,Freightliner,2022,2025-11-29 16:08:15.348822,74,10002,"-89.729893,153.883120"
6FDUF4GY1JSC12345,Scania,2016,2025-11-29 16:54:05.041843,31,50000,"-86.887207,-86.207503"
1V2NC9JX5JC962225,Volvo,2022,2025-11-30 10:55:54.999789,40,11055,"63.3712175,-28.298726"
1V2NC9JX5JC962225,Volvo,2022,2025-11-30 02:08:56.541269,74,11055,"-16.676942,-20.506622"
1V2NC9JX5JC123456,Volvo,2022,2025-11-30 04:47:31.558328,57,13564,"41.871886,-144.273199"
WDBUF56X98B123456,Mercedes-Benz,2017,2025-11-30 06:36:33.998111,51,40005,"35.566827,-55.912512"
3GCUKREC0FG893480,Chevrolet,2025,2025-11-30 09:15:33.939234,113,3933,"-55.143186,-1.138268"
F654J5DV77JS46566,Ford,2024,2025-11-30 02:58:26.211729,91,19620,"28.6568945,-31.279109"
1VWAP7A30JC123456,Volkswagen,2021,2025-11-30 10:01:03.605925,114,20003,"-38.528607,-105.856873"
3GCUKREC0FG893480,Chevrolet,2025,2025-11-29 15:52:30.571157,95,3929,"-59.093645,138.782404"
1VWAP7A30JC123456,Volkswagen,2021,2025-11-30 12:26:54.008456,27,20009,"36.147639,75.377178"
3GCUKREC0FG123456,Chevrolet,2024,2025-11-30 02:26:19.211027,36,4007,"-81.9418235,123.823401"
1V2NC9JX5JC123456,Volvo,2022,2025-11-30 09:56:38.424299,53,13560,"-3.487601,49.198354"
1V2NC9JX5JC962225,Volvo,2022,2025-11-30 07:09:36.741629,19,11053,"37.4011935,37.286262"
F654J5DV77JS98654,Ford,2023,2025-11-29 16:51:20.520725,61,22110,"-74.424097,148.157935"
1V2NC9JX5JC123456,Volvo,2022,2025-11-30 04:29:57.132998,115,13568,"3.529050,-179.933181"
F654J5DV77JS98654,Ford,2023,2025-11-30 04:25:22.677977,2,22111,"38.6098895,-135.080018"
1V2NC9JX5JC962225,Volvo,2022,2025-11-29 15:11:10.496413,43,11053,"-45.422356,-23.805834"
F654J5DV77JS46566,Ford,2024,2025-11-30 07:18:23.602872,62,19625,"-87.505393,-35.135762"
1VWAP7A30JC123456,Volkswagen,2021,2025-11-29 16:55:27.869631,22,20006,"43.3798955,-82.988860"
1VWAP7A30JC123456,Volkswagen,2021,2025-11-29 19:52:59.428310,46,20010,"-52.8226225,124.475733"
3GCUKREC0FG123456,Chevrolet,2024,2025-11-29 20:59:04.678988,29,4002,"-23.7622585,-137.662066"
3GCUKREC0FG123456,Chevrolet,2024,2025-11-30 03:13:46.445367,29,4006,"19.9616685,-2.257121"
F654J5DV77JS98654,Ford,2023,2025-11-29 22:40:47.294346,5,22109,"79.3301405,-57.741470"
1VWAP7A30JC123456,Volkswagen,2021,2025-11-30 11:40:06.068877,23,20010,"-86.2075675,-84.860960"
F654J5DV77JS46566,Ford,2024,2025-11-30 11:26:00.983644,50,19619,"21.0654465,45.253517"
WDBUF56X98B123456,Mercedes-Benz,2017,2025-11-30 10:10:46.042330,99,40000,"37.2717135,-1.447073"
WDBUF56X98B123456,Mercedes-Benz,2017,2025-11-30 03:28:53.806313,104,40005,"-17.5434565,28.467050"
1VWAP7A30JC123456,Volkswagen,2021,2025-11-30 07:52:55.138136,2,20005,"38.7388895,-64.140615"
1VWAP7A30JC123456,Volkswagen,2021,2025-11-30 00:29:33.753367,13,20007,"-2.5230485,-115.539011"
1V2NC9JX5JC962225,Volvo,2022,2025-11-30 00:33:58.004752,100,11059,"35.084996,118.662378"
6FDUF4GY1JSC12345,Scania,2016,2025-11-30 04:21:36.718625,7,50007,"-71.158597,152.427383"
F654J5DV77JS46566,Ford,2024,2025-11-29 20:39:38.896526,32,19620,"-25.645562,-66.435174"
6FDUF4GY1JSC12345,Scania,2016,2025-11-30 12:14:02.683603,14,50003,"-74.9976615,178.065881"
1XKAD49X7JJ123456,Kenworth,2015,2025-11-29 22:52:29.669689,70,60007,"-78.747147,-108.303976"
3AKJGLD54JSC12345,Freightliner,2022,2025-11-30 03:43:50.624240,52,10005,"46.575161,-61.682839"
F654J5DV77JS98654,Ford,2023,2025-11-29 21:45:24.101063,24,22114,"40.6147015,-32.895007"
3GCUKREC0FG893480,Chevrolet,2025,2025-11-30 00:38:56.769639,93,3927,"0.491264,-173.480935"
6FDUF4GY1JSC12345,Scania,2016,2025-11-29 20:50:07.671872,63,50007,"-3.2560805,-49.607396"
F654J5DV77JS98654,Ford,2023,2025-11-29 18:29:52.886181,8,22106,"-41.488045,-8.620134"
LZB12345678901234,FAW,2023,2025-11-30 04:02:16.862230,58,8009,"68.755369,-6.552783"
LZB12345678901234,FAW,2023,2025-11-30 02:13:58.958649,47,8008,"-23.0443975,50.097420"
1V2NC9JX5JC962225,Volvo,2022,2025-11-29 18:08:53.890506,108,11055,"2.9113225,16.995645"
1XKAD49X7JJ123456,Kenworth,2015,2025-11-30 08:25:23.399421,100,60010,"54.9279455,-93.056764"
3GCUKREC0FG893480,Chevrolet,2025,2025-11-29 17:55:22.558702,116,3930,"-41.8201265,-78.266259"
LZB12345678901234,FAW,2023,2025-11-29 20:21:16.585586,114,8010,"39.6396365,-112.341291"
LZB12345678901234,FAW,2023,2025-11-29 19:56:02.335236,95,8002,"12.9439105,55.092564"
3GCUKREC0FG893480,Chevrolet,2025,2025-11-29 16:17:45.671578,106,3935,"-13.057422,97.332371"
1VWAP7A30JC123456,Volkswagen,2021,2025-11-29 18:01:10.259429,47,20007,"76.3388255,-87.684644"
3AKJGLD54JSC12345,Freightliner,2022,2025-11-30 05:16:15.600130,59,10005,"-2.2576005,-148.240055"
6FDUF4GY1JSC12345,Scania,2016,2025-11-30 01:42:57.529252,62,50005,"54.1277725,-0.383629"
1V2NC9JX5JC123456,Volvo,2022,2025-11-29 22:23:48.840384,6,13569,"25.236126,7.194438"
3GCUKREC0FG893480,Chevrolet,2025,2025-11-30 11:06:52.213811,19,3934,"-15.537874,-109.815659"
F654J5DV77JS98654,Ford,2023,2025-11-29 15:53:09.131914,80,22110,"24.7831025,-157.091532"
WDBUF56X98B123456,Mercedes-Benz,2017,2025-11-30 01:23:03.580899,117,40002,"28.277517,-110.223374"
F654J5DV77JS46566,Ford,2024,2025-11-29 17:07:54.402690,29,19623,"89.8769245,-103.949720"
1V2NC9JX5JC123456,Volvo,2022,2025-11-29 16:15:29.584760,43,13567,"-47.672236,-135.861587"
F654J5DV77JS98654,Ford,2023,2025-11-30 08:08:35.622569,6,22116,"71.5602735,-154.497963"
1V2NC9JX5JC962225,Volvo,2022,2025-11-30 08:55:20.201349,55,11060,"4.9766165,11.286170"
3GCUKREC0FG123456,Chevrolet,2024,2025-11-30 07:48:04.858714,113,4004,"-22.4839905,-161.401565"
F654J5DV77JS98654,Ford,2023,2025-11-30 08:30:53.244936,58,22110,"8.2752955,-97.016018"
F654J5DV77JS46566,Ford,2024,2025-11-30 17:56:38.941927,25,19624,"-77.6958055,-132.166145"
1V2NC9JX5JC123456,Volvo,2022,2025-11-30 16:49:10.460766,69,13569,"6.798872,-94.436584"
F654J5DV77JS46566,Ford,2024,2025-11-29 20:49:31.651382,60,19621,"-79.271622,36.878915"
6FDUF4GY1JSC12345,Scania,2016,2025-11-29 23:32:33.172414,33,50005,"-16.9112025,-71.745472"
F654J5DV77JS98654,Ford,2023,2025-11-30 19:49:17.421173,11,22107,"49.7037025,-3.540831"
3GCUKREC0FG123456,Chevrolet,2024,2025-11-30 19:36:57.650322,53,4000,"85.566197,-49.079598"
3AKJGLD54JSC12345,Freightliner,2022,2025-11-30 18:27:48.657045,54,10003,"-66.6493675,-170.240503"
6FDUF4GY1JSC12345,Scania,2016,2025-11-30 10:31:48.911448,28,50000,"13.341122,-77.258465"
1VWAP7A30JC123456,Volkswagen,2021,2025-11-30 18:26:23.705405,15,20008,"46.596701,106.894304"
6FDUF4GY1JSC12345,Scania,2016,2025-11-30 16:25:51.412500,50,50005,"34.2211995,94.943188"
3AKJGLD54JSC12345,Freightliner,2022,2025-11-30 03:42:15.681114,40,10008,"65.2809835,-59.718400"
3GCUKREC0FG123456,Chevrolet,2024,2025-11-29 20:17:27.664672,100,4007,"81.834891,-49.994354"
1V2NC9JX5JC123456,Volvo,2022,2025-11-30 08:49:19.988104,50,13568,"71.089519,-63.453772"
1V2NC9JX5JC962225,Volvo,2022,2025-11-30 16:04:31.485574,49,11052,"40.4780725,-134.945394"
6FDUF4GY1JSC12345,Scania,2016,2025-11-29 22:11:57.485128,10,50001,"-33.2842465,147.708467"
1V2NC9JX5JC123456,Volvo,2022,2025-11-30 04:13:11.059970,47,13563,"-62.185391,-143.041513"
3GCUKREC0FG123456,Chevrolet,2024,2025-11-30 01:00:03.928787,87,4007,"-53.392631,74.320652"
WDBUF56X98B123456,Mercedes-Benz,2017,2025-11-30 03:24:11.016762,4,40010,"-6.671893,39.620411"
3GCUKREC0FG893480,Chevrolet,2025,2025-11-30 11:32:49.796254,96,3935,"9.8198185,5.304951"
1V2NC9JX5JC123456,Volvo,2022,2025-11-29 21:30:51.968054,45,13568,"60.041343,121.780504"
3GCUKREC0FG123456,Chevrolet,2024,2025-11-30 17:10:19.750828,54,4001,"-74.357361,47.646734"
3GCUKREC0FG893480,Chevrolet,2025,2025-11-30 17:06:43.823055,38,3926,"62.004555,-85.456269"
F654J5DV77JS46566,Ford,2024,2025-11-29 22:10:10.353047,85,19618,"-2.6324795,64.411742"
1V2NC9JX5JC123456,Volvo,2022,2025-11-30 05:43:59.597304,118,13560,"82.579746,2.857132"
1VWAP7A30JC123456,Volkswagen,2021,2025-11-30 07:21:39.653493,1,20005,"-37.5660465,72.941259"
WDBUF56X98B123456,Mercedes-Benz,2017,2025-11-30 13:37:48.848424,95,40009,"31.7875405,-108.451297"
F654J5DV77JS46566,Ford,2024,2025-11-29 21:50:24.048366,49,19616,"-50.2582765,-23.135990"
3GCUKREC0FG123456,Chevrolet,2024,2025-11-30 17:45:05.379868,51,4000,"-87.7248585,-89.557145"
LZB12345678901234,FAW,2023,2025-11-30 08:32:00.073362,48,8006,"-59.409896,143.798749"
LZB12345678901234,FAW,2023,2025-11-30 17:49:56.723784,36,8010,"-82.461247,115.388875"
1V2NC9JX5JC962225,Volvo,2022,2025-11-30 01:34:50.397000,74,11054,"38.201380,-147.032104"
3GCUKREC0FG123456,Chevrolet,2024,2025-11-30 20:07:12.964146,1,4004,"-86.9258205,-125.269043"
3GCUKREC0FG123456,Chevrolet,2024,2025-11-30 18:05:02.550333,103,3999,"-30.7826055,-175.777167"
1V2NC9JX5JC962225,Volvo,2022,2025-11-30 15:21:58.534901,73,11058,"51.545427,88.689689"
F654J5DV77JS98654,Ford,2023,2025-11-30 17:35:35.155090,54,22107,"58.136367,85.848956"
1V2NC9JX5JC123456,Volvo,2022,2025-11-29 22:03:08.135736,20,13568,"-15.6042925,-28.154234"
WDBUF56X98B123456,Mercedes-Benz,2017,2025-11-30 16:03:24.580020,30,40009,"46.8888465,88.508298"
3GCUKREC0FG893480,Chevrolet,2025,2025-11-30 09:17:54.364023,109,3925,"81.822447,113.325439"
6FDUF4GY1JSC12345,Scania,2016,2025-11-30 16:30:27.666812,3,50004,"33.214572,75.224607"
F654J5DV77JS46566,Ford,2024,2025-11-29 21:03:03.532065,95,19619,"21.049485,13.201019"
1V2NC9JX5JC962225,Volvo,2022,2025-11-30 04:21:39.599898,55,11056,"53.098010,140.077805"
1V2NC9JX5JC962225,Volvo,2022,2025-11-29 22:17:58.744691,14,11058,"-48.475038,-170.346709"
1V2NC9JX5JC962225,Volvo,2022,2025-11-30 04:14:01.261238,40,11055,"-83.2198935,136.558292"
1XKAD49X7JJ123456,Kenworth,2015,2025-11-29 23:41:26.602804,19,60005,"-23.8124525,50.852277"
3AKJGLD54JSC12345,Freightliner,2022,2025-11-30 13:39:27.610409,22,10000,"-87.889691,-124.328960"
3GCUKREC0FG123456,Chevrolet,2024,2025-11-30 00:41:22.688516,15,4005,"25.7246325,82.694347"
F654J5DV77JS98654,Ford,2023,2025-11-30 13:09:59.085449,14,22111,"60.037267,-125.886369"
F654J5DV77JS98654,Ford,2023,2025-11-30 03:46:42.503319,56,22109,"81.4370505,-40.522532"
1XKAD49X7JJ123456,Kenworth,2015,2025-11-30 11:00:19.859147,41,60010,"27.423068,99.398022"
F654J5DV77JS98654,Ford,2023,2025-11-30 16:56:38.283417,94,22107,"37.7716805,179.851438"
6FDUF4GY1JSC12345,Scania,2016,2025-11-30 12:32:20.610806,49,50009,"-83.9090905,-24.952293"
F654J5DV77JS98654,Ford,2023,2025-11-30 02:00:48.057121,15,22116,"34.5488565,61.316812"
LZB12345678901234,FAW,2023,2025-11-30 01:40:26.618239,55,8010,"45.996225,-157.584742"
1V2NC9JX5JC123456,Volvo,2022,2025-11-30 16:47:12.282085,20,13564,"87.369253,-35.094649"
WDBUF56X98B123456,Mercedes-Benz,2017,2025-11-30 14:44:37.546517,118,40002,"-72.3666925,38.478948"
1VWAP7A30JC123456,Volkswagen,2021,2025-11-30 18:06:59.281877,47,20008,"45.221376,-164.801463"
1XKAD49X7JJ123456,Kenworth,2015,2025-11-29 23:03:45.400012,64,60000,"-9.6629415,109.101640"
6FDUF4GY1JSC12345,Scania,2016,2025-11-30 17:23:36.730187,52,50004,"79.5107995,-31.254308"
6FDUF4GY1JSC12345,Scania,2016,2025-11-30 03:41:47.557023,59,50000,"29.831442,47.204699"
1VWAP7A30JC123456,Volkswagen,2021,2025-11-30 14:32:20.300792,112,20006,"54.9185565,74.680394"
1VWAP7A30JC123456,Volkswagen,2021,2025-11-30 14:28:37.192189,80,20001,"81.121502,15.970365"
3GCUKREC0FG893480,Chevrolet,2025,2025-11-30 10:49:09.591800,50,3925,"-4.007646,125.266549"
WDBUF56X98B123456,Mercedes-Benz,2017,2025-11-30 07:39:31.243083,21,40006,"48.2244805,-2.391771"
1V2NC9JX5JC962225,Volvo,2022,2025-11-30 06:42:14.429833,120,11058,"24.710448,-52.629057"
LZB12345678901234,FAW,2023,2025-11-30 11:43:25.937196,74,8003,"-72.7703495,176.146614"
3AKJGLD54JSC12345,Freightliner,2022,2025-11-30 08:45:12.355728,82,10000,"74.645699,121.734580"
1V2NC9JX5JC123456,Volvo,2022,2025-11-30 13:23:26.881234,98,13568,"44.0522375,-58.113029"
1V2NC9JX5JC962225,Volvo,2022,2025-11-29 23:03:01.428319,75,11050,"75.3939865,-116.994864"
3AKJGLD54JSC12345,Freightliner,2022,2025-11-30 11:16:54.450941,44,10003,"-24.793699,117.178875"
1V2NC9JX5JC962225,Volvo,2022,2025-11-30 02:48:57.157335,66,11056,"-88.673300,65.593418"
1V2NC9JX5JC123456,Volvo,2022,2025-11-30 06:32:02.561011,36,13563,"-87.4566945,-3.307177"
WDBUF56X98B123456,Mercedes-Benz,2017,2025-11-30 09:32:41.942154,5,40008,"-16.6602515,99.639198"
3GCUKREC0FG893480,Chevrolet,2025,2025-11-29 23:16:27.276184,75,3927,"-47.6139985,-118.730427"
6FDUF4GY1JSC12345,Scania,2016,2025-11-30 01:26:26.193269,54,50002,"65.6370985,27.170365"
1V2NC9JX5JC123456,Volvo,2022,2025-11-29 22:01:58.547260,81,13565,"-46.4730895,178.694243"
3GCUKREC0FG893480,Chevrolet,2025,2025-11-30 06:32:39.881160,28,3933,"-63.0424385,-8.095224"
1XKAD49X7JJ123456,Kenworth,2015,2025-11-30 01:43:12.140178,34,60001,"-79.9585225,-106.619893"
F654J5DV77JS46566,Ford,2024,2025-11-30 12:54:59.665839,94,19619,"-12.123855,-156.676386"
1VWAP7A30JC123456,Volkswagen,2021,2025-11-30 02:52:35.242402,104,20005,"-31.8485005,146.595547"
1V2NC9JX5JC123456,Volvo,2022,2025-11-30 02:17:49.930321,58,13569,"48.0627915,87.108455"
1XKAD49X7JJ123456,Kenworth,2015,2025-11-30 07:09:28.598630,41,60002,"-76.1639745,-63.647809"
F654J5DV77JS46566,Ford,2024,2025-11-30 15:04:18.133282,47,19615,"-16.5401695,-141.490285"
3GCUKREC0FG123456,Chevrolet,2024,2025-11-30 17:48:12.645933,68,4000,"83.882856,-139.516331"
3AKJGLD54JSC12345,Freightliner,2022,2025-11-30 07:48:39.080190,84,10006,"49.177340,-167.157136"
3AKJGLD54JSC12345,Freightliner,2022,2025-11-30 02:42:29.179576,105,10003,"6.3012885,-119.086100"
1VWAP7A30JC123456,Volkswagen,2021,2025-11-30 05:56:11.409209,93,20007,"52.0315885,58.962125"
F654J5DV77JS46566,Ford,2024,2025-11-30 09:31:12.379803,2,19615,"-38.0157225,53.123825"
F654J5DV77JS46566,Ford,2024,2025-11-30 16:34:19.123187,21,19623,"-67.227803,167.386487"
6FDUF4GY1JSC12345,Scania,2016,2025-11-30 11:24:48.362596,27,50008,"-45.554447,61.975678"
F654J5DV77JS46566,Ford,2024,2025-11-30 01:59:29.636503,17,19623,"-0.2940625,-104.084811"
LZB12345678901234,FAW,2023,2025-11-30 09:28:58.484280,119,8003,"37.157225,163.012291"
F654J5DV77JS98654,Ford,2023,2025-11-30 18:39:29.013914,25,22109,"-45.599009,-18.640736"
6FDUF4GY1JSC12345,Scania,2016,2025-11-30 20:05:42.499381,0,50006,"-10.9095655,150.941909"
1V2NC9JX5JC123456,Volvo,2022,2025-11-30 19:43:30.838481,105,13564,"59.616376,-139.931763"
F654J5DV77JS46566,Ford,2024,2025-11-30 05:33:18.920953,11,19625,"-63.5183625,-55.764679"
1XKAD49X7JJ123456,Kenworth,2015,2025-11-30 16:24:46.141572,59,60002,"56.2156825,148.400623"
WDBUF56X98B123456,Mercedes-Benz,2017,2025-11-30 14:59:54.707186,113,40009,"-68.277756,171.606970"
3GCUKREC0FG123456,Chevrolet,2024,2025-11-30 14:41:41.735284,99,4007,"72.0452845,61.923237"
1XKAD49X7JJ123456,Kenworth,2015,2025-11-30 07:00:19.659431,48,60001,"-52.5425965,137.148695"
LZB12345678901234,FAW,2023,2025-11-30 15:33:40.040085,25,8008,"72.9780305,75.724399"
F654J5DV77JS46566,Ford,2024,2025-11-30 06:55:23.836423,97,19621,"-83.4556165,158.209381"
F654J5DV77JS98654,Ford,2023,2025-11-30 03:10:10.395569,113,22111,"49.800387,-73.493560"
1XKAD49X7JJ123456,Kenworth,2015,2025-11-30 05:30:39.146008,56,60004,"-45.404965,-27.058137"
F654J5DV77JS98654,Ford,2023,2025-11-30 03:35:56.802048,69,22108,"-65.858919,-17.512881"
F654J5DV77JS46566,Ford,2024,2025-11-29 22:58:35.957845,112,19622,"-48.942555,-15.834040"
1VWAP7A30JC123456,Volkswagen,2021,2025-11-30 12:12:30.809904,4,20008,"-17.2380215,-135.801589"
3AKJGLD54JSC12345,Freightliner,2022,2025-11-30 17:33:40.632768,67,10006,"-47.124904,27.837220"
3GCUKREC0FG893480,Chevrolet,2025,2025-11-30 06:59:54.240024,61,3927,"58.841897,26.275924"
1V2NC9JX5JC962225,Volvo,2022,2025-11-30 04:49:04.496242,42,11051,"-70.813313,79.550087"
3GCUKREC0FG893480,Chevrolet,2025,2025-11-29 23:16:22.207159,88,3933,"-3.5147245,56.047652"
1XKAD49X7JJ123456,Kenworth,2015,2025-11-29 20:19:35.475596,78,60002,"11.286573,-99.677800"
1XKAD49X7JJ123456,Kenworth,2015,2025-11-30 14:40:29.959498,42,60009,"64.6770035,1.569636"
F654J5DV77JS46566,Ford,2024,2025-11-29 21:20:32.027620,5,19619,"8.5184245,29.844620"
F654J5DV77JS46566,Ford,2024,2025-11-30 08:53:12.377879,106,19621,"-80.229589,142.705320"
6FDUF4GY1JSC12345,Scania,2016,2025-11-30 01:49:43.778434,27,50008,"16.760422,17.582911"
LZB12345678901234,FAW,2023,2025-11-30 18:13:38.912485,75,8000,"60.894845,68.933067"
3GCUKREC0FG123456,Chevrolet,2024,2025-11-30 00:05:29.915451,101,4007,"-87.3756365,-134.770933"
WDBUF56X98B123456,Mercedes-Benz,2017,2025-11-30 17:58:46.914240,98,40000,"66.6446115,113.619970"
1VWAP7A30JC123456,Volkswagen,2021,2025-11-30 14:33:10.485328,95,20005,"10.795233,-175.304056"
LZB12345678901234,FAW,2023,2025-11-30 19:34:09.723271,53,8005,"-22.1356535,-82.385231"
1V2NC9JX5JC962225,Volvo,2022,2025-11-30 09:18:31.998419,110,11058,"68.9820705,-39.536091"
1XKAD49X7JJ123456,Kenworth,2015,2025-11-29 21:12:36.681514,40,60000,"27.420527,-23.624637"
LZB12345678901234,FAW,2023,2025-11-30 12:34:01.396980,112,8007,"-24.777196,112.584348"
3AKJGLD54JSC12345,Freightliner,2022,2025-11-29 21:25:19.647121,63,10002,"-51.990538,119.001728"
1V2NC9JX5JC123456,Volvo,2022,2025-11-30 07:13:49.613588,81,13569,"-60.872485,123.215455"
1V2NC9JX5JC962225,Volvo,2022,2025-11-30 19:40:36.513186,38,11055,"11.9665495,-149.267497"
1VWAP7A30JC123456,Volkswagen,2021,2025-11-30 10:37:59.055619,110,20007,"-56.470261,121.117883"
1XKAD49X7JJ123456,Kenworth,2015,2025-11-30 13:10:54.964993,41,60009,"12.626156,-61.821715"
F654J5DV77JS98654,Ford,2023,2025-11-29 20:29:56.639576,64,22111,"71.327132,45.295834"
1V2NC9JX5JC962225,Volvo,2022,2025-11-30 04:38:06.211114,76,11052,"67.2137875,125.525393"
WDBUF56X98B123456,Mercedes-Benz,2017,2025-11-30 18:23:06.102606,17,40008,"40.683469,61.815796"
F654J5DV77JS46566,Ford,2024,2025-11-30 16:10:13.985410,40,19617,"-6.260996,-28.560878"
1V2NC9JX5JC123456,Volvo,2022,2025-11-30 07:33:53.029749,17,13568,"-71.9979675,-92.625744"
F654J5DV77JS46566,Ford,2024,2025-11-30 06:23:40.287791,29,19624,"10.2534855,-138.399692"
F654J5DV77JS46566,Ford,2024,2025-11-29 22:09:47.100434,21,19617,"69.7941275,76.807827"
F654J5DV77JS46566,Ford,2024,2025-11-30 13:10:12.549771,24,19623,"-34.2354855,50.875842"
1VWAP7A30JC123456,Volkswagen,2021,2025-11-30 03:22:02.276554,61,20000,"41.3888305,74.111096"
3AKJGLD54JSC12345,Freightliner,2022,2025-11-30 15:04:20.102208,51,10007,"81.005539,28.063862"
6FDUF4GY1JSC12345,Scania,2016,2025-11-29 21:57:56.552433,78,50006,"39.4005735,88.600936"
1V2NC9JX5JC123456,Volvo,2022,2025-11-30 05:27:59.782621,70,13563,"24.5234535,-8.356030"
3AKJGLD54JSC12345,Freightliner,2022,2025-11-30 05:53:58.414454,115,10000,"-19.603630,-39.702895"
1V2NC9JX5JC962225,Volvo,2022,2025-11-30 13:45:31.238978,111,11055,"-27.7670075,81.102951"
F654J5DV77JS98654,Ford,2023,2025-11-30 01:33:00.341941,83,22114,"-81.888620,-117.026075"
F654J5DV77JS98654,Ford,2023,2025-11-30 09:59:58.731006,56,22108,"79.400493,-32.777056"
F654J5DV77JS98654,Ford,2023,2025-11-30 05:37:41.006556,9,22112,"-11.169564,106.100456"
1VWAP7A30JC123456,Volkswagen,2021,2025-11-30 07:06:55.311682,116,20002,"-8.2436855,139.880525"
1V2NC9JX5JC962225,Volvo,2022,2025-11-30 14:56:59.877717,71,11051,"-10.980288,-133.004506"
3GCUKREC0FG123456,Chevrolet,2024,2025-11-29 23:37:43.045451,40,4009,"-33.5447305,-33.786538"
WDBUF56X98B123456,Mercedes-Benz,2017,2025-11-30 05:47:36.249298,103,40000,"-9.895302,176.710835"
1XKAD49X7JJ123456,Kenworth,2015,2025-11-30 14:45:38.317814,52,60006,"82.113023,142.236977"
3AKJGLD54JSC12345,Freightliner,2022,2025-11-30 05:08:54.415184,114,10007,"-37.560256,139.216388"
F654J5DV77JS46566,Ford,2024,2025-11-30 12:25:25.373610,105,19623,"-6.9910065,76.673120"
WDBUF56X98B123456,Mercedes-Benz,2017,2025-11-30 04:40:27.857860,90,40009,"-46.977735,-120.583756"
3GCUKREC0FG893480,Chevrolet,2025,2025-11-30 13:15:05.216220,104,3925,"-83.014089,-37.177946"
F654J5DV77JS46566,Ford,2024,2025-11-30 15:45:11.134572,109,19623,"53.8771135,118.301472"
1V2NC9JX5JC123456,Volvo,2022,2025-11-30 08:24:30.394867,40,13569,"-26.636316,-162.040272"
LZB12345678901234,FAW,2023,2025-11-30 19:18:52.163685,51,8002,"-63.0145325,68.207551"
LZB12345678901234,FAW,2023,2025-11-30 09:59:50.847200,51,8001,"48.8849215,-149.003724"
1VWAP7A30JC123456,Volkswagen,2021,2025-11-29 22:29:50.667264,86,20005,"-26.0051935,140.712000"
1V2NC9JX5JC123456,Volvo,2022,2025-11-30 14:54:53.072862,84,13570,"-66.918487,-0.913868"
3AKJGLD54JSC12345,Freightliner,2022,2025-11-30 00:26:50.185764,34,10007,"86.822046,162.311668"
6FDUF4GY1JSC12345,Scania,2016,2025-11-30 04:46:25.113526,109,50000,"-87.9288915,-106.450975"
1V2NC9JX5JC962225,Volvo,2022,2025-11-30 08:34:29.368685,52,11058,"-35.6518165,-102.537270"
1V2NC9JX5JC962225,Volvo,2022,2025-11-30 13:29:52.466275,112,11058,"76.736212,43.358055"
WDBUF56X98B123456,Mercedes-Benz,2017,2025-11-29 22:29:14.329634,28,40006,"-41.4648695,-84.616666"
F654J5DV77JS98654,Ford,2023,2025-11-30 18:51:46.246780,73,22109,"44.433951,-173.870903"
F654J5DV77JS98654,Ford,2023,2025-11-30 13:33:19.375247,120,22111,"-0.522761,-75.160129"
F654J5DV77JS46566,Ford,2024,2025-11-30 17:30:30.164049,66,19618,"-58.5571825,33.680751"
F654J5DV77JS46566,Ford,2024,2025-11-30 13:36:34.290718,97,19617,"-37.6385415,-84.415413"
F654J5DV77JS46566,Ford,2024,2025-11-30 11:29:56.380637,48,19615,"18.4703395,-134.586026"
1V2NC9JX5JC962225,Volvo,2022,2025-11-30 13:31:10.550819,67,11055,"40.3302115,95.505663"
1VWAP7A30JC123456,Volkswagen,2021,2025-11-30 13:28:11.480883,31,20005,"55.1268295,-119.468106"
1VWAP7A30JC123456,Volkswagen,2021,2025-11-30 06:16:59.885709,78,20008,"-42.0857845,-95.399181"
WDBUF56X98B123456,Mercedes-Benz,2017,2025-11-30 17:18:09.310990,119,40008,"-51.3015315,-175.289202"
3GCUKREC0FG123456,Chevrolet,2024,2025-11-30 16:26:52.631217,40,4001,"84.170859,6.401128"
1V2NC9JX5JC962225,Volvo,2022,2025-11-30 12:56:02.509649,87,11054,"-41.569446,-19.314041"
LZB12345678901234,FAW,2023,2025-11-30 07:47:17.378104,28,8003,"46.5195685,177.365235"
WDBUF56X98B123456,Mercedes-Benz,2017,2025-11-30 13:03:00.720786,67,40004,"-15.393003,-56.966209"
3AKJGLD54JSC12345,Freightliner,2022,2025-11-29 22:37:57.859684,79,10004,"27.402114,-156.104847"
3GCUKREC0FG123456,Chevrolet,2024,2025-11-30 19:18:43.494370,41,4007,"72.1924505,115.176926"
1VWAP7A30JC123456,Volkswagen,2021,2025-11-30 08:35:26.264406,3,20007,"-27.9126475,-64.060588"
3GCUKREC0FG893480,Chevrolet,2025,2025-11-30 09:35:49.948384,28,3932,"26.781558,5.537196"
F654J5DV77JS46566,Ford,2024,2025-11-29 22:52:14.895865,87,19624,"-12.3614305,50.091894"
3GCUKREC0FG123456,Chevrolet,2024,2025-11-30 17:22:04.142134,14,4000,"-18.714005,165.329904"
3GCUKREC0FG123456,Chevrolet,2024,2025-11-30 00:19:13.135460,94,4002,"31.673547,127.700981"
3GCUKREC0FG893480,Chevrolet,2025,2025-11-30 04:05:33.045715,29,3930,"48.634825,95.399094"
1V2NC9JX5JC123456,Volvo,2022,2025-11-30 13:50:01.905211,65,13564,"-71.656712,-0.635256"
F654J5DV77JS46566,Ford,2024,2025-11-30 07:11:07.235890,116,19622,"39.2809215,23.484690"
LZB12345678901234,FAW,2023,2025-11-30 16:22:32.626996,111,8001,"-47.125324,-134.179124"
3AKJGLD54JSC12345,Freightliner,2022,2025-11-29 21:33:04.493440,89,10008,"18.201078,-175.964735"
3AKJGLD54JSC12345,Freightliner,2022,2025-11-30 11:38:29.910789,101,10001,"21.3350525,-37.963122"
3GCUKREC0FG893480,Chevrolet,2025,2025-11-29 20:50:36.677433,29,3931,"-37.8695485,171.082090"
1XKAD49X7JJ123456,Kenworth,2015,2025-11-30 01:57:49.394361,85,60000,"38.972641,91.676173"
3GCUKREC0FG123456,Chevrolet,2024,2025-11-30 14:15:10.385971,56,4000,"63.800187,2.425780"
3AKJGLD54JSC12345,Freightliner,2022,2025-11-30 07:36:10.752231,57,10007,"62.2189445,-43.781572"
F654J5DV77JS46566,Ford,2024,2025-11-29 22:43:39.057005,79,19625,"62.138927,162.509610"
F654J5DV77JS98654,Ford,2023,2025-11-30 09:53:16.754469,29,22115,"-61.422451,-132.039930"
3GCUKREC0FG123456,Chevrolet,2024,2025-11-30 06:41:52.636655,54,4007,"47.219990,-171.188629"
1XKAD49X7JJ123456,Kenworth,2015,2025-11-30 04:21:22.918768,86,60006,"-81.274776,27.928098"
1V2NC9JX5JC123456,Volvo,2022,2025-11-29 23:30:00.631807,12,13570,"-53.7757675,109.432782"
F654J5DV77JS98654,Ford,2023,2025-11-30 14:27:01.909645,21,22106,"24.1872655,50.393633"
1VWAP7A30JC123456,Volkswagen,2021,2025-11-30 02:56:58.676808,4,20004,"-80.205597,104.529826"
3AKJGLD54JSC12345,Freightliner,2022,2025-11-30 02:45:39.053552,83,10006,"41.4830585,84.863271"
3GCUKREC0FG893480,Chevrolet,2025,2025-11-30 04:22:28.029079,22,3926,"11.847088,-17.030792"
LZB12345678901234,FAW,2023,2025-11-30 07:42:35.646290,108,8005,"49.3293305,167.283102"
1V2NC9JX5JC962225,Volvo,2022,2025-11-30 16:03:22.933638,47,11054,"19.605186,-127.012667"
LZB12345678901234,FAW,2023,2025-11-30 06:20:32.090572,17,8004,"-69.7527055,-121.505083"
3AKJGLD54JSC12345,Freightliner,2022,2025-11-29 20:55:26.011119,112,10004,"3.4950215,-108.417612"
1XKAD49X7JJ123456,Kenworth,2015,2025-11-30 02:26:37.274404,4,60000,"64.8537535,56.855440"
3GCUKREC0FG893480,Chevrolet,2025,2025-11-30 15:23:36.069338,90,3928,"45.8825255,-42.357655"
1V2NC9JX5JC123456,Volvo,2022,2025-11-30 06:39:00.633947,62,13565,"10.7519805,110.114803"
3AKJGLD54JSC12345,Freightliner,2022,2025-11-30 02:50:37.613587,5,10004,"-70.106035,-23.169264"
1VWAP7A30JC123456,Volkswagen,2021,2025-11-30 17:37:44.269029,19,20006,"-64.5295315,121.846896"
WDBUF56X98B123456,Mercedes-Benz,2017,2025-11-30 16:47:14.995909,36,40003,"-13.1788565,5.253473"
1V2NC9JX5JC962225,Volvo,2022,2025-11-30 09:25:16.315305,70,11053,"-36.700079,130.962839"
3GCUKREC0FG123456,Chevrolet,2024,2025-11-30 07:36:32.572058,70,4004,"60.189242,-75.522405"
F654J5DV77JS98654,Ford,2023,2025-11-30 15:38:02.028393,42,22110,"-76.377991,-74.022844"
LZB12345678901234,FAW,2023,2025-11-30 10:50:46.748694,29,8002,"44.5271685,-138.830870"
WDBUF56X98B123456,Mercedes-Benz,2017,2025-11-30 00:31:26.987111,2,40001,"-62.178093,-5.802672"
WDBUF56X98B123456,Mercedes-Benz,2017,2025-11-30 03:06:30.990233,80,40004,"0.3937845,-42.860637"
1VWAP7A30JC123456,Volkswagen,2021,2025-11-29 20:55:45.898836,89,20002,"53.0491305,-7.644750"
3GCUKREC0FG893480,Chevrolet,2025,2025-11-30 05:06:14.744188,111,3934,"39.3011625,-99.448270"
1V2NC9JX5JC123456,Volvo,2022,2025-11-30 14:34:12.739078,64,13567,"-58.2548135,101.249234"
F654J5DV77JS98654,Ford,2023,2025-11-29 23:06:28.525481,50,22113,"62.859007,25.993719"
F654J5DV77JS46566,Ford,2024,2025-11-30 03:06:22.172910,91,19619,"-54.4434585,142.808182"
1VWAP7A30JC123456,Volkswagen,2021,2025-11-29 23:33:57.924334,106,20006,"37.291040,20.267558"
1V2NC9JX5JC962225,Volvo,2022,2025-11-30 17:53:01.556340,72,11059,"45.8022555,-27.332647"
3GCUKREC0FG893480,Chevrolet,2025,2025-11-30 05:52:03.413954,105,3930,"-88.5396315,-4.863327"
6FDUF4GY1JSC12345,Scania,2016,2025-11-30 10:30:51.646289,75,50008,"53.077055,-63.779319"
3GCUKREC0FG893480,Chevrolet,2025,2025-11-30 07:14:43.560364,73,3933,"-18.2323005,48.900998"
1VWAP7A30JC123456,Volkswagen,2021,2025-11-30 05:54:32.402940,74,20008,"-43.732600,-87.982682"
3AKJGLD54JSC12345,Freightliner,2022,2025-11-30 09:05:04.949877,46,10001,"8.544022,-42.331766"
1V2NC9JX5JC123456,Volvo,2022,2025-11-30 11:48:58.543249,120,13564,"-25.2711225,-34.642322"
1XKAD49X7JJ123456,Kenworth,2015,2025-11-30 06:20:58.957381,12,60001,"69.7136425,17.466596"
6FDUF4GY1JSC12345,Scania,2016,2025-11-30 02:28:28.904308,73,50009,"-33.4517955,101.221262"
WDBUF56X98B123456,Mercedes-Benz,2017,2025-11-30 08:21:09.096676,62,40001,"34.607285,-76.470375"
3AKJGLD54JSC12345,Freightliner,2022,2025-11-30 13:31:33.555684,11,10001,"11.705933,-179.785876"
F654J5DV77JS46566,Ford,2024,2025-11-30 02:55:07.621145,26,19616,"-1.919137,89.835083"
3AKJGLD54JSC12345,Freightliner,2022,2025-11-30 08:22:14.521838,39,10004,"37.560614,144.731709"
1XKAD49X7JJ123456,Kenworth,2015,2025-11-30 08:36:21.575384,103,60008,"42.6723275,-69.763344"
3AKJGLD54JSC12345,Freightliner,2022,2025-11-30 15:51:14.499798,57,10004,"-26.3586215,-134.871131"
1VWAP7A30JC123456,Volkswagen,2021,2025-11-30 15:42:02.166171,118,20005,"46.969255,-43.354702"
F654J5DV77JS98654,Ford,2023,2025-11-30 00:25:12.456979,114,22111,"-14.2103685,-119.458278"
1V2NC9JX5JC123456,Volvo,2022,2025-11-30 06:21:38.583128,99,13561,"-13.838279,86.291456"
F654J5DV77JS98654,Ford,2023,2025-11-29 21:56:44.993304,78,22110,"-84.4943815,24.486884"
F654J5DV77JS46566,Ford,2024,2025-11-29 21:18:15.657167,38,19622,"9.7771785,-122.868066"
6FDUF4GY1JSC12345,Scania,2016,2025-11-29 22:46:04.340106,88,50005,"-30.1006135,-128.601792"
3AKJGLD54JSC12345,Freightliner,2022,2025-11-30 12:27:02.461630,8,10008,"-38.084670,-139.416712"
1VWAP7A30JC123456,Volkswagen,2021,2025-11-30 17:58:05.122056,111,20006,"-71.328234,-23.284043"
3GCUKREC0FG893480,Chevrolet,2025,2025-11-30 07:41:12.991589,77,3935,"32.2680295,-137.278708"
3GCUKREC0FG123456,Chevrolet,2024,2025-11-30 04:46:35.155672,97,4000,"-34.940429,-55.251630"
F654J5DV77JS46566,Ford,2024,2025-11-29 22:25:45.822605,105,19617,"40.645606,-73.433100"
1VWAP7A30JC123456,Volkswagen,2021,2025-11-30 06:08:15.070056,90,20001,"56.374177,113.525716"
3GCUKREC0FG893480,Chevrolet,2025,2025-11-30 17:31:22.007411,106,3935,"-20.5257205,49.198618"
3GCUKREC0FG893480,Chevrolet,2025,2025-11-30 07:34:55.477845,118,3929,"77.9977065,-102.694509"
1V2NC9JX5JC123456,Volvo,2022,2025-11-30 06:41:02.096886,30,13565,"-42.6284055,107.255231"
F654J5DV77JS98654,Ford,2023,2025-11-30 18:46:39.090650,12,22114,"6.179192,-144.324601"
1V2NC9JX5JC123456,Volvo,2022,2025-11-29 22:18:06.964139,111,13565,"-63.5353625,-63.158305"
1XKAD49X7JJ123456,Kenworth,2015,2025-11-30 19:58:23.274867,36,60003,"79.021448,2.525962"
3AKJGLD54JSC12345,Freightliner,2022,2025-11-30 19:47:18.652908,70,10007,"-78.231836,-97.080543"
3AKJGLD54JSC12345,Freightliner,2022,2025-11-30 04:57:21.768631,115,10006,"25.8695485,-96.990760"
1V2NC9JX5JC123456,Volvo,2022,2025-11-30 09:08:03.213500,43,13563,"60.5564905,142.749793"
1XKAD49X7JJ123456,Kenworth,2015,2025-11-30 04:11:51.335401,43,60002,"64.8562675,65.905291"
1V2NC9JX5JC123456,Volvo,2022,2025-11-30 06:24:30.016907,37,13566,"56.315023,-83.397349"
6FDUF4GY1JSC12345,Scania,2016,2025-11-30 06:56:47.389151,12,50001,"-59.056364,-60.699611"
WDBUF56X98B123456,Mercedes-Benz,2017,2025-11-30 07:38:40.041749,19,40006,"-6.488083,44.927444"
WDBUF56X98B123456,Mercedes-Benz,2017,2025-11-30 08:18:57.148606,18,40003,"-72.9473035,130.863822"
1XKAD49X7JJ123456,Kenworth,2015,2025-11-30 07:12:08.609500,8,60002,"-36.525815,178.039539"
WDBUF56X98B123456,Mercedes-Benz,2017,2025-11-30 17:03:52.997583,86,40003,"86.220665,-111.744118"
F654J5DV77JS46566,Ford,2024,2025-11-29 20:50:13.673108,117,19624,"-83.9747505,-84.663633"
WDBUF56X98B123456,Mercedes-Benz,2017,2025-11-30 01:46:09.776298,14,40008,"38.432968,18.132782"
1V2NC9JX5JC962225,Volvo,2022,2025-11-30 03:11:48.523685,65,11056,"85.8889835,11.079923"
3GCUKREC0FG893480,Chevrolet,2025,2025-11-30 13:45:47.677960,31,3927,"-66.361800,-57.357354"
6FDUF4GY1JSC12345,Scania,2016,2025-11-30 14:44:46.695969,107,50007,"28.4269715,-122.445343"
3GCUKREC0FG123456,Chevrolet,2024,2025-11-30 13:46:28.899386,98,4004,"72.6282195,-153.142904"
1V2NC9JX5JC962225,Volvo,2022,2025-11-30 15:30:33.964973,93,11052,"-54.7354985,-10.719563"
1V2NC9JX5JC962225,Volvo,2022,2025-11-30 15:00:19.270073,47,11053,"-79.045781,-104.917371"
6FDUF4GY1JSC12345,Scania,2016,2025-11-30 12:34:01.043224,103,50009,"-50.327824,-7.557747"
1VWAP7A30JC123456,Volkswagen,2021,2025-11-30 09:03:07.119423,64,20007,"1.9194855,-179.295391"
F654J5DV77JS98654,Ford,2023,2025-11-30 04:09:43.348050,95,22112,"76.558979,108.549479"
3GCUKREC0FG893480,Chevrolet,2025,2025-11-30 11:26:22.630774,42,3933,"-18.756524,-60.654330"
F654J5DV77JS46566,Ford,2024,2025-11-30 00:15:54.005789,9,19625,"66.3172235,50.586899"
1XKAD49X7JJ123456,Kenworth,2015,2025-11-30 04:19:14.049384,83,60009,"-40.5605085,132.929620"
1V2NC9JX5JC962225,Volvo,2022,2025-11-30 07:57:58.269903,6,11057,"4.458119,92.739448"
F654J5DV77JS46566,Ford,2024,2025-11-30 15:30:35.790503,6,19618,"38.8971875,70.349294"
LZB12345678901234,FAW,2023,2025-11-30 13:59:04.790954,16,8008,"-62.666449,-56.480073"
3GCUKREC0FG893480,Chevrolet,2025,2025-11-30 12:42:58.433787,100,3927,"29.1568575,-2.657065"
1V2NC9JX5JC962225,Volvo,2022,2025-11-30 20:10:00.445957,103,11051,"89.281374,129.110362"
LZB12345678901234,FAW,2023,2025-11-30 08:54:54.549332,62,8003,"74.476152,-76.202958"
3GCUKREC0FG893480,Chevrolet,2025,2025-11-30 17:40:41.870355,67,3932,"7.695657,-108.746916"
3GCUKREC0FG123456,Chevrolet,2024,2025-11-30 14:27:14.569647,15,4007,"19.765940,59.817945"
3GCUKREC0FG123456,Chevrolet,2024,2025-11-29 20:20:14.258491,53,3999,"-65.4555815,79.917900"
F654J5DV77JS98654,Ford,2023,2025-11-30 06:25:56.720144,12,22114,"-58.4068235,134.486311"
1VWAP7A30JC123456,Volkswagen,2021,2025-11-30 02:38:36.510197,87,20008,"18.8970855,-133.703687"
1VWAP7A30JC123456,Volkswagen,2021,2025-11-30 00:59:19.519073,117,20004,"55.7412665,69.154376"
1V2NC9JX5JC123456,Volvo,2022,2025-11-30 10:55:20.869878,58,13562,"11.4666085,-114.843480"
3GCUKREC0FG123456,Chevrolet,2024,2025-11-30 06:50:21.936962,68,4002,"-33.2653015,-140.920244"
3AKJGLD54JSC12345,Freightliner,2022,2025-11-30 01:10:08.677152,113,10005,"82.103668,29.063112"
6FDUF4GY1JSC12345,Scania,2016,2025-11-30 15:51:05.008137,0,50004,"-64.915765,-131.543987"
F654J5DV77JS46566,Ford,2024,2025-11-30 09:39:47.002394,110,19620,"74.3355625,4.531776"
3AKJGLD54JSC12345,Freightliner,2022,2025-11-30 05:30:10.678519,59,10005,"1.5425335,69.945363"
LZB12345678901234,FAW,2023,2025-11-30 17:42:22.174488,3,8006,"-54.2498635,-89.822583"
1VWAP7A30JC123456,Volkswagen,2021,2025-11-30 13:14:22.661612,70,20008,"38.118973,137.075952"
1XKAD49X7JJ123456,Kenworth,2015,2025-11-30 20:09:50.626282,24,60005,"89.8369735,16.400411"
6FDUF4GY1JSC12345,Scania,2016,2025-11-30 08:54:40.412523,89,50009,"82.722950,-34.614197"
1VWAP7A30JC123456,Volkswagen,2021,2025-11-29 20:27:30.640727,10,20006,"66.3050605,-112.897242"
6FDUF4GY1JSC12345,Scania,2016,2025-11-30 19:48:29.478448,93,50008,"6.5611925,-167.517298"
6FDUF4GY1JSC12345,Scania,2016,2025-11-30 01:31:30.879272,45,50003,"0.3832285,159.305695"
3GCUKREC0FG893480,Chevrolet,2025,2025-11-30 08:25:32.605139,36,3932,"38.992718,-20.312318"
LZB12345678901234,FAW,2023,2025-11-30 02:02:14.239340,82,8008,"-65.5611535,34.863044"
WDBUF56X98B123456,Mercedes-Benz,2017,2025-11-30 15:07:07.338758,37,40003,"38.5852235,-137.631108"
3AKJGLD54JSC12345,Freightliner,2022,2025-11-30 10:29:48.982887,19,10003,"-0.0411705,108.882981"
3AKJGLD54JSC12345,Freightliner,2022,2025-11-30 17:07:02.996876,77,10005,"-67.3260755,102.996352"
LZB12345678901234,FAW,2023,2025-11-30 00:47:48.422528,107,8002,"72.4838335,-38.062305"
6FDUF4GY1JSC12345,Scania,2016,2025-11-30 08:46:10.510978,8,50004,"47.1434145,-67.028620"
1V2NC9JX5JC962225,Volvo,2022,2025-11-30 12:11:02.495962,80,11060,"18.195623,-129.694838"
1VWAP7A30JC123456,Volkswagen,2021,2025-11-30 18:25:58.315621,98,20007,"-70.2063935,-58.593750"
3GCUKREC0FG893480,Chevrolet,2025,2025-11-30 00:52:09.602815,66,3935,"-11.0771695,-5.944777"
LZB12345678901234,FAW,2023,2025-11-30 08:13:13.045918,61,8009,"-70.6909235,-133.018409"
1V2NC9JX5JC123456,Volvo,2022,2025-11-30 13:23:15.077657,13,13566,"-24.502847,39.737031"
3AKJGLD54JSC12345,Freightliner,2022,2025-11-30 19:09:58.295785,9,10000,"-86.016855,-70.537234"
1XKAD49X7JJ123456,Kenworth,2015,2025-11-30 00:41:41.471256,62,60005,"85.8154105,-77.638317"
F654J5DV77JS46566,Ford,2024,2025-11-29 21:25:16.090874,105,19621,"-71.541836,80.106423"
1VWAP7A30JC123456,Volkswagen,2021,2025-11-30 08:40:49.702980,96,20003,"10.101429,-62.193748"
F654J5DV77JS98654,Ford,2023,2025-11-30 05:49:39.905876,77,22107,"45.213257,-137.946648"
1XKAD49X7JJ123456,Kenworth,2015,2025-11-30 12:39:27.925211,24,60001,"-64.5486135,70.955166"
F654J5DV77JS46566,Ford,2024,2025-11-30 07:18:39.991929,97,19616,"-82.7662875,-69.045068"
3AKJGLD54JSC12345,Freightliner,2022,2025-11-30 07:51:25.061531,92,10001,"70.2332705,-172.954315"
1XKAD49X7JJ123456,Kenworth,2015,2025-11-30 18:47:29.725875,93,60009,"-15.106207,134.695364"
WDBUF56X98B123456,Mercedes-Benz,2017,2025-11-29 21:37:04.162112,48,40008,"-71.7521075,-7.166245"
3AKJGLD54JSC12345,Freightliner,2022,2025-11-30 13:13:08.600909,80,10001,"37.092642,-136.960451"
1V2NC9JX5JC123456,Volvo,2022,2025-11-30 10:13:08.890523,1,13564,"80.119044,4.454568"
WDBUF56X98B123456,Mercedes-Benz,2017,2025-11-30 13:01:21.764904,106,40009,"-10.039511,-178.607126"
F654J5DV77JS46566,Ford,2024,2025-11-30 14:09:09.723931,115,19624,"-76.984922,-126.269606"
F654J5DV77JS98654,Ford,2023,2025-11-30 06:30:30.375105,109,22107,"84.9222365,54.645264"
1V2NC9JX5JC123456,Volvo,2022,2025-11-30 13:55:05.979490,27,13561,"21.654419,-77.745424"
6FDUF4GY1JSC12345,Scania,2016,2025-11-30 14:48:58.842163,17,50001,"-46.554461,164.477390"
6FDUF4GY1JSC12345,Scania,2016,2025-11-29 20:23:50.864486,42,50010,"-22.8740445,-68.569284"
3GCUKREC0FG123456,Chevrolet,2024,2025-11-29 21:13:40.645738,47,4003,"25.0174325,-42.687281"
1V2NC9JX5JC962225,Volvo,2022,2025-11-30 07:56:19.889319,7,11056,"-13.139945,79.737462"
1XKAD49X7JJ123456,Kenworth,2015,2025-11-30 02:45:31.129741,44,60001,"14.6788715,-107.043850"
1XKAD49X7JJ123456,Kenworth,2015,2025-11-30 12:08:40.923484,85,60003,"81.8754005,111.097100"
LZB12345678901234,FAW,2023,2025-11-29 23:16:14.429085,8,8005,"-70.653394,50.978535"
1V2NC9JX5JC962225,Volvo,2022,2025-11-30 01:30:14.587828,16,11050,"-24.861094,-103.764353"
1V2NC9JX5JC123456,Volvo,2022,2025-11-30 16:29:49.184294,113,13567,"81.0184445,-171.392042"
1XKAD49X7JJ123456,Kenworth,2015,2025-11-30 15:20:33.216261,103,60001,"-24.023954,-129.143303"
WDBUF56X98B123456,Mercedes-Benz,2017,2025-11-30 18:33:54.198891,27,40005,"-34.047414,-22.393927"
WDBUF56X98B123456,Mercedes-Benz,2017,2025-11-30 07:41:50.222819,55,40007,"63.417790,-34.000553"
3GCUKREC0FG123456,Chevrolet,2024,2025-11-29 22:29:41.422605,52,4003,"70.1324225,-165.757696"
3AKJGLD54JSC12345,Freightliner,2022,2025-11-29 22:16:45.748481,76,10002,"77.9070725,-62.650439"
3GCUKREC0FG893480,Chevrolet,2025,2025-11-30 00:22:58.160575,35,3926,"-7.495193,68.781450"
6FDUF4GY1JSC12345,Scania,2016,2025-11-30 04:31:39.832736,75,50002,"-79.1053105,-41.333786"
1VWAP7A30JC123456,Volkswagen,2021,2025-11-30 19:56:34.950017,95,20004,"-87.242835,-47.319493"
3GCUKREC0FG893480,Chevrolet,2025,2025-11-30 19:29:12.204066,7,3927,"-65.5289255,4.940478"
LZB12345678901234,FAW,2023,2025-11-30 18:30:37.238103,11,8010,"84.697247,-19.475237"
F654J5DV77JS46566,Ford,2024,2025-11-29 22:27:51.540647,38,19617,"89.8337265,115.570002"
6FDUF4GY1JSC12345,Scania,2016,2025-11-30 14:02:23.578731,109,50006,"1.729183,-178.606384"
1XKAD49X7JJ123456,Kenworth,2015,2025-11-30 09:58:01.802286,22,60010,"20.281825,-104.724700"
LZB12345678901234,FAW,2023,2025-11-30 06:16:00.303349,112,8008,"-88.780485,121.718373"
1V2NC9JX5JC962225,Volvo,2022,2025-11-29 22:30:23.800861,64,11053,"-30.652195,-151.182149"
F654J5DV77JS46566,Ford,2024,2025-11-30 08:34:58.500364,101,19619,"34.2374445,50.914148"
WDBUF56X98B123456,Mercedes-Benz,2017,2025-11-30 17:14:47.780365,110,40000,"-39.8240815,120.354429"
1VWAP7A30JC123456,Volkswagen,2021,2025-11-29 22:13:16.999216,55,20009,"46.085905,-56.384350"
3GCUKREC0FG123456,Chevrolet,2024,2025-11-30 07:12:47.241156,114,3999,"-73.8451385,98.811835"
1VWAP7A30JC123456,Volkswagen,2021,2025-11-30 19:51:58.467920,16,20004,"48.311991,-62.194531"
F654J5DV77JS98654,Ford,2023,2025-11-30 04:53:18.731639,10,22110,"17.2918395,-114.728319"
1V2NC9JX5JC962225,Volvo,2022,2025-11-29 20:19:11.238406,116,11050,"19.850942,124.435287"
1V2NC9JX5JC123456,Volvo,2022,2025-11-29 23:13:20.761708,79,13563,"72.8438885,-98.776627"
F654J5DV77JS46566,Ford,2024,2025-11-30 20:02:51.991425,1,19620,"-45.4127345,107.121520"
1XKAD49X7JJ123456,Kenworth,2015,2025-11-30 14:43:39.183501,26,60000,"56.5413505,47.215877"
1V2NC9JX5JC123456,Volvo,2022,2025-11-30 02:46:03.305171,38,13560,"67.1558045,136.971856"
1VWAP7A30JC123456,Volkswagen,2021,2025-11-30 06:04:11.009154,19,20005,"72.4561985,41.408567"
3GCUKREC0FG123456,Chevrolet,2024,2025-11-29 23:48:08.856183,82,4003,"-40.286563,-37.660182"
1XKAD49X7JJ123456,Kenworth,2015,2025-11-30 01:33:48.272200,64,60003,"-5.3560955,179.136741"
3GCUKREC0FG893480,Chevrolet,2025,2025-11-30 19:28:36.977511,66,3934,"-8.7749325,-148.620175"
WDBUF56X98B123456,Mercedes-Benz,2017,2025-11-30 13:22:43.892317,37,40010,"-52.803927,-109.572355"
F654J5DV77JS98654,Ford,2023,2025-11-30 18:18:20.990687,105,22112,"47.441785,6.643876"
1VWAP7A30JC123456,Volkswagen,2021,2025-11-30 01:48:28.964889,105,20007,"-9.216633,104.080515"
LZB12345678901234,FAW,2023,2025-11-30 01:30:53.142572,29,8007,"-21.6257955,6.826054"
F654J5DV77JS46566,Ford,2024,2025-11-30 04:59:09.093806,119,19625,"-27.913355,67.830960"
1V2NC9JX5JC123456,Volvo,2022,2025-11-30 15:50:00.912883,5,13561,"25.8997815,32.241058"
3GCUKREC0FG893480,Chevrolet,2025,2025-11-30 06:42:53.272444,24,3931,"-86.443594,126.671536"
LZB12345678901234,FAW,2023,2025-11-29 22:43:28.958011,6,8006,"58.658008,28.925017"
F654J5DV77JS98654,Ford,2023,2025-11-30 12:25:50.149485,9,22113,"15.363006,51.010080"
3GCUKREC0FG893480,Chevrolet,2025,2025-11-30 10:16:36.780229,4,3929,"35.134707,-43.199675"
3GCUKREC0FG893480,Chevrolet,2025,2025-11-30 16:59:48.750733,65,3932,"-79.185894,24.057248"
F654J5DV77JS46566,Ford,2024,2025-11-29 21:31:03.746810,58,19617,"-41.6839705,-56.659519"
LZB12345678901234,FAW,2023,2025-11-30 18:10:33.312902,97,8009,"27.395497,-139.925155"
3GCUKREC0FG893480,Chevrolet,2025,2025-11-30 07:10:18.548177,92,3929,"24.766182,152.302175"
6FDUF4GY1JSC12345,Scania,2016,2025-11-30 13:29:06.401921,7,50004,"-84.6778485,-32.057750"
3GCUKREC0FG123456,Chevrolet,2024,2025-11-30 19:47:17.907205,47,4000,"25.7181815,-57.150747"
3AKJGLD54JSC12345,Freightliner,2022,2025-11-30 18:21:26.942321,40,10007,"8.7751055,84.284418"
F654J5DV77JS98654,Ford,2023,2025-11-29 22:59:59.557589,60,22110,"-52.860904,-9.179287"
WDBUF56X98B123456,Mercedes-Benz,2017,2025-11-30 04:15:12.838537,103,40001,"8.244254,31.648349"
1XKAD49X7JJ123456,Kenworth,2015,2025-11-30 00:20:59.000260,72,60001,"79.8384235,152.591355"
WDBUF56X98B123456,Mercedes-Benz,2017,2025-11-29 21:41:17.654636,19,40007,"47.502164,96.747878"
3GCUKREC0FG893480,Chevrolet,2025,2025-11-30 14:01:26.888588,41,3926,"86.646638,167.250651"
6FDUF4GY1JSC12345,Scania,2016,2025-11-30 18:21:30.105047,24,50000,"-75.281930,-168.728740"
1V2NC9JX5JC123456,Volvo,2022,2025-11-30 11:08:54.047729,69,13561,"45.796184,-86.663579"
1V2NC9JX5JC962225,Volvo,2022,2025-11-30 08:54:25.016902,117,11051,"87.8466665,-71.491961"
1V2NC9JX5JC962225,Volvo,2022,2025-11-30 17:58:51.841155,91,11059,"-19.5807435,103.605106"
1VWAP7A30JC123456,Volkswagen,2021,2025-11-30 03:55:27.818035,75,20007,"-27.184185,-92.005853"
F654J5DV77JS98654,Ford,2023,2025-11-29 21:02:46.390754,95,22109,"37.1503055,71.242173"
F654J5DV77JS46566,Ford,2024,2025-11-30 13:58:02.483956,98,19617,"-62.048995,66.310622"
F654J5DV77JS46566,Ford,2024,2025-11-30 01:02:37.024562,24,19621,"-86.348230,-86.158180"
1V2NC9JX5JC123456,Volvo,2022,2025-11-30 08:03:09.893320,54,13562,"61.681182,6.286416"
3AKJGLD54JSC12345,Freightliner,2022,2025-11-30 13:35:32.514302,78,10000,"-27.666215,-33.064236"
LZB12345678901234,FAW,2023,2025-11-30 07:16:51.966058,74,8005,"-62.891639,-20.371423"
1XKAD49X7JJ123456,Kenworth,2015,2025-11-30 12:30:57.292141,84,60005,"37.370162,-145.662280"
1V2NC9JX5JC962225,Volvo,2022,2025-11-30 19:09:47.156208,15,11055,"-58.314519,-28.277873"
3GCUKREC0FG893480,Chevrolet,2025,2025-11-30 05:22:56.816887,98,3935,"2.2934835,113.665791"
3GCUKREC0FG893480,Chevrolet,2025,2025-11-30 14:14:33.531617,60,3930,"-22.4954005,-129.924817"
3AKJGLD54JSC12345,Freightliner,2022,2025-11-30 06:47:27.417055,47,10004,"-0.454647,68.129883"
F654J5DV77JS46566,Ford,2024,2025-11-30 17:01:56.429413,22,19622,"85.433890,108.232102"
3GCUKREC0FG123456,Chevrolet,2024,2025-11-29 22:17:08.596865,8,4000,"82.7866515,42.289224"
F654J5DV77JS46566,Ford,2024,2025-11-30 06:42:26.330395,40,19617,"45.7151995,23.447065"
3GCUKREC0FG893480,Chevrolet,2025,2025-11-30 15:07:36.869746,75,3928,"-32.5825025,-115.258385"
1V2NC9JX5JC962225,Volvo,2022,2025-11-30 06:43:48.598820,1,11051,"67.887175,19.710817"
6FDUF4GY1JSC12345,Scania,2016,2025-11-30 15:23:36.079414,53,50003,"-45.3168555,164.529200"
1V2NC9JX5JC962225,Volvo,2022,2025-11-30 13:39:40.060793,97,11059,"17.9278975,-12.112147"
1V2NC9JX5JC123456,Volvo,2022,2025-11-30 08:51:00.062642,46,13565,"81.7214565,29.630692"
1VWAP7A30JC123456,Volkswagen,2021,2025-11-30 07:08:13.010344,24,20003,"-35.565270,-135.023665"
3GCUKREC0FG893480,Chevrolet,2025,2025-11-30 02:19:41.623482,75,3927,"6.9190155,-174.546205"
3GCUKREC0FG893480,Chevrolet,2025,2025-11-30 14:48:42.217247,44,3925,"-41.2216695,71.200696"
6FDUF4GY1JSC12345,Scania,2016,2025-11-30 01:12:48.227770,57,50010,"58.0221365,120.965499"
6FDUF4GY1JSC12345,Scania,2016,2025-11-30 15:19:40.744940,38,50000,"-89.5325655,118.672463"
1V2NC9JX5JC123456,Volvo,2022,2025-11-30 09:10:55.065609,76,13563,"-3.383860,75.478543"
1V2NC9JX5JC962225,Volvo,2022,2025-11-30 02:20:45.879477,87,11052,"-79.5522395,-20.077146"
3GCUKREC0FG123456,Chevrolet,2024,2025-11-29 22:13:18.167833,90,4009,"1.4279955,-101.381373"
LZB12345678901234,FAW,2023,2025-11-30 08:38:07.489647,12,8007,"50.7066405,86.533908"
3AKJGLD54JSC12345,Freightliner,2022,2025-11-30 12:00:49.614902,0,10010,"69.343130,123.529200"
WDBUF56X98B123456,Mercedes-Benz,2017,2025-11-30 00:35:01.392047,32,40007,"-63.728054,107.286238"
3GCUKREC0FG893480,Chevrolet,2025,2025-11-30 09:23:02.679478,18,3929,"77.6315835,-175.081127"
3GCUKREC0FG123456,Chevrolet,2024,2025-11-30 13:15:30.368944,68,4003,"20.3160005,-170.912037"
F654J5DV77JS98654,Ford,2023,2025-11-29 21:55:16.166189,3,22106,"-55.977777,-114.531765"
3GCUKREC0FG893480,Chevrolet,2025,2025-11-30 20:12:52.706352,69,3929,"55.6654865,134.311586"
1V2NC9JX5JC962225,Volvo,2022,2025-11-30 08:49:11.685645,9,11058,"-6.1480085,121.761131"
WDBUF56X98B123456,Mercedes-Benz,2017,2025-11-30 10:49:07.108246,14,40002,"-69.7848315,96.284169"
3GCUKREC0FG893480,Chevrolet,2025,2025-11-30 04:44:31.974030,12,3928,"23.345141,57.206887"
1XKAD49X7JJ123456,Kenworth,2015,2025-11-30 13:59:20.369760,94,60005,"0.9372065,-140.673218"
3AKJGLD54JSC12345,Freightliner,2022,2025-11-30 09:42:35.831095,27,10008,"-4.010606,134.108803"
3GCUKREC0FG893480,Chevrolet,2025,2025-11-30 03:40:23.823147,101,3930,"-71.560808,94.283324"
LZB12345678901234,FAW,2023,2025-11-30 03:53:06.565022,92,8005,"-89.762750,-164.112412"
1V2NC9JX5JC123456,Volvo,2022,2025-11-30 17:08:08.207275,11,13570,"-58.4037835,22.846898"
1XKAD49X7JJ123456,Kenworth,2015,2025-11-30 09:22:05.241571,56,60004,"81.5987535,-159.887020"
6FDUF4GY1JSC12345,Scania,2016,2025-11-30 09:23:58.033700,114,50001,"-30.3257775,-2.871359"
1V2NC9JX5JC123456,Volvo,2022,2025-11-30 15:02:47.471394,112,13567,"72.844390,76.629271"
F654J5DV77JS46566,Ford,2024,2025-11-30 09:09:53.056889,108,19615,"-22.7528925,101.012224"
F654J5DV77JS98654,Ford,2023,2025-11-30 17:40:23.258621,53,22110,"-31.800342,-27.716147"
6FDUF4GY1JSC12345,Scania,2016,2025-11-30 10:33:17.409661,26,50003,"9.7077495,134.371022"
3AKJGLD54JSC12345,Freightliner,2022,2025-11-30 14:44:15.032241,72,10004,"28.2191655,169.875434"
3GCUKREC0FG893480,Chevrolet,2025,2025-11-30 01:12:37.577993,80,3935,"21.6619925,91.121266"
1V2NC9JX5JC123456,Volvo,2022,2025-11-30 07:35:36.315233,63,13564,"57.272570,40.183937"
F654J5DV77JS98654,Ford,2023,2025-11-30 04:37:04.085395,80,22115,"80.8196315,158.356069"
1V2NC9JX5JC123456,Volvo,2022,2025-11-29 23:27:22.167997,77,13567,"-17.178109,-113.693698"
3GCUKREC0FG123456,Chevrolet,2024,2025-11-30 00:19:27.095759,26,4008,"47.723885,-108.230808"
F654J5DV77JS46566,Ford,2024,2025-11-30 07:55:39.974677,53,19615,"49.221144,-169.510444"
F654J5DV77JS98654,Ford,2023,2025-11-30 05:03:50.152849,48,22108,"-26.5981365,-42.506374"
6FDUF4GY1JSC12345,Scania,2016,2025-11-30 08:37:08.454023,75,50002,"31.4918515,65.866153"
3GCUKREC0FG893480,Chevrolet,2025,2025-11-30 07:56:25.306206,63,3928,"-84.2184415,-114.794496"
F654J5DV77JS98654,Ford,2023,2025-11-30 00:52:26.432078,35,22111,"31.9938485,-158.004567"
3AKJGLD54JSC12345,Freightliner,2022,2025-11-30 06:06:48.410119,28,10003,"-60.621757,-19.748617"
F654J5DV77JS98654,Ford,2023,2025-11-30 00:20:58.705703,57,22113,"-86.906263,-35.229430"
LZB12345678901234,FAW,2023,2025-11-30 20:02:06.232356,119,8004,"-89.9483905,118.086924"
F654J5DV77JS98654,Ford,2023,2025-11-30 12:40:15.996919,105,22114,"82.6354335,-88.412508"
1V2NC9JX5JC962225,Volvo,2022,2025-11-30 14:22:04.602318,39,11059,"-53.8554805,115.423316"
1V2NC9JX5JC962225,Volvo,2022,2025-11-30 01:03:27.527020,2,11055,"-44.696569,-15.943818"
3GCUKREC0FG123456,Chevrolet,2024,2025-11-29 22:30:49.985703,40,4005,"10.621978,-93.669413"
6FDUF4GY1JSC12345,Scania,2016,2025-11-30 17:11:15.840188,30,50005,"-0.1561295,-178.949756"
3GCUKREC0FG123456,Chevrolet,2024,2025-11-30 16:02:06.382031,109,4002,"-22.664011,-38.512552"
WDBUF56X98B123456,Mercedes-Benz,2017,2025-11-30 10:14:04.289068,42,40008,"28.085283,124.172042"
1V2NC9JX5JC962225,Volvo,2022,2025-11-30 13:17:58.067949,14,11054,"5.3285335,49.650060"
1V2NC9JX5JC123456,Volvo,2022,2025-11-30 19:25:46.241752,84,13567,"64.541502,73.707608"
1V2NC9JX5JC123456,Volvo,2022,2025-11-30 14:58:05.657298,70,13565,"83.812761,15.305636"
1V2NC9JX5JC123456,Volvo,2022,2025-11-30 02:37:25.590720,119,13565,"-63.0006265,124.168086"
3GCUKREC0FG893480,Chevrolet,2025,2025-11-30 18:41:12.677828,46,3928,"-16.809025,-159.591925"
1VWAP7A30JC123456,Volkswagen,2021,2025-11-30 15:13:02.276273,20,20005,"9.0051785,-60.660596"
6FDUF4GY1JSC12345,Scania,2016,2025-11-30 19:00:23.945433,32,50008,"-23.3515135,-174.002211"
WDBUF56X98B123456,Mercedes-Benz,2017,2025-11-30 06:56:54.294549,8,40001,"62.4328835,128.433772"
3GCUKREC0FG123456,Chevrolet,2024,2025-11-30 20:03:23.481618,107,4006,"80.4053885,61.260835"
F654J5DV77JS98654,Ford,2023,2025-11-30 10:49:37.977123,84,22116,"62.7509355,148.867690"
3GCUKREC0FG893480,Chevrolet,2025,2025-11-30 14:47:02.114087,84,3930,"20.3819425,-22.666093"
3GCUKREC0FG893480,Chevrolet,2025,2025-11-30 00:37:31.672236,32,3932,"-66.2784215,126.151703"
WDBUF56X98B123456,Mercedes-Benz,2017,2025-11-30 11:57:46.300693,97,40000,"51.827508,89.752763"
3AKJGLD54JSC12345,Freightliner,2022,2025-11-30 13:43:20.403543,7,10001,"27.5767575,130.498967"
1VWAP7A30JC123456,Volkswagen,2021,2025-11-29 23:26:46.767663,38,20009,"71.6084625,-75.569530"
3GCUKREC0FG893480,Chevrolet,2025,2025-11-30 15:18:33.659562,81,3933,"-41.158908,86.640942"
WDBUF56X98B123456,Mercedes-Benz,2017,2025-11-30 01:49:27.982128,87,40008,"-18.977841,97.153024"
F654J5DV77JS98654,Ford,2023,2025-11-29 20:38:40.946513,38,22112,"55.847942,171.399746"
1VWAP7A30JC123456,Volkswagen,2021,2025-11-30 12:11:18.609179,78,20008,"-76.8670215,129.858437"
3GCUKREC0FG893480,Chevrolet,2025,2025-11-30 13:54:35.249191,71,3931,"-85.9385285,92.958719"
3AKJGLD54JSC12345,Freightliner,2022,2025-11-30 02:48:55.516826,7,10002,"-24.8846145,154.951295"
6FDUF4GY1JSC12345,Scania,2016,2025-11-30 14:41:57.620776,10,50004,"79.197507,-60.277912"
1VWAP7A30JC123456,Volkswagen,2021,2025-11-30 15:41:06.313056,108,20002,"-60.3078745,-154.069113"
6FDUF4GY1JSC12345,Scania,2016,2025-11-30 00:47:22.347124,38,50002,"-61.6886455,93.864976"
1V2NC9JX5JC123456,Volvo,2022,2025-11-30 15:02:44.745494,95,13561,"-72.904370,117.421821"
F654J5DV77JS98654,Ford,2023,2025-11-30 10:30:50.023256,51,22108,"-58.7517005,35.483810"
1V2NC9JX5JC962225,Volvo,2022,2025-11-29 21:53:39.111291,14,11057,"25.755116,111.213637"
1V2NC9JX5JC123456,Volvo,2022,2025-11-30 18:22:05.240716,37,13560,"-39.1081105,-179.905535"
F654J5DV77JS46566,Ford,2024,2025-11-30 11:04:33.059210,112,19615,"39.682798,27.438576"
3AKJGLD54JSC12345,Freightliner,2022,2025-11-29 22:05:31.923888,78,10002,"-81.6843535,-134.378429"
1V2NC9JX5JC962225,Volvo,2022,2025-11-30 07:28:49.972965,3,11054,"79.8977115,155.307308"
6FDUF4GY1JSC12345,Scania,2016,2025-11-30 15:23:27.125435,87,50000,"-78.8886675,171.195881"
3GCUKREC0FG123456,Chevrolet,2024,2025-11-30 12:57:37.395590,110,4002,"-71.331487,23.071482"
1V2NC9JX5JC962225,Volvo,2022,2025-11-30 15:00:59.229583,113,11060,"44.5973015,163.356718"
F654J5DV77JS46566,Ford,2024,2025-11-30 01:02:45.983512,10,19616,"2.6553345,-108.854032"
1VWAP7A30JC123456,Volkswagen,2021,2025-11-30 00:52:10.550975,57,20002,"3.4921105,-86.963015"
3GCUKREC0FG123456,Chevrolet,2024,2025-11-30 19:31:48.995245,83,4007,"-89.0150135,-53.966434"
3GCUKREC0FG123456,Chevrolet,2024,2025-11-30 16:13:10.463172,14,3999,"75.702042,47.719917"
6FDUF4GY1JSC12345,Scania,2016,2025-11-29 21:00:00.864239,24,50000,"-22.3138075,-93.411060"
LZB12345678901234,FAW,2023,2025-11-30 02:18:44.505345,57,8009,"45.550816,81.103380"
F654J5DV77JS46566,Ford,2024,2025-11-30 14:17:32.398402,74,19625,"12.960926,-26.136327"
LZB12345678901234,FAW,2023,2025-11-30 09:58:20.892788,95,8004,"21.3072035,-0.957122"
LZB12345678901234,FAW,2023,2025-11-30 05:30:42.468130,47,8001,"-71.317608,33.236930"
F654J5DV77JS46566,Ford,2024,2025-11-30 02:08:23.328093,34,19621,"83.9366035,-48.332875"
1XKAD49X7JJ123456,Kenworth,2015,2025-11-29 21:58:55.318084,80,60000,"-81.903095,-144.239087"
1VWAP7A30JC123456,Volkswagen,2021,2025-11-30 09:21:55.866789,99,20008,"-68.5275045,-8.837774"
LZB12345678901234,FAW,2023,2025-11-30 15:34:54.386617,57,8004,"-28.290939,155.632347"
F654J5DV77JS46566,Ford,2024,2025-11-30 01:19:57.884657,34,19621,"29.806981,-112.477575"
F654J5DV77JS46566,Ford,2024,2025-11-30 05:53:57.885019,117,19622,"-76.461524,69.840173"
3GCUKREC0FG123456,Chevrolet,2024,2025-11-30 19:13:08.695856,0,4001,"28.253458,-88.055826"
1XKAD49X7JJ123456,Kenworth,2015,2025-11-30 15:09:40.726476,79,60009,"48.4189335,134.320042"
3GCUKREC0FG123456,Chevrolet,2024,2025-11-30 12:09:26.583160,51,4001,"78.1350745,-106.177229"
1XKAD49X7JJ123456,Kenworth,2015,2025-11-30 07:26:35.447025,13,60000,"15.427137,94.445153"
WDBUF56X98B123456,Mercedes-Benz,2017,2025-11-30 05:23:25.024116,77,40008,"64.3454875,41.431239"
6FDUF4GY1JSC12345,Scania,2016,2025-11-30 15:05:53.804415,56,50005,"-3.3595455,93.790175"
F654J5DV77JS46566,Ford,2024,2025-11-29 23:32:05.346720,60,19617,"-68.123613,173.785429"
F654J5DV77JS98654,Ford,2023,2025-11-29 21:25:38.476423,14,22116,"-11.3585795,-64.938807"
F654J5DV77JS98654,Ford,2023,2025-11-30 03:46:46.042989,17,22115,"42.7973295,97.759264"
1V2NC9JX5JC123456,Volvo,2022,2025-11-30 07:31:11.541728,102,13563,"83.1654855,84.265734"
LZB12345678901234,FAW,2023,2025-11-30 11:02:33.385309,68,8007,"23.5316015,-0.423397"
WDBUF56X98B123456,Mercedes-Benz,2017,2025-11-30 12:05:08.605532,113,40003,"-71.9037675,157.993128"
6FDUF4GY1JSC12345,Scania,2016,2025-11-30 16:25:25.600509,69,50001,"74.6707955,-62.193245"
1XKAD49X7JJ123456,Kenworth,2015,2025-11-30 04:50:20.837011,12,60001,"-12.517358,-83.094480"
1XKAD49X7JJ123456,Kenworth,2015,2025-11-30 06:33:45.977052,17,60004,"30.9426245,162.960762"
6FDUF4GY1JSC12345,Scania,2016,2025-11-30 10:48:58.024038,115,50006,"58.0642895,162.124544"
F654J5DV77JS98654,Ford,2023,2025-11-29 21:47:15.302869,62,22114,"-48.922128,75.825460"
1VWAP7A30JC123456,Volkswagen,2021,2025-11-30 02:53:42.768229,120,20005,"71.285445,25.173021"
F654J5DV77JS98654,Ford,2023,2025-11-30 08:51:08.704713,113,22106,"-35.3561295,-109.289760"
3GCUKREC0FG893480,Chevrolet,2025,2025-11-29 22:28:38.969813,80,3925,"81.2816965,56.985378"
1VWAP7A30JC123456,Volkswagen,2021,2025-11-30 13:55:28.198896,24,20002,"-52.6472565,20.985097"
1V2NC9JX5JC962225,Volvo,2022,2025-11-30 16:00:39.357821,53,11060,"-54.2494145,22.019524"
1V2NC9JX5JC123456,Volvo,2022,2025-11-30 17:06:16.611540,47,13560,"-85.3506565,-56.192787"
3GCUKREC0FG123456,Chevrolet,2024,2025-11-29 23:51:23.479937,46,4009,"-14.0318385,-107.778862"
3GCUKREC0FG893480,Chevrolet,2025,2025-11-29 23:01:57.707107,25,3934,"-79.2435075,-7.819490"
1XKAD49X7JJ123456,Kenworth,2015,2025-11-30 07:54:48.977316,50,60008,"42.4738085,-144.932603"
WDBUF56X98B123456,Mercedes-Benz,2017,2025-11-30 05:51:59.712416,83,40003,"-9.3506565,166.348827"
F654J5DV77JS98654,Ford,2023,2025-11-30 08:28:32.405107,7,22111,"67.8986415,-152.925234"
F654J5DV77JS46566,Ford,2024,2025-11-30 00:02:13.885458,45,19619,"-34.620474,-34.851709"
F654J5DV77JS98654,Ford,2023,2025-11-30 09:40:13.130901,21,22111,"84.872628,146.150110"
LZB12345678901234,FAW,2023,2025-11-30 19:17:17.614044,58,8008,"29.239800,-116.817829"
1V2NC9JX5JC962225,Volvo,2022,2025-11-30 12:09:01.415648,96,11060,"28.253501,130.545394"
1VWAP7A30JC123456,Volkswagen,2021,2025-11-29 22:25:26.894985,50,20008,"-45.4302185,-81.409923"
1V2NC9JX5JC962225,Volvo,2022,2025-11-30 08:29:25.094608,38,11056,"-35.925941,-5.169177"
1V2NC9JX5JC123456,Volvo,2022,2025-11-30 14:10:00.030949,48,13569,"62.047301,76.237858"
3AKJGLD54JSC12345,Freightliner,2022,2025-11-30 12:33:08.360064,71,10007,"-20.1159485,-179.669828"
1V2NC9JX5JC123456,Volvo,2022,2025-11-30 03:53:40.510731,16,13562,"46.8759865,22.446472"
3AKJGLD54JSC12345,Freightliner,2022,2025-11-30 18:36:40.700243,2,10005,"-61.085362,42.884781"
F654J5DV77JS98654,Ford,2023,2025-11-30 19:11:10.059820,102,22114,"-79.089475,128.733217"
3AKJGLD54JSC12345,Freightliner,2022,2025-11-30 18:24:54.078830,72,10004,"21.0309355,56.436355"
1XKAD49X7JJ123456,Kenworth,2015,2025-11-30 05:34:31.480930,45,60004,"78.245176,-129.674049"
3GCUKREC0FG123456,Chevrolet,2024,2025-11-30 08:19:29.147320,9,4005,"7.5421015,161.289217"
3GCUKREC0FG123456,Chevrolet,2024,2025-11-30 05:40:14.315221,43,4003,"88.5879155,-139.388894"
6FDUF4GY1JSC12345,Scania,2016,2025-11-29 20:26:59.546239,81,50005,"-88.097083,149.553576"
F654J5DV77JS98654,Ford,2023,2025-11-30 02:36:00.000371,22,22112,"36.032281,158.255416"
1V2NC9JX5JC962225,Volvo,2022,2025-11-30 13:26:14.333065,90,11054,"1.724178,-6.118524"
1VWAP7A30JC123456,Volkswagen,2021,2025-11-30 11:06:26.011003,12,20003,"31.9094165,-33.653224"
1V2NC9JX5JC962225,Volvo,2022,2025-11-30 08:30:29.291571,50,11060,"57.2395395,-101.420226"
WDBUF56X98B123456,Mercedes-Benz,2017,2025-11-30 01:55:02.065049,47,40003,"11.7959965,-39.052391"
1XKAD49X7JJ123456,Kenworth,2015,2025-11-30 09:05:11.992904,14,60006,"75.2659695,62.316091"
3GCUKREC0FG893480,Chevrolet,2025,2025-11-30 17:12:29.800807,8,3927,"-78.254149,135.091368"
F654J5DV77JS98654,Ford,2023,2025-11-30 03:45:40.945855,85,22114,"60.014751,-116.423170"
WDBUF56X98B123456,Mercedes-Benz,2017,2025-11-30 18:03:14.105468,29,40006,"64.1284955,-155.258552"
1XKAD49X7JJ123456,Kenworth,2015,2025-11-30 20:01:39.615400,48,60000,"13.434607,53.033956"
1XKAD49X7JJ123456,Kenworth,2015,2025-11-30 19:34:19.729012,55,60001,"-43.0835145,-23.799927"
3AKJGLD54JSC12345,Freightliner,2022,2025-11-30 11:37:21.845238,37,10003,"-0.0940315,-66.652652"
1VWAP7A30JC123456,Volkswagen,2021,2025-11-29 20:35:00.186175,82,20002,"81.047087,66.265532"
F654J5DV77JS46566,Ford,2024,2025-11-30 08:54:26.100121,11,19621,"36.9675255,70.215963"
3AKJGLD54JSC12345,Freightliner,2022,2025-11-30 07:18:44.994456,64,10005,"-22.511971,-171.139709"
F654J5DV77JS98654,Ford,2023,2025-11-30 14:13:50.107125,8,22111,"88.0531305,-179.591178"
1V2NC9JX5JC962225,Volvo,2022,2025-11-30 06:48:28.114349,44,11059,"-52.883211,-112.565212"
3AKJGLD54JSC12345,Freightliner,2022,2025-11-29 23:47:37.527277,29,10010,"-1.588538,-134.081733"
1V2NC9JX5JC123456,Volvo,2022,2025-11-30 15:54:47.178851,12,13567,"-77.582328,95.206779"
6FDUF4GY1JSC12345,Scania,2016,2025-11-30 14:32:27.180445,83,50000,"39.2594435,-145.563349"
F654J5DV77JS46566,Ford,2024,2025-11-30 12:58:20.868385,38,19621,"31.410085,45.696462"
1VWAP7A30JC123456,Volkswagen,2021,2025-11-29 22:24:24.811375,10,20005,"-77.9232745,24.599494"
3GCUKREC0FG123456,Chevrolet,2024,2025-11-30 05:27:17.932852,86,4002,"-55.3234955,126.532047"
F654J5DV77JS46566,Ford,2024,2025-11-30 06:17:24.967383,81,19617,"-32.1983775,120.872162"
3AKJGLD54JSC12345,Freightliner,2022,2025-11-30 20:03:06.922413,26,10000,"-67.774128,45.338984"
3GCUKREC0FG893480,Chevrolet,2025,2025-11-30 05:58:10.923833,66,3930,"50.9017675,160.732281"
WDBUF56X98B123456,Mercedes-Benz,2017,2025-11-30 20:01:34.563592,119,40000,"32.8668085,43.317482"
6FDUF4GY1JSC12345,Scania,2016,2025-11-29 22:54:20.261840,111,50005,"11.4679995,143.066908"
6FDUF4GY1JSC12345,Scania,2016,2025-11-30 05:44:03.333381,55,50005,"85.330120,-4.808138"
F654J5DV77JS98654,Ford,2023,2025-11-30 17:32:20.236403,84,22113,"87.0822235,105.398681"
F654J5DV77JS46566,Ford,2024,2025-11-30 01:04:30.803393,98,19615,"-60.3854435,-177.276730"
3AKJGLD54JSC12345,Freightliner,2022,2025-11-29 22:44:48.083633,119,10010,"35.941604,166.586305"
6FDUF4GY1JSC12345,Scania,2016,2025-11-30 18:27:54.808148,99,50003,"12.927758,69.459575"
1V2NC9JX5JC962225,Volvo,2022,2025-11-30 13:21:40.086301,105,11054,"-48.8980055,100.149401"
1V2NC9JX5JC123456,Volvo,2022,2025-11-30 14:08:01.919362,75,13564,"-0.711081,56.555020"
3GCUKREC0FG893480,Chevrolet,2025,2025-11-30 15:30:05.584435,58,3929,"68.9026115,44.171588"
LZB12345678901234,FAW,2023,2025-11-30 02:00:50.730045,93,8005,"-89.525146,126.339811"
1XKAD49X7JJ123456,Kenworth,2015,2025-11-29 22:32:28.252475,2,60004,"67.450721,-73.892115"
1VWAP7A30JC123456,Volkswagen,2021,2025-11-30 05:17:24.627842,56,20001,"18.495636,179.841516"
3GCUKREC0FG893480,Chevrolet,2025,2025-11-30 17:57:25.818187,25,3931,"34.4176475,-29.244827"
3AKJGLD54JSC12345,Freightliner,2022,2025-11-29 22:22:04.986763,88,10006,"-8.821529,139.732899"
WDBUF56X98B123456,Mercedes-Benz,2017,2025-11-30 08:12:48.677585,7,40006,"82.219229,146.296569"
3AKJGLD54JSC12345,Freightliner,2022,2025-11-30 04:42:46.194684,19,10005,"-8.4406215,-60.239140"
1V2NC9JX5JC123456,Volvo,2022,2025-11-30 15:55:06.108110,56,13569,"-78.3697085,109.272791"
3GCUKREC0FG123456,Chevrolet,2024,2025-11-30 10:27:29.392479,98,4005,"-43.5922195,44.434808"
F654J5DV77JS98654,Ford,2023,2025-11-30 12:30:17.403684,77,22114,"43.2142025,168.952736"
LZB12345678901234,FAW,2023,2025-11-29 20:25:00.896518,70,8006,"10.983516,-60.225570"
1XKAD49X7JJ123456,Kenworth,2015,2025-11-30 07:45:03.516257,62,60003,"36.254831,-169.043511"
1V2NC9JX5JC123456,Volvo,2022,2025-11-30 08:47:21.130702,105,13563,"-36.554339,114.513468"
3GCUKREC0FG123456,Chevrolet,2024,2025-11-29 21:11:57.631260,39,4009,"84.169096,138.353536"
F654J5DV77JS46566,Ford,2024,2025-11-30 03:19:05.838082,5,19624,"-63.1802625,133.518842"
WDBUF56X98B123456,Mercedes-Benz,2017,2025-11-29 21:56:21.977519,23,40006,"-37.908865,4.570733"
6FDUF4GY1JSC12345,Scania,2016,2025-11-29 21:50:42.474305,77,50001,"-54.810923,-45.366308"
F654J5DV77JS46566,Ford,2024,2025-11-30 02:04:47.326881,11,19620,"61.748654,-162.039194"
3GCUKREC0FG893480,Chevrolet,2025,2025-11-30 04:29:13.790489,19,3925,"53.063100,-1.961703"
F654J5DV77JS98654,Ford,2023,2025-11-30 11:20:14.368733,76,22108,"68.341177,-159.258751"
1V2NC9JX5JC123456,Volvo,2022,2025-11-29 21:45:39.918669,117,13567,"28.2733845,149.927622"
WDBUF56X98B123456,Mercedes-Benz,2017,2025-11-30 20:13:40.175668,89,40001,"5.570000,56.145376"
1V2NC9JX5JC123456,Volvo,2022,2025-11-30 08:25:01.054584,82,13568,"81.164685,-99.904941"
F654J5DV77JS98654,Ford,2023,2025-11-29 20:25:59.084469,59,22109,"-20.4179475,-159.566505"
6FDUF4GY1JSC12345,Scania,2016,2025-11-30 14:50:59.950337,95,50008,"41.589010,-60.530996"
F654J5DV77JS98654,Ford,2023,2025-11-29 21:23:23.789864,109,22108,"-11.9818015,86.523219"
1XKAD49X7JJ123456,Kenworth,2015,2025-11-30 11:26:50.589044,99,60009,"-58.702014,147.397687"
WDBUF56X98B123456,Mercedes-Benz,2017,2025-11-30 03:50:38.863307,101,40000,"24.8951545,84.548313"
3GCUKREC0FG893480,Chevrolet,2025,2025-11-30 19:08:39.408215,109,3930,"62.519223,-139.122528"
3GCUKREC0FG123456,Chevrolet,2024,2025-11-30 02:54:50.702379,34,4004,"-65.504791,-143.421086"
1V2NC9JX5JC123456,Volvo,2022,2025-11-30 17:10:12.629723,89,13560,"30.1637145,-88.117389"
F654J5DV77JS98654,Ford,2023,2025-11-30 14:49:23.824985,64,22114,"-68.793219,3.900233"
1VWAP7A30JC123456,Volkswagen,2021,2025-11-30 00:30:50.619194,50,20009,"-50.156441,26.575066"
3AKJGLD54JSC12345,Freightliner,2022,2025-11-30 11:43:23.325907,83,10004,"-83.7915795,2.543071"
3AKJGLD54JSC12345,Freightliner,2022,2025-11-30 03:28:21.819752,82,10008,"-42.5819115,106.239457"
3GCUKREC0FG893480,Chevrolet,2025,2025-11-30 08:28:09.555445,103,3927,"-85.5528285,-111.254633"
1XKAD49X7JJ123456,Kenworth,2015,2025-11-30 02:50:33.895529,115,60002,"64.715375,155.462561"
F654J5DV77JS46566,Ford,2024,2025-11-29 23:31:10.149858,19,19617,"48.768063,-155.476793"
6FDUF4GY1JSC12345,Scania,2016,2025-11-30 05:46:35.561326,19,50008,"-28.573234,85.527473"
1V2NC9JX5JC962225,Volvo,2022,2025-11-29 23:46:40.981427,95,11053,"-57.296055,-13.453315"
3GCUKREC0FG123456,Chevrolet,2024,2025-11-30 08:38:54.714614,57,3999,"-31.4445465,178.753798"
F654J5DV77JS46566,Ford,2024,2025-11-30 19:15:32.440222,60,19620,"46.9190995,176.945756"
F654J5DV77JS98654,Ford,2023,2025-11-30 08:12:43.564103,43,22107,"-56.081988,-135.959265"
WDBUF56X98B123456,Mercedes-Benz,2017,2025-11-30 09:09:19.508261,92,40005,"-1.6582195,5.710881"
F654J5DV77JS98654,Ford,2023,2025-11-30 03:47:10.636232,20,22108,"-9.796836,53.924323"
F654J5DV77JS46566,Ford,2024,2025-11-29 22:26:30.348229,66,19615,"37.675514,169.554614"
WDBUF56X98B123456,Mercedes-Benz,2017,2025-11-30 14:41:40.910048,119,40010,"66.242494,142.475158"
LZB12345678901234,FAW,2023,2025-11-30 06:12:06.093745,13,8004,"-34.5767295,-19.508975"
1XKAD49X7JJ123456,Kenworth,2015,2025-11-29 22:20:32.610155,39,60009,"22.0348215,126.972176"
1V2NC9JX5JC123456,Volvo,2022,2025-11-30 20:07:27.518303,39,13568,"72.993118,-137.247079"
1XKAD49X7JJ123456,Kenworth,2015,2025-11-30 00:25:07.483936,70,60001,"46.924258,126.999420"
1V2NC9JX5JC962225,Volvo,2022,2025-11-29 20:34:06.206600,41,11053,"-48.6059545,66.049413"
1VWAP7A30JC123456,Volkswagen,2021,2025-11-30 06:24:42.289208,28,20006,"-11.685151,109.527632"
1V2NC9JX5JC123456,Volvo,2022,2025-11-30 13:23:08.811161,57,13565,"-33.5778255,60.051095"
1VWAP7A30JC123456,Volkswagen,2021,2025-11-30 05:33:21.899336,1,20009,"2.1279615,-22.393348"
1VWAP7A30JC123456,Volkswagen,2021,2025-11-30 03:49:39.712174,98,20005,"13.321993,58.273519"
WDBUF56X98B123456,Mercedes-Benz,2017,2025-11-30 02:15:00.911141,116,40005,"-79.010236,-21.886490"
3AKJGLD54JSC12345,Freightliner,2022,2025-11-30 13:48:28.178923,53,10004,"63.9370605,-138.718533"
WDBUF56X98B123456,Mercedes-Benz,2017,2025-11-29 21:41:20.498421,37,40005,"-76.0976705,104.153700"
1VWAP7A30JC123456,Volkswagen,2021,2025-11-30 16:46:59.983156,50,20003,"-6.563059,-56.557907"
3GCUKREC0FG893480,Chevrolet,2025,2025-11-30 08:19:17.198840,75,3933,"-54.3038445,116.407283"
3AKJGLD54JSC12345,Freightliner,2022,2025-11-30 09:52:48.692936,2,10000,"-29.433566,-111.454961"
1VWAP7A30JC123456,Volkswagen,2021,2025-11-30 15:08:59.303224,71,20008,"-33.9825125,-150.689190"
LZB12345678901234,FAW,2023,2025-11-30 17:30:40.932809,4,8007,"74.291741,31.624120"
6FDUF4GY1JSC12345,Scania,2016,2025-11-29 21:10:20.825498,91,50010,"3.6292825,171.083767"
F654J5DV77JS98654,Ford,2023,2025-11-30 10:38:04.057149,69,22112,"9.864653,-171.060095"
3GCUKREC0FG893480,Chevrolet,2025,2025-11-30 14:57:36.210954,24,3933,"47.4495325,-13.229961"
LZB12345678901234,FAW,2023,2025-11-30 09:37:35.420438,95,8007,"-13.777933,-32.877120"
F654J5DV77JS98654,Ford,2023,2025-11-29 22:55:23.477261,108,22113,"-13.702205,100.818628"
3GCUKREC0FG893480,Chevrolet,2025,2025-11-29 23:50:23.160250,71,3934,"-3.2913365,4.786082"
WDBUF56X98B123456,Mercedes-Benz,2017,2025-11-30 07:50:59.919869,68,40003,"7.0616445,74.240633"
3AKJGLD54JSC12345,Freightliner,2022,2025-11-30 11:25:39.865049,118,10007,"16.556058,103.816799"
1VWAP7A30JC123456,Volkswagen,2021,2025-11-30 11:00:27.743548,12,20000,"88.010173,-37.717212"
1VWAP7A30JC123456,Volkswagen,2021,2025-11-30 10:24:15.027674,105,20006,"3.673811,-0.322754"
6FDUF4GY1JSC12345,Scania,2016,2025-11-30 00:02:10.534481,77,50007,"20.743522,-57.815014"
1V2NC9JX5JC123456,Volvo,2022,2025-11-30 14:25:20.578039,85,13565,"-5.9193845,-148.211187"
F654J5DV77JS46566,Ford,2024,2025-11-30 19:27:53.468708,16,19622,"54.8628935,-65.496073"
1XKAD49X7JJ123456,Kenworth,2015,2025-11-30 17:10:10.311978,9,60004,"33.703532,10.429194"
WDBUF56X98B123456,Mercedes-Benz,2017,2025-11-30 09:27:03.041860,92,40008,"-6.332757,-123.834342"
1V2NC9JX5JC962225,Volvo,2022,2025-11-30 18:20:55.195106,88,11056,"-36.8404435,147.652410"
1XKAD49X7JJ123456,Kenworth,2015,2025-11-29 23:30:42.320027,65,60007,"-32.9809805,1.129747"
WDBUF56X98B123456,Mercedes-Benz,2017,2025-11-30 02:36:26.034612,68,40005,"21.4135135,80.613188"
3AKJGLD54JSC12345,Freightliner,2022,2025-11-30 02:33:17.162433,68,10003,"7.593203,-73.688515"
WDBUF56X98B123456,Mercedes-Benz,2017,2025-11-30 05:39:56.548835,116,40002,"-70.807483,-132.936373"
3AKJGLD54JSC12345,Freightliner,2022,2025-11-30 17:29:56.055353,105,10009,"66.6118365,-168.706787"
1VWAP7A30JC123456,Volkswagen,2021,2025-11-30 16:28:17.240358,116,20005,"0.135611,77.982728"
1VWAP7A30JC123456,Volkswagen,2021,2025-11-30 01:15:09.549935,52,20006,"-6.230126,-57.749181"
1VWAP7A30JC123456,Volkswagen,2021,2025-11-30 14:08:18.863130,45,20001,"89.8667665,163.296730"
WDBUF56X98B123456,Mercedes-Benz,2017,2025-11-30 09:50:30.979752,66,40001,"51.859758,63.000872"
F654J5DV77JS98654,Ford,2023,2025-11-29 21:24:06.702996,118,22111,"30.105107,-25.464053"
WDBUF56X98B123456,Mercedes-Benz,2017,2025-11-30 01:01:43.484537,102,40010,"-74.052669,124.345723"
3AKJGLD54JSC12345,Freightliner,2022,2025-11-30 07:22:50.061547,24,10010,"2.3488525,-51.526184"
3GCUKREC0FG123456,Chevrolet,2024,2025-11-30 10:59:27.748087,58,4002,"-66.349851,39.484639"
3GCUKREC0FG123456,Chevrolet,2024,2025-11-30 19:24:45.824737,76,3999,"19.6556645,80.543641"
WDBUF56X98B123456,Mercedes-Benz,2017,2025-11-30 08:07:31.263181,29,40003,"41.2499195,-58.999178"
1V2NC9JX5JC123456,Volvo,2022,2025-11-30 04:04:02.673127,44,13564,"-70.0072885,109.166302"
3AKJGLD54JSC12345,Freightliner,2022,2025-11-30 00:44:54.806170,23,10003,"-68.6978135,-90.811335"
F654J5DV77JS98654,Ford,2023,2025-11-30 14:41:19.138841,0,22113,"-61.447921,-53.817400"
3AKJGLD54JSC12345,Freightliner,2022,2025-11-30 03:35:13.835460,97,10003,"64.413022,105.610275"
F654J5DV77JS98654,Ford,2023,2025-11-30 00:54:37.886625,99,22111,"-66.392810,77.601716"
3AKJGLD54JSC12345,Freightliner,2022,2025-11-30 00:54:34.047267,95,10003,"-40.494484,-1.419442"
LZB12345678901234,FAW,2023,2025-11-30 03:13:30.144762,31,8007,"-1.8726385,79.192216"
6FDUF4GY1JSC12345,Scania,2016,2025-11-30 18:21:16.668473,20,50003,"-75.852988,-23.917969"
1VWAP7A30JC123456,Volkswagen,2021,2025-11-30 01:25:31.777137,17,20007,"-57.4806485,5.533413"
1V2NC9JX5JC123456,Volvo,2022,2025-11-30 17:01:05.611798,45,13562,"85.099118,99.763506"
3AKJGLD54JSC12345,Freightliner,2022,2025-11-30 18:34:50.895875,112,10004,"-20.1165235,21.871834"
1V2NC9JX5JC962225,Volvo,2022,2025-11-29 23:25:03.660955,53,11057,"-75.4751685,-46.416108"
1V2NC9JX5JC962225,Volvo,2022,2025-11-30 10:35:01.297457,6,11055,"-79.2098635,-162.868592"
3AKJGLD54JSC12345,Freightliner,2022,2025-11-30 06:40:39.844702,32,10007,"24.4282955,-134.177570"
F654J5DV77JS98654,Ford,2023,2025-11-30 04:12:09.396623,1,22109,"-66.3548905,-177.754017"
3GCUKREC0FG893480,Chevrolet,2025,2025-11-30 10:04:05.120146,105,3931,"-35.966193,99.142676"
3GCUKREC0FG123456,Chevrolet,2024,2025-11-29 22:54:18.794548,38,4008,"15.8880245,154.668352"
1V2NC9JX5JC123456,Volvo,2022,2025-11-30 09:04:31.857808,47,13560,"16.3472355,71.526869"
F654J5DV77JS46566,Ford,2024,2025-11-30 13:29:16.694458,4,19619,"-52.383630,142.490627"
F654J5DV77JS98654,Ford,2023,2025-11-30 04:10:04.671208,90,22113,"-82.638134,131.902859"
WDBUF56X98B123456,Mercedes-Benz,2017,2025-11-30 16:27:33.221383,41,40001,"-12.390892,-104.874065"
WDBUF56X98B123456,Mercedes-Benz,2017,2025-11-30 08:49:54.203385,7,40002,"57.818431,82.785095"
6FDUF4GY1JSC12345,Scania,2016,2025-11-29 22:26:31.171968,61,50010,"15.6724695,41.009248"
1V2NC9JX5JC123456,Volvo,2022,2025-11-30 16:40:11.402484,118,13562,"-72.588028,-171.412930"
3GCUKREC0FG123456,Chevrolet,2024,2025-11-30 19:26:13.450084,57,3999,"-78.5947815,-48.983446"
3GCUKREC0FG123456,Chevrolet,2024,2025-11-30 00:42:56.799320,111,4003,"-57.658849,-97.793040"
LZB12345678901234,FAW,2023,2025-11-29 23:11:26.548295,81,8001,"-57.5029035,-16.049527"
WDBUF56X98B123456,Mercedes-Benz,2017,2025-11-30 18:36:50.903594,75,40003,"28.855163,142.671805"
3AKJGLD54JSC12345,Freightliner,2022,2025-11-30 19:40:52.333039,86,10003,"-18.8862425,132.742016"
3GCUKREC0FG893480,Chevrolet,2025,2025-11-30 07:04:24.131083,94,3926,"78.767263,122.962720"
3GCUKREC0FG123456,Chevrolet,2024,2025-11-30 06:36:37.113078,35,4000,"-17.9648955,134.920436"
3GCUKREC0FG123456,Chevrolet,2024,2025-11-29 23:13:07.157852,4,4008,"-76.282097,-8.461318"
6FDUF4GY1JSC12345,Scania,2016,2025-11-29 20:26:23.949877,74,50000,"16.6617605,-3.334535"
F654J5DV77JS46566,Ford,2024,2025-11-29 21:41:41.790948,75,19618,"45.0566665,48.333815"
3AKJGLD54JSC12345,Freightliner,2022,2025-11-30 08:02:19.459615,22,10007,"22.731929,31.018193"
3GCUKREC0FG893480,Chevrolet,2025,2025-11-30 00:54:57.262213,76,3932,"-67.727086,152.366393"
LZB12345678901234,FAW,2023,2025-11-29 21:41:50.880646,53,8003,"-5.1973705,142.384961"
1XKAD49X7JJ123456,Kenworth,2015,2025-11-30 05:52:18.472728,26,60002,"40.6426915,129.798958"
6FDUF4GY1JSC12345,Scania,2016,2025-11-29 22:23:38.672391,106,50001,"15.6275365,-82.899635"
3GCUKREC0FG123456,Chevrolet,2024,2025-11-30 08:17:00.773925,72,4008,"-18.3502525,17.391116"
3GCUKREC0FG123456,Chevrolet,2024,2025-11-29 21:50:45.136679,60,4009,"81.518615,-132.365233"
1V2NC9JX5JC962225,Volvo,2022,2025-11-30 17:35:53.392942,30,11060,"-37.472968,146.616165"
WDBUF56X98B123456,Mercedes-Benz,2017,2025-11-30 12:53:22.866220,100,40010,"50.989809,-162.862229"
6FDUF4GY1JSC12345,Scania,2016,2025-11-30 03:43:54.099943,115,50008,"-12.7700955,24.843280"
1V2NC9JX5JC123456,Volvo,2022,2025-11-29 22:17:18.920711,11,13569,"-63.2461915,161.555306"
6FDUF4GY1JSC12345,Scania,2016,2025-11-30 10:46:45.520473,83,50004,"66.243856,-59.421103"
F654J5DV77JS98654,Ford,2023,2025-11-29 22:24:17.342517,93,22114,"-69.948245,-48.568102"
1VWAP7A30JC123456,Volkswagen,2021,2025-11-30 00:36:37.234936,43,20002,"74.2391975,-162.597381"
3GCUKREC0FG123456,Chevrolet,2024,2025-11-30 09:02:28.107937,38,4004,"77.925133,-53.084282"
WDBUF56X98B123456,Mercedes-Benz,2017,2025-11-30 04:34:51.257805,63,40006,"-59.380507,48.499411"
1VWAP7A30JC123456,Volkswagen,2021,2025-11-30 10:43:34.091923,18,20008,"65.8911745,103.903306"
WDBUF56X98B123456,Mercedes-Benz,2017,2025-11-29 23:20:15.019663,75,40003,"72.2989885,131.055969"
3GCUKREC0FG893480,Chevrolet,2025,2025-11-30 16:35:55.226142,106,3927,"-26.2693895,79.474645"
3GCUKREC0FG123456,Chevrolet,2024,2025-11-30 07:08:28.855175,52,4000,"64.287482,-44.176237"
1VWAP7A30JC123456,Volkswagen,2021,2025-11-30 06:50:06.696423,72,20009,"84.6890325,-76.359516"
3GCUKREC0FG123456,Chevrolet,2024,2025-11-30 08:22:47.748694,8,4009,"-89.633823,-62.732504"
F654J5DV77JS98654,Ford,2023,2025-11-30 03:48:19.693364,72,22114,"-26.1873995,32.113237"
6FDUF4GY1JSC12345,Scania,2016,2025-11-30 11:17:18.188097,110,50005,"-35.1795205,153.167973"
WDBUF56X98B123456,Mercedes-Benz,2017,2025-11-30 03:37:57.885958,28,40008,"3.568339,-105.848888"
1VWAP7A30JC123456,Volkswagen,2021,2025-11-29 23:19:52.387363,7,20005,"-32.164118,31.298495"
1V2NC9JX5JC123456,Volvo,2022,2025-11-30 12:11:24.540313,26,13568,"-67.2506975,-122.442982"
LZB12345678901234,FAW,2023,2025-11-30 07:58:20.680741,26,8007,"60.316731,67.312127"
WDBUF56X98B123456,Mercedes-Benz,2017,2025-11-30 01:57:58.523657,42,40010,"-88.4764265,-145.885754"
1XKAD49X7JJ123456,Kenworth,2015,2025-11-30 18:54:05.097388,51,60002,"53.3477155,-145.936693"
3GCUKREC0FG123456,Chevrolet,2024,2025-11-30 13:43:14.861406,62,4005,"-84.9752285,176.221824"
WDBUF56X98B123456,Mercedes-Benz,2017,2025-11-30 03:21:46.041334,17,40001,"85.619243,143.944069"
1V2NC9JX5JC123456,Volvo,2022,2025-11-30 14:22:28.833932,115,13560,"-18.0198055,0.816005"
6FDUF4GY1JSC12345,Scania,2016,2025-11-30 18:47:26.618608,35,50009,"-81.2944785,19.955436"
F654J5DV77JS46566,Ford,2024,2025-11-30 08:11:59.617282,29,19621,"45.7686045,-22.242678"
3GCUKREC0FG123456,Chevrolet,2024,2025-11-30 03:31:21.592601,13,4008,"59.248058,118.659189"
1XKAD49X7JJ123456,Kenworth,2015,2025-11-29 22:22:21.675647,113,60002,"58.6553485,176.731727"
LZB12345678901234,FAW,2023,2025-11-30 17:04:02.764788,10,8009,"34.1151855,-95.340605"
3GCUKREC0FG893480,Chevrolet,2025,2025-11-30 07:13:40.364743,91,3927,"-23.159717,-36.761702"
3GCUKREC0FG123456,Chevrolet,2024,2025-11-30 16:29:50.279296,93,4000,"-53.706172,28.144122"
3GCUKREC0FG893480,Chevrolet,2025,2025-11-30 11:57:12.920647,47,3929,"-83.834630,100.023476"
F654J5DV77JS98654,Ford,2023,2025-11-30 17:07:42.027503,109,22112,"17.455633,147.239133"
1XKAD49X7JJ123456,Kenworth,2015,2025-11-29 22:32:12.926394,116,60000,"85.9213755,-30.846772"
LZB12345678901234,FAW,2023,2025-11-29 21:18:34.773599,115,8004,"55.723146,73.806010"
1V2NC9JX5JC123456,Volvo,2022,2025-11-30 05:44:53.131329,12,13569,"-52.183120,-137.099050"
3GCUKREC0FG893480,Chevrolet,2025,2025-11-30 06:52:21.325298,99,3930,"-77.0077045,-88.145405"
3GCUKREC0FG893480,Chevrolet,2025,2025-11-30 16:24:18.020363,120,3929,"-56.2989765,163.811079"
1V2NC9JX5JC962225,Volvo,2022,2025-11-30 14:45:17.055362,51,11050,"-88.4530585,30.166943"
3AKJGLD54JSC12345,Freightliner,2022,2025-11-30 07:18:23.777817,30,10000,"40.5899975,-127.123286"
3AKJGLD54JSC12345,Freightliner,2022,2025-11-30 17:39:19.698684,37,10003,"10.5386465,84.786783"
LZB12345678901234,FAW,2023,2025-11-30 11:39:19.875635,25,8002,"-21.322090,-6.644831"
1V2NC9JX5JC962225,Volvo,2022,2025-11-30 16:01:12.432059,76,11057,"-71.196384,-8.677487"
WDBUF56X98B123456,Mercedes-Benz,2017,2025-11-30 16:09:49.473116,74,40008,"81.3872445,89.365953"
6FDUF4GY1JSC12345,Scania,2016,2025-11-29 20:56:07.533792,27,50009,"60.2531645,-109.681395"
F654J5DV77JS46566,Ford,2024,2025-11-30 19:37:49.676732,36,19623,"-5.973871,131.547961"
3AKJGLD54JSC12345,Freightliner,2022,2025-11-30 04:07:16.588141,41,10004,"71.576798,-15.154819"
3GCUKREC0FG123456,Chevrolet,2024,2025-11-29 21:38:23.674541,23,4001,"29.4657265,58.450575"
1VWAP7A30JC123456,Volkswagen,2021,2025-11-30 07:57:37.175206,115,20008,"28.4582255,-151.686094"
3GCUKREC0FG893480,Chevrolet,2025,2025-11-29 22:03:53.921226,15,3925,"-65.9833925,-73.745678"
1V2NC9JX5JC123456,Volvo,2022,2025-11-30 03:42:01.518290,81,13568,"-0.799226,113.197512"
LZB12345678901234,FAW,2023,2025-11-30 03:24:34.230790,100,8008,"-25.4685685,142.694272"
1XKAD49X7JJ123456,Kenworth,2015,2025-11-30 02:59:37.106776,52,60009,"36.1269545,-59.186165"
F654J5DV77JS46566,Ford,2024,2025-11-29 21:26:16.608380,27,19620,"-14.6248405,105.277104"
1VWAP7A30JC123456,Volkswagen,2021,2025-11-30 13:48:30.868846,98,20010,"7.101829,119.338965"
1VWAP7A30JC123456,Volkswagen,2021,2025-11-30 08:17:52.113053,55,20002,"-64.021257,45.621249"
LZB12345678901234,FAW,2023,2025-11-30 04:08:50.911376,74,8007,"5.561685,93.039699"
1XKAD49X7JJ123456,Kenworth,2015,2025-11-29 23:45:53.917636,54,60004,"-74.789564,-122.116618"
3GCUKREC0FG123456,Chevrolet,2024,2025-11-29 23:58:12.835798,29,3999,"46.298746,-94.200768"
3AKJGLD54JSC12345,Freightliner,2022,2025-11-30 19:49:22.048398,5,10006,"-45.7472215,-16.469275"
F654J5DV77JS46566,Ford,2024,2025-11-30 04:42:07.990680,58,19621,"-17.614945,-7.358778"
F654J5DV77JS46566,Ford,2024,2025-11-30 16:10:00.319776,111,19622,"-65.5643245,-131.752991"
3GCUKREC0FG123456,Chevrolet,2024,2025-11-30 11:11:03.890894,82,4000,"15.991975,67.609560"
3AKJGLD54JSC12345,Freightliner,2022,2025-11-30 05:06:02.528596,119,10010,"35.234322,-70.923648"
6FDUF4GY1JSC12345,Scania,2016,2025-11-30 06:46:54.620963,1,50007,"12.022995,-124.858288"
WDBUF56X98B123456,Mercedes-Benz,2017,2025-11-30 19:58:28.894850,74,40005,"57.7101535,-45.038598"
3AKJGLD54JSC12345,Freightliner,2022,2025-11-29 23:50:02.329297,110,10006,"50.9950815,-109.669080"
3GCUKREC0FG123456,Chevrolet,2024,2025-11-30 14:12:35.415286,11,4004,"-37.028000,-68.690191"
F654J5DV77JS98654,Ford,2023,2025-11-30 03:47:56.285827,19,22112,"-75.8693775,-1.847609"
1V2NC9JX5JC962225,Volvo,2022,2025-11-30 13:52:25.107167,64,11054,"-58.9794405,-88.884189"
3GCUKREC0FG893480,Chevrolet,2025,2025-11-30 13:02:36.606158,98,3935,"24.8511905,80.976424"
F654J5DV77JS46566,Ford,2024,2025-11-30 16:35:30.246501,111,19616,"-84.4194235,137.778549"
3GCUKREC0FG893480,Chevrolet,2025,2025-11-30 03:12:13.283744,22,3925,"-17.9081995,-68.550688"
1XKAD49X7JJ123456,Kenworth,2015,2025-11-30 04:00:32.164413,115,60008,"65.6129125,-114.889588"
1XKAD49X7JJ123456,Kenworth,2015,2025-11-29 23:46:49.964885,9,60005,"-34.5450505,-124.811958"
6FDUF4GY1JSC12345,Scania,2016,2025-11-30 02:31:02.053596,37,50001,"-31.7166955,161.154387"
1V2NC9JX5JC962225,Volvo,2022,2025-11-30 01:27:51.801729,54,11052,"-56.213478,23.973238"
1V2NC9JX5JC123456,Volvo,2022,2025-11-30 05:50:31.429558,95,13569,"-14.9529375,148.235492"
F654J5DV77JS98654,Ford,2023,2025-11-30 13:32:27.358418,67,22114,"-83.961666,-116.991520"
6FDUF4GY1JSC12345,Scania,2016,2025-11-30 04:36:48.739419,65,50010,"-68.4632725,47.656484"
3AKJGLD54JSC12345,Freightliner,2022,2025-11-30 20:39:26.664170,33,10005,"60.291408,-64.359902"
1VWAP7A30JC123456,Volkswagen,2021,2025-11-30 04:51:50.189931,72,20009,"-2.7510495,173.772637"
1V2NC9JX5JC123456,Volvo,2022,2025-11-30 00:58:50.876291,48,13561,"74.852590,172.018971"
1XKAD49X7JJ123456,Kenworth,2015,2025-11-30 17:45:40.076371,80,60000,"36.093833,-29.808987"
3AKJGLD54JSC12345,Freightliner,2022,2025-11-30 05:37:24.397291,27,10009,"65.439143,-100.815409"
WDBUF56X98B123456,Mercedes-Benz,2017,2025-11-30 05:54:51.435955,111,40009,"86.9044725,105.538075"
3GCUKREC0FG893480,Chevrolet,2025,2025-11-30 09:22:09.770548,89,3934,"87.314834,-97.773626"
1XKAD49X7JJ123456,Kenworth,2015,2025-11-30 14:17:51.446466,25,60009,"59.1266705,111.207375"
6FDUF4GY1JSC12345,Scania,2016,2025-11-30 00:21:29.210240,73,50003,"-18.177164,11.825851"
6FDUF4GY1JSC12345,Scania,2016,2025-11-30 13:28:52.696236,95,50007,"27.907350,14.147649"
3GCUKREC0FG123456,Chevrolet,2024,2025-11-30 09:08:19.777353,70,4009,"65.298955,-63.940954"
6FDUF4GY1JSC12345,Scania,2016,2025-11-30 00:23:40.017660,23,50006,"-23.197751,-32.049464"
F654J5DV77JS46566,Ford,2024,2025-11-30 19:34:30.088688,50,19615,"18.967804,-75.452229"
3GCUKREC0FG893480,Chevrolet,2025,2025-11-30 13:35:39.440540,19,3927,"-20.8719305,-146.782271"
F654J5DV77JS46566,Ford,2024,2025-11-30 01:24:45.024967,74,19619,"-10.016881,133.601507"
3GCUKREC0FG123456,Chevrolet,2024,2025-11-30 12:40:50.835353,110,4003,"-32.0600045,-142.118404"
1XKAD49X7JJ123456,Kenworth,2015,2025-11-30 04:34:40.085356,6,60008,"-84.4776885,-170.101688"
1V2NC9JX5JC962225,Volvo,2022,2025-11-30 13:15:55.689732,88,11059,"70.0267485,84.159997"
1V2NC9JX5JC123456,Volvo,2022,2025-11-29 22:03:24.788914,120,13566,"-53.0535135,-66.031826"
3GCUKREC0FG123456,Chevrolet,2024,2025-11-30 20:01:44.352015,43,4006,"-7.198804,148.182868"
3AKJGLD54JSC12345,Freightliner,2022,2025-11-30 03:27:24.206548,111,10008,"3.845957,158.110417"
F654J5DV77JS46566,Ford,2024,2025-11-30 11:29:47.435315,46,19618,"49.430500,-123.362575"
F654J5DV77JS98654,Ford,2023,2025-11-30 10:16:40.270889,14,22109,"16.218648,60.924804"
3AKJGLD54JSC12345,Freightliner,2022,2025-11-30 07:43:39.441374,16,10008,"5.6846525,171.014659"
3AKJGLD54JSC12345,Freightliner,2022,2025-11-30 08:00:58.390427,62,10001,"-59.3370305,-37.363321"
1VWAP7A30JC123456,Volkswagen,2021,2025-11-30 05:24:27.834334,60,20002,"49.613001,-131.563359"
3GCUKREC0FG893480,Chevrolet,2025,2025-11-30 12:16:54.511999,95,3926,"20.959749,-157.180496"
LZB12345678901234,FAW,2023,2025-11-30 14:20:45.078632,63,8002,"-69.1771315,166.029149"
1VWAP7A30JC123456,Volkswagen,2021,2025-11-30 01:27:53.607045,89,20008,"75.8451265,-160.194241"
F654J5DV77JS46566,Ford,2024,2025-11-30 18:31:34.688877,16,19619,"-8.4943695,-173.272780"
1XKAD49X7JJ123456,Kenworth,2015,2025-11-30 01:41:18.412015,38,60008,"68.2823555,-117.207075"
F654J5DV77JS98654,Ford,2023,2025-11-30 11:59:40.936675,58,22115,"82.881006,66.398681"
1VWAP7A30JC123456,Volkswagen,2021,2025-11-30 06:27:55.421272,69,20003,"-79.707628,-124.425275"
1VWAP7A30JC123456,Volkswagen,2021,2025-11-29 23:12:11.685615,108,20004,"77.894604,-22.871440"
1V2NC9JX5JC123456,Volvo,2022,2025-11-30 11:23:16.566586,87,13569,"-55.825299,27.872321"
1V2NC9JX5JC123456,Volvo,2022,2025-11-30 06:24:41.532589,48,13569,"-22.098232,-51.815079"
3GCUKREC0FG893480,Chevrolet,2025,2025-11-30 14:20:16.163526,106,3928,"-28.4644695,-42.416929"
3AKJGLD54JSC12345,Freightliner,2022,2025-11-29 22:00:26.018738,75,10005,"-9.5470525,140.738477"
1V2NC9JX5JC123456,Volvo,2022,2025-11-30 16:08:35.609256,76,13565,"6.063949,159.883577"
1VWAP7A30JC123456,Volkswagen,2021,2025-11-30 02:52:06.899538,114,20004,"-88.930332,58.856643"
1V2NC9JX5JC962225,Volvo,2022,2025-11-30 15:13:31.054882,48,11054,"24.372518,4.418317"
1XKAD49X7JJ123456,Kenworth,2015,2025-11-30 11:19:25.401345,118,60006,"39.569578,59.351754"
3GCUKREC0FG123456,Chevrolet,2024,2025-11-30 10:26:33.933968,119,4004,"57.4625015,1.026072"
3GCUKREC0FG893480,Chevrolet,2025,2025-11-30 17:43:02.238473,61,3926,"28.036721,151.479362"
3GCUKREC0FG123456,Chevrolet,2024,2025-11-30 16:14:07.919467,104,4005,"-27.0709765,10.830564"
F654J5DV77JS46566,Ford,2024,2025-11-30 20:36:11.398847,78,19624,"-47.2038435,100.023729"
3AKJGLD54JSC12345,Freightliner,2022,2025-11-30 12:13:46.054403,72,10005,"-70.5616095,34.796894"
F654J5DV77JS98654,Ford,2023,2025-11-30 08:54:53.421631,16,22115,"-26.5387305,51.365818"
1V2NC9JX5JC962225,Volvo,2022,2025-11-30 09:59:33.885108,18,11057,"19.9658775,-0.542077"
1V2NC9JX5JC123456,Volvo,2022,2025-11-30 10:37:28.433797,112,13564,"4.6656825,70.313680"
6FDUF4GY1JSC12345,Scania,2016,2025-11-29 21:27:53.151703,2,50005,"3.915311,-160.372368"
1VWAP7A30JC123456,Volkswagen,2021,2025-11-29 23:53:04.948449,52,20001,"8.9560405,163.715083"
1V2NC9JX5JC123456,Volvo,2022,2025-11-30 06:31:04.331162,21,13562,"-13.886790,143.063925"
F654J5DV77JS98654,Ford,2023,2025-11-30 04:48:22.969958,108,22108,"-59.0359975,120.611028"
1VWAP7A30JC123456,Volkswagen,2021,2025-11-30 20:33:10.540448,34,20000,"19.403377,7.413478"
F654J5DV77JS98654,Ford,2023,2025-11-30 15:21:57.784318,49,22109,"-83.733259,160.568103"
3GCUKREC0FG123456,Chevrolet,2024,2025-11-30 16:52:13.109859,48,4003,"40.9542135,-59.213242"
1XKAD49X7JJ123456,Kenworth,2015,2025-11-30 09:30:05.385770,37,60009,"7.608191,36.579466"
6FDUF4GY1JSC12345,Scania,2016,2025-11-30 05:40:38.558446,106,50006,"66.711418,136.082639"
F654J5DV77JS98654,Ford,2023,2025-11-30 00:44:25.595658,87,22116,"80.2965005,-22.371783"
3AKJGLD54JSC12345,Freightliner,2022,2025-11-30 20:07:43.467269,32,10001,"-53.489316,76.978533"
6FDUF4GY1JSC12345,Scania,2016,2025-11-30 07:46:04.599015,36,50006,"-70.253733,-9.094230"
WDBUF56X98B123456,Mercedes-Benz,2017,2025-11-30 09:04:17.434880,107,40006,"-81.852030,-171.530996"
3AKJGLD54JSC12345,Freightliner,2022,2025-11-30 01:38:19.379211,51,10000,"42.584752,22.716468"
1V2NC9JX5JC962225,Volvo,2022,2025-11-30 19:30:22.787496,98,11051,"-28.6133585,-76.706566"
F654J5DV77JS46566,Ford,2024,2025-11-30 05:46:10.606223,101,19617,"43.4235365,-65.096538"
3AKJGLD54JSC12345,Freightliner,2022,2025-11-29 20:55:56.367568,68,10007,"-71.309748,-57.490502"
F654J5DV77JS98654,Ford,2023,2025-11-30 01:59:34.357458,45,22115,"-19.4680885,-136.265896"
F654J5DV77JS46566,Ford,2024,2025-11-29 23:11:32.013137,114,19618,"-6.905906,67.300189"
1V2NC9JX5JC123456,Volvo,2022,2025-11-30 19:05:40.569372,53,13567,"81.527339,-35.375826"
WDBUF56X98B123456,Mercedes-Benz,2017,2025-11-30 13:13:18.616362,100,40000,"-12.359109,-100.915234"
3GCUKREC0FG123456,Chevrolet,2024,2025-11-30 13:02:38.330511,4,4009,"16.0553575,-149.217246"
1V2NC9JX5JC962225,Volvo,2022,2025-11-30 13:31:04.336602,76,11054,"-63.923395,176.947712"
LZB12345678901234,FAW,2023,2025-11-30 13:39:21.707855,120,8003,"-2.341818,-67.844307"
F654J5DV77JS98654,Ford,2023,2025-11-30 20:37:01.494734,73,22108,"15.019731,114.350267"
3GCUKREC0FG123456,Chevrolet,2024,2025-11-29 23:20:19.609540,75,4005,"5.380999,-38.169959"
F654J5DV77JS98654,Ford,2023,2025-11-29 22:52:08.122084,103,22107,"68.3295805,-98.278457"
3GCUKREC0FG893480,Chevrolet,2025,2025-11-30 03:25:48.552407,1,3932,"-83.791940,-42.299337"
3GCUKREC0FG893480,Chevrolet,2025,2025-11-29 22:03:12.522320,44,3929,"-55.463966,108.171036"
1XKAD49X7JJ123456,Kenworth,2015,2025-11-29 22:12:23.286206,32,60007,"85.9947815,-70.879672"
6FDUF4GY1JSC12345,Scania,2016,2025-11-30 03:04:13.572971,77,50007,"-37.2120115,38.761203"
F654J5DV77JS98654,Ford,2023,2025-11-30 08:41:17.153006,61,22112,"-1.831990,38.993849"
1V2NC9JX5JC123456,Volvo,2022,2025-11-30 03:35:23.299492,96,13563,"-33.724794,121.294074"
3GCUKREC0FG123456,Chevrolet,2024,2025-11-30 03:07:53.350442,49,4005,"64.8544155,-70.755927"
1XKAD49X7JJ123456,Kenworth,2015,2025-11-30 09:52:08.940835,52,60009,"-79.490356,-111.939383"
F654J5DV77JS98654,Ford,2023,2025-11-30 12:44:20.355777,46,22110,"51.3659555,93.206358"
3AKJGLD54JSC12345,Freightliner,2022,2025-11-30 02:13:34.119935,12,10009,"-66.4183205,-92.319147"
1V2NC9JX5JC123456,Volvo,2022,2025-11-30 14:48:16.779829,42,13569,"64.2250185,148.954614"
1XKAD49X7JJ123456,Kenworth,2015,2025-11-30 02:37:55.295414,120,60008,"-4.966234,-89.948618"
1V2NC9JX5JC962225,Volvo,2022,2025-11-30 11:20:31.064037,2,11058,"-49.8354755,153.926383"
3GCUKREC0FG123456,Chevrolet,2024,2025-11-30 16:42:38.352453,81,4008,"1.874100,62.785116"
1V2NC9JX5JC962225,Volvo,2022,2025-11-30 05:30:47.873913,13,11053,"77.521450,-82.908507"
1V2NC9JX5JC123456,Volvo,2022,2025-11-30 16:34:27.656461,91,13561,"-43.9480335,28.844461"
F654J5DV77JS98654,Ford,2023,2025-11-30 09:01:18.623636,31,22115,"-19.580897,162.732256"
WDBUF56X98B123456,Mercedes-Benz,2017,2025-11-30 08:32:06.208473,55,40000,"-40.2706645,65.623508"
3AKJGLD54JSC12345,Freightliner,2022,2025-11-30 19:19:01.504862,87,10001,"-62.1729905,-62.685706"
F654J5DV77JS98654,Ford,2023,2025-11-30 02:16:04.524694,18,22112,"47.6607155,83.212388"
6FDUF4GY1JSC12345,Scania,2016,2025-11-30 14:49:56.239865,32,50004,"3.8926615,-97.498960"
F654J5DV77JS98654,Ford,2023,2025-11-30 14:10:32.380512,45,22107,"65.3369165,92.323790"
3GCUKREC0FG123456,Chevrolet,2024,2025-11-30 17:35:46.980038,17,4003,"8.789143,-36.695411"
3AKJGLD54JSC12345,Freightliner,2022,2025-11-30 20:18:28.366385,44,10003,"-77.4281575,-112.874189"
1V2NC9JX5JC962225,Volvo,2022,2025-11-30 04:35:01.174394,42,11058,"46.266229,137.568592"
3GCUKREC0FG893480,Chevrolet,2025,2025-11-30 20:34:36.214370,110,3935,"-37.288763,145.327156"
1V2NC9JX5JC962225,Volvo,2022,2025-11-30 19:47:03.566178,102,11056,"-73.853343,-177.144342"
3GCUKREC0FG123456,Chevrolet,2024,2025-11-30 07:55:51.071273,62,4003,"-16.628531,-100.787510"
WDBUF56X98B123456,Mercedes-Benz,2017,2025-11-30 14:08:12.368153,3,40002,"-30.577019,-113.564871"
3GCUKREC0FG893480,Chevrolet,2025,2025-11-30 09:24:25.128812,83,3929,"51.095826,-41.417100"
6FDUF4GY1JSC12345,Scania,2016,2025-11-30 00:31:09.977892,52,50010,"-38.948846,19.234398"
1XKAD49X7JJ123456,Kenworth,2015,2025-11-30 07:09:10.728084,9,60008,"-50.683927,170.222178"
3GCUKREC0FG893480,Chevrolet,2025,2025-11-30 05:58:37.088373,14,3934,"-9.544457,114.895751"
1V2NC9JX5JC123456,Volvo,2022,2025-11-30 02:52:24.727587,86,13566,"56.346304,150.208563"
3GCUKREC0FG123456,Chevrolet,2024,2025-11-30 04:53:44.367549,66,4009,"-4.3717315,131.921405"
F654J5DV77JS46566,Ford,2024,2025-11-30 20:34:32.016498,76,19618,"-16.7997125,54.533922"
F654J5DV77JS98654,Ford,2023,2025-11-30 01:25:46.747160,20,22113,"20.0402915,-21.687638"
F654J5DV77JS98654,Ford,2023,2025-11-30 00:42:19.878392,27,22116,"-86.992244,67.681289"
3AKJGLD54JSC12345,Freightliner,2022,2025-11-30 19:59:27.633463,11,10000,"39.5059985,-64.730421"
LZB12345678901234,FAW,2023,2025-11-30 10:55:58.710098,119,8004,"-65.9252985,-24.646147"
6FDUF4GY1JSC12345,Scania,2016,2025-11-30 18:25:40.680076,39,50004,"67.332462,36.848257"
3GCUKREC0FG893480,Chevrolet,2025,2025-11-30 10:23:58.259402,11,3930,"14.495808,153.340717"
F654J5DV77JS98654,Ford,2023,2025-11-30 03:45:28.377804,39,22116,"44.584438,-84.472786"
6FDUF4GY1JSC12345,Scania,2016,2025-11-30 16:33:53.390245,98,50006,"67.4440935,-40.447413"
F654J5DV77JS46566,Ford,2024,2025-11-30 03:29:58.573081,35,19619,"-81.640951,-131.878249"
6FDUF4GY1JSC12345,Scania,2016,2025-11-30 06:02:03.433336,20,50006,"16.5932675,-42.525879"
1V2NC9JX5JC123456,Volvo,2022,2025-11-30 12:31:19.211102,117,13561,"82.517436,114.021851"
3GCUKREC0FG123456,Chevrolet,2024,2025-11-30 09:10:16.994575,82,4003,"53.292798,-117.369191"
F654J5DV77JS98654,Ford,2023,2025-11-30 06:18:49.887484,36,22113,"-81.647930,-147.555039"
F654J5DV77JS46566,Ford,2024,2025-11-30 00:25:59.600252,47,19625,"-26.5933565,-135.236420"
1XKAD49X7JJ123456,Kenworth,2015,2025-11-30 00:25:32.839258,38,60007,"9.728069,-146.622967"
F654J5DV77JS46566,Ford,2024,2025-11-30 15:42:37.311722,114,19619,"-69.1615295,69.741897"
1V2NC9JX5JC123456,Volvo,2022,2025-11-30 09:19:36.309580,62,13560,"30.5581195,135.263137"
LZB12345678901234,FAW,2023,2025-11-29 23:01:40.274722,17,8010,"60.8028035,74.424471"
3AKJGLD54JSC12345,Freightliner,2022,2025-11-30 09:11:29.561469,95,10004,"7.129095,-100.546402"
1XKAD49X7JJ123456,Kenworth,2015,2025-11-30 09:07:53.831819,47,60007,"16.563910,-75.048155"
F654J5DV77JS46566,Ford,2024,2025-11-30 13:38:14.101923,3,19619,"-30.147506,-1.644373"
6FDUF4GY1JSC12345,Scania,2016,2025-11-30 02:59:30.302158,45,50004,"50.560204,-5.094335"
1V2NC9JX5JC123456,Volvo,2022,2025-11-29 22:49:00.092568,38,13560,"11.8414975,-169.337835"
1XKAD49X7JJ123456,Kenworth,2015,2025-11-30 13:50:04.287353,55,60002,"-8.123796,-170.566991"
3AKJGLD54JSC12345,Freightliner,2022,2025-11-30 14:50:27.937318,26,10010,"30.955464,96.634679"
WDBUF56X98B123456,Mercedes-Benz,2017,2025-11-29 21:06:15.119450,31,40009,"-59.580930,-160.165008"
1VWAP7A30JC123456,Volkswagen,2021,2025-11-30 11:13:04.886338,18,20004,"49.364871,-114.700490"
3GCUKREC0FG893480,Chevrolet,2025,2025-11-30 07:05:08.932889,69,3932,"79.468219,-83.307894"
F654J5DV77JS46566,Ford,2024,2025-11-29 23:25:39.257804,88,19621,"30.901137,25.424300"
1V2NC9JX5JC962225,Volvo,2022,2025-11-30 01:16:15.497267,119,11059,"39.723880,-168.715060"
3GCUKREC0FG123456,Chevrolet,2024,2025-11-30 14:42:41.518189,86,4002,"-50.550154,-78.214723"
1VWAP7A30JC123456,Volkswagen,2021,2025-11-30 04:55:01.908897,4,20004,"-9.1750715,60.402850"
F654J5DV77JS46566,Ford,2024,2025-11-29 22:30:29.095693,30,19618,"40.6001195,-63.707335"
6FDUF4GY1JSC12345,Scania,2016,2025-11-30 09:36:46.552967,59,50009,"37.823006,141.469930"
F654J5DV77JS98654,Ford,2023,2025-11-30 01:09:52.342821,105,22112,"-17.774078,-160.002809"
WDBUF56X98B123456,Mercedes-Benz,2017,2025-11-30 03:51:04.420145,12,40007,"-40.4496865,15.188029"
6FDUF4GY1JSC12345,Scania,2016,2025-11-30 11:22:34.131543,113,50010,"24.7891985,59.951775"
3GCUKREC0FG123456,Chevrolet,2024,2025-11-30 20:00:19.497713,114,4001,"37.563114,-117.414184"
WDBUF56X98B123456,Mercedes-Benz,2017,2025-11-30 16:25:39.967881,106,40008,"-23.971977,-139.505179"
1V2NC9JX5JC962225,Volvo,2022,2025-11-30 02:42:43.948679,36,11057,"-47.7386475,-116.136310"
3GCUKREC0FG893480,Chevrolet,2025,2025-11-29 21:31:54.312887,89,3934,"-76.064065,-116.096599"
F654J5DV77JS46566,Ford,2024,2025-11-30 03:40:43.742867,38,19616,"6.293496,173.958977"
1VWAP7A30JC123456,Volkswagen,2021,2025-11-30 19:21:27.391895,78,20000,"-16.9911975,140.348699"
3GCUKREC0FG123456,Chevrolet,2024,2025-11-30 07:04:37.658519,90,4006,"54.5126675,24.009172"
LZB12345678901234,FAW,2023,2025-11-30 15:25:33.813749,20,8000,"-81.758986,115.854727"
WDBUF56X98B123456,Mercedes-Benz,2017,2025-11-30 02:35:40.570456,49,40001,"6.831604,155.135017"
3AKJGLD54JSC12345,Freightliner,2022,2025-11-30 03:11:38.441742,13,10001,"-21.4273295,167.828426"
F654J5DV77JS46566,Ford,2024,2025-11-30 15:46:57.591195,69,19617,"15.1449915,3.639552"
LZB12345678901234,FAW,2023,2025-11-30 14:21:39.861109,15,8002,"-54.4867395,90.731728"
3GCUKREC0FG893480,Chevrolet,2025,2025-11-30 10:38:14.393321,25,3932,"-0.1770965,69.571118"
WDBUF56X98B123456,Mercedes-Benz,2017,2025-11-30 06:10:24.712426,84,40007,"-10.3214605,-52.645799"
1XKAD49X7JJ123456,Kenworth,2015,2025-11-29 23:20:59.758159,39,60003,"36.9117675,133.684128"
3GCUKREC0FG123456,Chevrolet,2024,2025-11-30 10:32:04.686543,103,4007,"87.963005,24.632144"
1V2NC9JX5JC962225,Volvo,2022,2025-11-30 09:24:58.080784,16,11051,"-11.8273705,-84.451190"
3GCUKREC0FG893480,Chevrolet,2025,2025-11-30 18:24:59.726123,21,3932,"-69.7874535,123.261523"
LZB12345678901234,FAW,2023,2025-11-30 18:14:06.373791,16,8005,"-76.463611,96.223930"
LZB12345678901234,FAW,2023,2025-11-30 20:04:47.271418,106,8009,"55.0274075,125.094515"
1XKAD49X7JJ123456,Kenworth,2015,2025-11-29 22:01:34.419450,107,60010,"-26.521854,-103.472513"
1XKAD49X7JJ123456,Kenworth,2015,2025-11-30 14:32:10.189519,73,60005,"-14.8731335,-114.418611"
1V2NC9JX5JC123456,Volvo,2022,2025-11-30 19:57:24.588533,42,13569,"11.885074,-7.014128"
1XKAD49X7JJ123456,Kenworth,2015,2025-11-30 01:02:35.026446,10,60008,"38.8783635,22.340668"
3AKJGLD54JSC12345,Freightliner,2022,2025-11-30 07:37:47.221981,43,10003,"-21.2672115,-49.646885"
F654J5DV77JS46566,Ford,2024,2025-11-29 23:42:10.812664,114,19616,"63.6234455,-151.218051"
1V2NC9JX5JC962225,Volvo,2022,2025-11-30 11:58:40.938700,106,11058,"39.7998805,-12.067546"
3GCUKREC0FG893480,Chevrolet,2025,2025-11-30 13:19:22.451157,69,3930,"-49.090417,-66.546801"
F654J5DV77JS46566,Ford,2024,2025-11-29 23:20:53.491549,53,19617,"-67.729073,37.016827"
3GCUKREC0FG893480,Chevrolet,2025,2025-11-30 05:35:42.206614,65,3927,"87.0992475,-35.020527"
F654J5DV77JS46566,Ford,2024,2025-11-30 11:05:10.851390,39,19617,"17.6651315,118.514896"
LZB12345678901234,FAW,2023,2025-11-30 02:15:31.073057,26,8009,"36.9366695,126.003798"
1VWAP7A30JC123456,Volkswagen,2021,2025-11-30 16:51:30.561904,44,20007,"-40.7061285,-39.376522"
6FDUF4GY1JSC12345,Scania,2016,2025-11-30 18:47:30.657753,5,50004,"52.086613,8.464210"
LZB12345678901234,FAW,2023,2025-11-30 14:25:37.110482,48,8004,"-76.1572075,5.653491"
1V2NC9JX5JC962225,Volvo,2022,2025-11-30 05:21:26.801242,52,11059,"-85.065989,28.464057"
3GCUKREC0FG893480,Chevrolet,2025,2025-11-30 05:32:05.930021,10,3926,"33.4635765,102.154881"
F654J5DV77JS98654,Ford,2023,2025-11-30 15:32:46.738391,47,22113,"10.6489015,-146.680466"
1VWAP7A30JC123456,Volkswagen,2021,2025-11-30 03:54:46.827677,7,20002,"36.6994525,83.603046"
WDBUF56X98B123456,Mercedes-Benz,2017,2025-11-30 17:43:01.648846,4,40002,"36.896553,135.233850"
1VWAP7A30JC123456,Volkswagen,2021,2025-11-30 05:11:59.158174,4,20009,"19.886539,134.652822"
WDBUF56X98B123456,Mercedes-Benz,2017,2025-11-30 15:50:29.157874,106,40003,"-42.971532,-148.455576"
F654J5DV77JS98654,Ford,2023,2025-11-30 14:01:36.977542,64,22112,"37.4669875,-27.329023"
F654J5DV77JS46566,Ford,2024,2025-11-30 18:20:09.565120,59,19616,"76.5642415,98.877751"
LZB12345678901234,FAW,2023,2025-11-30 15:19:45.908049,25,8007,"-10.8365815,-8.811998"
1V2NC9JX5JC123456,Volvo,2022,2025-11-29 22:55:22.376231,9,13567,"-42.622340,-81.541339"
1V2NC9JX5JC962225,Volvo,2022,2025-11-30 07:47:21.703797,75,11057,"-0.484624,-41.692774"
3GCUKREC0FG893480,Chevrolet,2025,2025-11-30 01:17:33.459801,93,3926,"-87.2130515,103.547493"
3AKJGLD54JSC12345,Freightliner,2022,2025-11-30 10:17:52.232749,43,10001,"51.282612,-127.578671"
F654J5DV77JS98654,Ford,2023,2025-11-29 23:47:56.029224,113,22110,"57.3494015,60.939465"
LZB12345678901234,FAW,2023,2025-11-30 06:48:57.624233,49,8009,"-13.120033,-19.019443"
WDBUF56X98B123456,Mercedes-Benz,2017,2025-11-30 07:46:30.152174,67,40009,"13.316585,-177.861506"
LZB12345678901234,FAW,2023,2025-11-30 01:43:00.318258,0,8005,"-62.156562,-40.515395"
WDBUF56X98B123456,Mercedes-Benz,2017,2025-11-30 10:26:56.094870,2,40001,"22.780614,175.074224"
1XKAD49X7JJ123456,Kenworth,2015,2025-11-30 16:09:20.389249,95,60007,"4.114181,-95.265274"
3AKJGLD54JSC12345,Freightliner,2022,2025-11-30 01:15:33.241291,114,10000,"49.242580,-44.626671"
1V2NC9JX5JC962225,Volvo,2022,2025-11-30 14:36:33.608085,14,11051,"17.2011845,-44.118823"
WDBUF56X98B123456,Mercedes-Benz,2017,2025-11-30 18:08:31.718025,92,40006,"0.8540455,-96.138724"
WDBUF56X98B123456,Mercedes-Benz,2017,2025-11-30 05:20:18.062922,25,40008,"-84.798179,-129.705727"
3GCUKREC0FG893480,Chevrolet,2025,2025-11-30 20:40:27.617209,79,3931,"-50.813030,-83.401792"
6FDUF4GY1JSC12345,Scania,2016,2025-11-30 05:27:17.364527,92,50001,"19.4028685,102.409166"
1XKAD49X7JJ123456,Kenworth,2015,2025-11-30 10:36:04.526883,39,60006,"12.5626175,-47.694787"
F654J5DV77JS98654,Ford,2023,2025-11-30 13:34:29.674087,87,22112,"-17.4940935,135.341905"
F654J5DV77JS46566,Ford,2024,2025-11-30 12:27:42.896710,104,19621,"75.9616895,-35.012990"
1V2NC9JX5JC123456,Volvo,2022,2025-11-30 09:28:51.034610,11,13564,"-14.298173,-158.531709"
6FDUF4GY1JSC12345,Scania,2016,2025-11-30 06:02:51.193053,48,50007,"-6.578359,171.751576"
LZB12345678901234,FAW,2023,2025-11-29 22:28:39.978190,63,8005,"-45.1264695,88.968092"
LZB12345678901234,FAW,2023,2025-11-30 02:33:53.113922,28,8009,"-36.609077,34.565306"
F654J5DV77JS46566,Ford,2024,2025-11-30 14:41:29.431412,97,19624,"-58.0133815,-51.541165"
LZB12345678901234,FAW,2023,2025-11-30 20:42:48.426420,92,8001,"56.019522,1.283475"
F654J5DV77JS46566,Ford,2024,2025-11-30 10:34:17.769339,2,19619,"81.5792395,-55.737020"
F654J5DV77JS46566,Ford,2024,2025-11-29 22:41:03.996495,79,19619,"-77.954176,-35.926862"
6FDUF4GY1JSC12345,Scania,2016,2025-11-30 15:51:30.364661,109,50001,"24.359623,105.122488"
1XKAD49X7JJ123456,Kenworth,2015,2025-11-30 07:30:39.878970,95,60007,"-43.119745,-161.824615"
1VWAP7A30JC123456,Volkswagen,2021,2025-11-30 12:17:45.476129,14,20003,"-71.748204,67.015789"
3GCUKREC0FG123456,Chevrolet,2024,2025-11-29 21:21:59.102207,67,4003,"39.118479,-97.280430"
1V2NC9JX5JC123456,Volvo,2022,2025-11-30 03:57:20.008044,92,13565,"-54.4063345,-170.041763"
LZB12345678901234,FAW,2023,2025-11-30 01:32:46.509579,20,8000,"49.7942865,-114.185756"
F654J5DV77JS98654,Ford,2023,2025-11-30 00:19:58.605929,28,22115,"-54.109320,-34.237141"
1V2NC9JX5JC123456,Volvo,2022,2025-11-30 10:21:31.990641,92,13561,"-24.7779785,-169.293061"
6FDUF4GY1JSC12345,Scania,2016,2025-11-30 13:48:38.518569,36,50001,"17.9287525,29.657453"
WDBUF56X98B123456,Mercedes-Benz,2017,2025-11-30 11:38:19.834857,89,40001,"60.774843,82.605928"
6FDUF4GY1JSC12345,Scania,2016,2025-11-30 02:33:07.071321,113,50006,"79.107693,68.105727"
WDBUF56X98B123456,Mercedes-Benz,2017,2025-11-30 13:21:19.934179,99,40005,"-87.1518585,-157.088045"
6FDUF4GY1JSC12345,Scania,2016,2025-11-29 21:28:54.469142,78,50003,"82.126939,175.889523"
3GCUKREC0FG893480,Chevrolet,2025,2025-11-29 22:59:50.044068,25,3925,"-49.201404,-30.381779"
3GCUKREC0FG123456,Chevrolet,2024,2025-11-30 12:29:23.668942,92,4006,"-2.1171255,164.310530"
3GCUKREC0FG123456,Chevrolet,2024,2025-11-30 10:53:05.856731,31,4005,"-18.8260485,-26.706050"
LZB12345678901234,FAW,2023,2025-11-30 12:54:41.064297,43,8010,"15.182073,70.981460"
1XKAD49X7JJ123456,Kenworth,2015,2025-11-29 21:35:20.955689,64,60005,"44.5663835,117.696521"
3GCUKREC0FG893480,Chevrolet,2025,2025-11-30 16:39:08.289073,60,3929,"43.3826465,124.681451"
1XKAD49X7JJ123456,Kenworth,2015,2025-11-30 17:24:20.391233,59,60005,"-23.525006,80.650013"
6FDUF4GY1JSC12345,Scania,2016,2025-11-30 03:40:46.746891,69,50003,"26.1717565,-89.231135"
1V2NC9JX5JC123456,Volvo,2022,2025-11-30 20:44:29.894708,46,13563,"-37.8581485,-162.241671"
3GCUKREC0FG893480,Chevrolet,2025,2025-11-30 18:46:17.546226,26,3934,"60.5615435,-28.132438"
LZB12345678901234,FAW,2023,2025-11-30 00:33:00.398658,69,8003,"65.1255795,-117.406132"
F654J5DV77JS98654,Ford,2023,2025-11-30 19:13:51.705899,116,22115,"-85.7167015,26.699641"
3AKJGLD54JSC12345,Freightliner,2022,2025-11-30 17:12:45.763435,48,10009,"52.1997845,-8.981128"
F654J5DV77JS98654,Ford,2023,2025-11-30 13:23:23.601654,115,22115,"-76.4039845,39.265750"
3GCUKREC0FG123456,Chevrolet,2024,2025-11-30 05:49:43.363199,81,4001,"-81.8325885,114.173074"
LZB12345678901234,FAW,2023,2025-11-30 06:05:46.167885,44,8005,"65.3958465,135.247126"
1V2NC9JX5JC962225,Volvo,2022,2025-11-30 08:47:56.981768,36,11059,"50.208999,115.078590"
3GCUKREC0FG893480,Chevrolet,2025,2025-11-30 02:01:04.207743,71,3931,"53.430753,91.399369"
1XKAD49X7JJ123456,Kenworth,2015,2025-11-30 02:15:22.370912,61,60003,"-38.701549,-5.405666"
1VWAP7A30JC123456,Volkswagen,2021,2025-11-30 04:26:37.539449,0,20007,"84.023101,-91.263263"
LZB12345678901234,FAW,2023,2025-11-30 17:41:35.189553,108,8002,"64.8862895,-74.836880"
3GCUKREC0FG893480,Chevrolet,2025,2025-11-30 08:44:24.395911,81,3934,"-13.8180065,31.060683"
F654J5DV77JS46566,Ford,2024,2025-11-30 06:30:00.239105,48,19624,"55.1048945,111.990072"
F654J5DV77JS98654,Ford,2023,2025-11-30 10:32:28.968748,70,22116,"25.0103575,33.103185"
LZB12345678901234,FAW,2023,2025-11-30 11:53:52.525175,1,8010,"43.453810,154.039050"
3GCUKREC0FG123456,Chevrolet,2024,2025-11-30 19:47:55.624377,0,4009,"-87.027025,-152.415276"
6FDUF4GY1JSC12345,Scania,2016,2025-11-30 05:25:07.109583,104,50008,"14.3910315,-54.315525"
3GCUKREC0FG123456,Chevrolet,2024,2025-11-30 16:53:05.277407,106,4008,"-30.6386095,1.567793"
1V2NC9JX5JC962225,Volvo,2022,2025-11-30 14:38:17.873699,72,11050,"59.0873325,-175.465979"
F654J5DV77JS98654,Ford,2023,2025-11-30 01:07:51.823423,21,22106,"-36.4939825,-131.048748"
6FDUF4GY1JSC12345,Scania,2016,2025-11-29 22:57:58.360540,16,50002,"77.464335,-173.970547"
3GCUKREC0FG123456,Chevrolet,2024,2025-11-29 21:56:37.040111,112,4006,"-56.8222315,147.783625"
3GCUKREC0FG123456,Chevrolet,2024,2025-11-30 18:49:34.708574,107,4000,"-50.687195,31.909379"
3GCUKREC0FG123456,Chevrolet,2024,2025-11-30 00:22:55.250268,83,4004,"70.039071,51.684229"
F654J5DV77JS46566,Ford,2024,2025-11-30 20:47:04.434826,45,19616,"-52.968684,98.173449"
3GCUKREC0FG893480,Chevrolet,2025,2025-11-30 02:52:00.046672,113,3933,"16.8951415,55.029735"
3AKJGLD54JSC12345,Freightliner,2022,2025-11-30 20:42:51.260896,84,10003,"-80.181740,-142.439722"
1XKAD49X7JJ123456,Kenworth,2015,2025-11-30 05:29:47.689728,77,60006,"-33.784820,-59.612186"
3AKJGLD54JSC12345,Freightliner,2022,2025-11-30 16:02:50.480421,26,10004,"-1.325607,152.955738"
1V2NC9JX5JC962225,Volvo,2022,2025-11-30 10:03:53.206856,73,11059,"34.8178065,170.777033"
3AKJGLD54JSC12345,Freightliner,2022,2025-11-29 22:27:16.508723,120,10009,"79.471224,-64.583680"
LZB12345678901234,FAW,2023,2025-11-30 00:17:43.542679,39,8002,"-61.934777,-146.025698"
F654J5DV77JS98654,Ford,2023,2025-11-30 04:20:53.288633,61,22106,"-11.9245215,-9.501062"
3GCUKREC0FG123456,Chevrolet,2024,2025-11-30 07:55:48.582275,94,4000,"44.4671485,35.087041"
6FDUF4GY1JSC12345,Scania,2016,2025-11-30 13:49:20.163519,99,50007,"-14.0664525,-37.696235"
1XKAD49X7JJ123456,Kenworth,2015,2025-11-30 05:29:09.820627,108,60006,"-85.7150655,116.545668"
1XKAD49X7JJ123456,Kenworth,2015,2025-11-30 13:13:12.185489,106,60007,"69.923647,-107.520525"
1VWAP7A30JC123456,Volkswagen,2021,2025-11-30 18:40:16.063679,8,20005,"60.203018,-147.453626"
3GCUKREC0FG893480,Chevrolet,2025,2025-11-30 19:19:20.643876,62,3935,"-50.740741,144.897556"
6FDUF4GY1JSC12345,Scania,2016,2025-11-30 12:45:10.846029,62,50010,"-41.779235,-89.247941"
F654J5DV77JS98654,Ford,2023,2025-11-30 02:47:41.639745,34,22116,"-17.084076,170.183363"
F654J5DV77JS98654,Ford,2023,2025-11-29 21:03:42.774568,57,22111,"-5.244447,88.489577"
3GCUKREC0FG123456,Chevrolet,2024,2025-11-30 16:07:42.404213,13,4000,"41.781500,-80.174020"
F654J5DV77JS46566,Ford,2024,2025-11-30 16:18:01.803207,63,19618,"77.138028,-165.469394"
3GCUKREC0FG123456,Chevrolet,2024,2025-11-30 06:36:38.569298,111,4007,"67.978966,-48.958318"
F654J5DV77JS46566,Ford,2024,2025-11-30 12:58:00.225447,68,19620,"-41.3236045,13.161696"
3AKJGLD54JSC12345,Freightliner,2022,2025-11-30 12:52:29.210401,117,10001,"73.689926,-138.660330"
1VWAP7A30JC123456,Volkswagen,2021,2025-11-30 16:38:52.704221,49,20003,"-78.664039,-67.876881"
F654J5DV77JS46566,Ford,2024,2025-11-30 14:48:30.033495,14,19625,"-60.204425,-34.488163"
3GCUKREC0FG893480,Chevrolet,2025,2025-11-30 13:03:08.533079,99,3935,"-59.0479865,-61.369480"
F654J5DV77JS98654,Ford,2023,2025-11-30 06:53:36.408211,59,22110,"65.5763855,75.467880"
LZB12345678901234,FAW,2023,2025-11-29 20:55:06.943174,110,8010,"-59.296003,-135.569330"
1V2NC9JX5JC962225,Volvo,2022,2025-11-30 08:53:21.016841,101,11052,"-88.806257,-9.895202"
6FDUF4GY1JSC12345,Scania,2016,2025-11-30 13:49:49.370313,74,50010,"4.795415,-31.797187"
1V2NC9JX5JC123456,Volvo,2022,2025-11-30 06:48:24.343891,110,13560,"50.559871,-156.796717"
1V2NC9JX5JC123456,Volvo,2022,2025-11-30 11:38:49.027231,54,13569,"16.9948035,-42.101433"
LZB12345678901234,FAW,2023,2025-11-30 14:31:46.213241,18,8008,"-65.7290055,62.856749"
1XKAD49X7JJ123456,Kenworth,2015,2025-11-30 09:28:40.692112,49,60010,"-63.322657,22.193230"
1VWAP7A30JC123456,Volkswagen,2021,2025-11-30 07:06:43.396187,73,20008,"-30.357512,-95.606839"
LZB12345678901234,FAW,2023,2025-11-30 15:12:19.858576,6,8002,"39.562347,-52.698912"
1VWAP7A30JC123456,Volkswagen,2021,2025-11-30 18:13:47.043777,71,20009,"19.376576,-132.252360"
1VWAP7A30JC123456,Volkswagen,2021,2025-11-30 04:48:05.318892,76,20007,"-64.2014225,-96.986225"
WDBUF56X98B123456,Mercedes-Benz,2017,2025-11-30 16:44:20.823759,39,40000,"69.197199,80.104066"
F654J5DV77JS46566,Ford,2024,2025-11-29 22:27:19.457780,31,19623,"-82.1828385,146.764370"
1VWAP7A30JC123456,Volkswagen,2021,2025-11-30 16:43:17.766556,106,20001,"6.5298995,171.747410"
1V2NC9JX5JC962225,Volvo,2022,2025-11-30 09:02:36.918146,118,11055,"-88.4724405,25.130220"
WDBUF56X98B123456,Mercedes-Benz,2017,2025-11-29 22:41:37.665844,88,40002,"66.572753,161.661220"
6FDUF4GY1JSC12345,Scania,2016,2025-11-30 08:14:40.992835,40,50004,"63.0644465,93.961090"
6FDUF4GY1JSC12345,Scania,2016,2025-11-29 23:17:27.204500,106,50005,"65.0847315,101.052911"
F654J5DV77JS98654,Ford,2023,2025-11-30 17:40:17.482479,101,22108,"45.600944,25.026831"
WDBUF56X98B123456,Mercedes-Benz,2017,2025-11-30 10:00:42.284180,88,40003,"-41.3448995,161.582101"
1V2NC9JX5JC123456,Volvo,2022,2025-11-30 00:35:19.013278,75,13562,"9.520011,173.795025"
3AKJGLD54JSC12345,Freightliner,2022,2025-11-29 23:11:33.047977,90,10004,"-82.6703965,-137.586204"
WDBUF56X98B123456,Mercedes-Benz,2017,2025-11-30 03:11:47.523474,87,40009,"3.890005,27.230541"
F654J5DV77JS98654,Ford,2023,2025-11-30 07:28:06.711910,2,22116,"89.029190,-93.471491"
1VWAP7A30JC123456,Volkswagen,2021,2025-11-30 08:23:04.893690,10,20000,"59.578434,104.682879"
1VWAP7A30JC123456,Volkswagen,2021,2025-11-30 15:45:41.359125,40,20006,"46.6847995,-14.074451"
1XKAD49X7JJ123456,Kenworth,2015,2025-11-30 07:17:47.644208,31,60003,"68.3866625,23.074856"
1VWAP7A30JC123456,Volkswagen,2021,2025-11-30 08:47:34.497487,116,20007,"-12.6124265,25.159439"
1V2NC9JX5JC123456,Volvo,2022,2025-11-29 23:14:01.028114,105,13565,"-60.1044065,-128.821523"
6FDUF4GY1JSC12345,Scania,2016,2025-11-30 07:36:10.694438,26,50005,"-45.9936485,-87.018166"
3GCUKREC0FG893480,Chevrolet,2025,2025-11-30 11:31:07.540014,62,3930,"34.9149575,-48.757568"
1XKAD49X7JJ123456,Kenworth,2015,2025-11-30 11:44:38.766945,80,60009,"-9.059648,-38.386300"
3AKJGLD54JSC12345,Freightliner,2022,2025-11-30 10:44:01.053599,69,10004,"-17.897619,-161.148907"
3GCUKREC0FG123456,Chevrolet,2024,2025-11-30 08:22:26.727140,6,4006,"53.118952,17.208379"
F654J5DV77JS46566,Ford,2024,2025-11-30 18:21:52.220493,5,19621,"-33.861562,142.198362"
F654J5DV77JS98654,Ford,2023,2025-11-30 20:04:37.668518,82,22106,"-31.140820,-158.603381"
F654J5DV77JS98654,Ford,2023,2025-11-30 20:43:45.701241,89,22108,"-22.467026,-154.603463"
3AKJGLD54JSC12345,Freightliner,2022,2025-11-30 18:44:53.106472,91,10006,"-77.1733205,-28.481422"
WDBUF56X98B123456,Mercedes-Benz,2017,2025-11-30 07:22:08.792066,39,40001,"57.275264,88.346474"
1V2NC9JX5JC123456,Volvo,2022,2025-11-30 08:55:01.898793,69,13567,"4.5081145,-140.234896"
WDBUF56X98B123456,Mercedes-Benz,2017,2025-11-30 15:00:59.966870,83,40010,"71.1768415,24.727199"
1VWAP7A30JC123456,Volkswagen,2021,2025-11-30 08:08:41.507496,58,20006,"-79.0070375,163.479929"
WDBUF56X98B123456,Mercedes-Benz,2017,2025-11-30 02:27:29.394305,88,40009,"-25.446944,-66.056969"
1VWAP7A30JC123456,Volkswagen,2021,2025-11-30 14:21:07.879963,53,20001,"-42.0451635,-18.757049"
F654J5DV77JS98654,Ford,2023,2025-11-30 11:51:24.125303,97,22110,"-33.547234,-8.613289"
F654J5DV77JS46566,Ford,2024,2025-11-29 21:28:22.669337,50,19625,"76.616937,99.510145"
6FDUF4GY1JSC12345,Scania,2016,2025-11-30 05:20:19.788699,90,50003,"-63.6594805,-133.281008"
F654J5DV77JS98654,Ford,2023,2025-11-30 04:36:00.291921,87,22108,"-6.8012145,168.692654"
1V2NC9JX5JC962225,Volvo,2022,2025-11-30 17:05:03.327909,1,11059,"27.196761,90.881281"
6FDUF4GY1JSC12345,Scania,2016,2025-11-30 02:22:14.040158,23,50003,"-40.012103,107.338601"
6FDUF4GY1JSC12345,Scania,2016,2025-11-30 15:27:29.416244,37,50005,"47.031031,-82.239962"
F654J5DV77JS98654,Ford,2023,2025-11-30 04:50:01.380148,11,22112,"-13.2970735,-76.457047"
1XKAD49X7JJ123456,Kenworth,2015,2025-11-30 12:13:40.970249,89,60005,"69.241190,164.994682"
F654J5DV77JS98654,Ford,2023,2025-11-30 02:38:19.893786,94,22106,"-63.101811,-95.754306"
LZB12345678901234,FAW,2023,2025-11-29 21:26:53.424328,12,8010,"62.9147215,-4.853137"
F654J5DV77JS46566,Ford,2024,2025-11-30 17:34:59.294268,40,19625,"87.6292205,-38.091161"
6FDUF4GY1JSC12345,Scania,2016,2025-11-30 13:15:56.669826,39,50001,"-2.9883595,-57.819989"
1V2NC9JX5JC962225,Volvo,2022,2025-11-30 07:50:33.893150,114,11052,"-25.623088,161.755670"
WDBUF56X98B123456,Mercedes-Benz,2017,2025-11-30 02:55:33.348963,37,40008,"11.3367165,117.364618"
1V2NC9JX5JC123456,Volvo,2022,2025-11-30 01:22:20.299770,83,13568,"52.870119,133.509064"
1V2NC9JX5JC962225,Volvo,2022,2025-11-30 05:43:53.457438,101,11055,"56.085150,-71.346939"
6FDUF4GY1JSC12345,Scania,2016,2025-11-30 03:29:49.490464,31,50004,"-25.298885,-44.294323"
6FDUF4GY1JSC12345,Scania,2016,2025-11-30 02:49:30.215094,106,50006,"62.1851915,64.462187"
1V2NC9JX5JC123456,Volvo,2022,2025-11-30 15:06:07.710245,82,13560,"62.224656,-25.033140"
3GCUKREC0FG893480,Chevrolet,2025,2025-11-30 10:50:24.009712,101,3929,"35.446354,164.619822"
1XKAD49X7JJ123456,Kenworth,2015,2025-11-30 00:28:00.928030,98,60003,"67.7578445,-49.693999"
6FDUF4GY1JSC12345,Scania,2016,2025-11-30 18:00:14.836580,71,50002,"7.851378,44.959020"
1VWAP7A30JC123456,Volkswagen,2021,2025-11-29 23:57:13.345075,66,20004,"37.8089695,-88.668985"
6FDUF4GY1JSC12345,Scania,2016,2025-11-30 01:38:05.512791,86,50002,"-59.064072,163.491159"
6FDUF4GY1JSC12345,Scania,2016,2025-11-30 00:52:54.875818,108,50010,"-21.6144075,160.682159"
LZB12345678901234,FAW,2023,2025-11-30 04:28:22.956626,82,8008,"-71.118821,-154.935653"
LZB12345678901234,FAW,2023,2025-11-30 04:07:55.557258,55,8009,"-88.742441,-16.173002"
1V2NC9JX5JC962225,Volvo,2022,2025-11-30 13:54:05.336626,17,11056,"83.0696505,-14.150308"
1XKAD49X7JJ123456,Kenworth,2015,2025-11-30 11:32:23.762855,106,60001,"81.424643,-70.785925"
6FDUF4GY1JSC12345,Scania,2016,2025-11-30 17:44:48.621109,47,50009,"80.652227,86.477485"
LZB12345678901234,FAW,2023,2025-11-30 17:50:08.933124,80,8006,"-79.490040,62.167170"
1V2NC9JX5JC962225,Volvo,2022,2025-11-30 07:45:06.730147,41,11058,"-21.2444845,-78.431819"
F654J5DV77JS98654,Ford,2023,2025-11-30 11:03:51.192718,46,22116,"10.3561445,166.540005"
WDBUF56X98B123456,Mercedes-Benz,2017,2025-11-30 09:56:36.478899,46,40010,"-15.3800035,-177.249108"
LZB12345678901234,FAW,2023,2025-11-29 22:17:28.785704,68,8000,"-62.7571985,-127.267629"
3AKJGLD54JSC12345,Freightliner,2022,2025-11-30 03:48:13.144643,78,10010,"83.5716805,-157.930015"
1VWAP7A30JC123456,Volkswagen,2021,2025-11-30 14:27:28.546771,110,20003,"-1.050639,24.122459"
6FDUF4GY1JSC12345,Scania,2016,2025-11-30 18:16:21.097492,112,50000,"-25.2974025,61.276001"
3GCUKREC0FG123456,Chevrolet,2024,2025-11-30 05:30:37.970033,90,4002,"73.933752,-17.149843"
3GCUKREC0FG123456,Chevrolet,2024,2025-11-30 00:39:23.083082,67,4001,"-48.3408655,120.883351"
3GCUKREC0FG893480,Chevrolet,2025,2025-11-30 00:40:13.708087,53,3932,"-83.785559,-172.184900"
WDBUF56X98B123456,Mercedes-Benz,2017,2025-11-30 02:26:59.821049,119,40002,"32.1440205,-69.960022"
1VWAP7A30JC123456,Volkswagen,2021,2025-11-30 08:05:46.085447,44,20006,"-49.1403655,-65.380171"
1VWAP7A30JC123456,Volkswagen,2021,2025-11-30 13:59:26.319714,56,20002,"-53.2107695,-136.467887"
3GCUKREC0FG123456,Chevrolet,2024,2025-11-30 05:59:43.924049,93,4003,"-13.1651945,-101.303436"
F654J5DV77JS46566,Ford,2024,2025-11-30 13:15:45.170041,108,19622,"79.4158535,-152.547224"
3GCUKREC0FG893480,Chevrolet,2025,2025-11-30 04:55:46.848242,8,3929,"24.2061615,64.920713"
3AKJGLD54JSC12345,Freightliner,2022,2025-11-30 05:27:11.620150,43,10005,"15.4506735,59.141711"
6FDUF4GY1JSC12345,Scania,2016,2025-11-30 06:57:07.995113,56,50004,"-58.5626025,-167.649330"
3AKJGLD54JSC12345,Freightliner,2022,2025-11-30 04:30:32.100207,8,10008,"-7.759521,-13.534065"
1V2NC9JX5JC123456,Volvo,2022,2025-11-29 22:00:30.664551,57,13564,"-14.717683,-53.041798"
WDBUF56X98B123456,Mercedes-Benz,2017,2025-11-29 23:36:43.730716,22,40000,"16.9473765,-38.191881"
1VWAP7A30JC123456,Volkswagen,2021,2025-11-30 18:35:26.131132,110,20004,"26.7176015,-46.667998"
1VWAP7A30JC123456,Volkswagen,2021,2025-11-29 23:06:41.775078,92,20005,"-43.718585,172.922772"
3GCUKREC0FG123456,Chevrolet,2024,2025-11-30 15:02:34.226712,44,4006,"87.345678,-113.230582"
1V2NC9JX5JC962225,Volvo,2022,2025-11-30 06:30:00.347166,96,11051,"63.269733,84.076392"
F654J5DV77JS98654,Ford,2023,2025-11-30 18:57:59.031434,54,22116,"83.2552365,-125.624129"
6FDUF4GY1JSC12345,Scania,2016,2025-11-30 07:03:01.219264,66,50000,"-68.3888785,-44.766126"
1VWAP7A30JC123456,Volkswagen,2021,2025-11-30 18:19:57.642211,103,20009,"-10.8472685,-171.902079"
3GCUKREC0FG893480,Chevrolet,2025,2025-11-30 16:33:24.764890,5,3935,"63.0628025,129.834632"
1V2NC9JX5JC962225,Volvo,2022,2025-11-30 12:04:36.271286,119,11051,"64.805096,89.321244"
6FDUF4GY1JSC12345,Scania,2016,2025-11-30 12:04:14.831962,44,50004,"29.998200,75.916647"
1VWAP7A30JC123456,Volkswagen,2021,2025-11-30 18:38:10.438394,105,20010,"-71.0897895,45.305490"
6FDUF4GY1JSC12345,Scania,2016,2025-11-29 22:39:02.282101,4,50008,"-60.878936,27.590598"
1V2NC9JX5JC123456,Volvo,2022,2025-11-30 08:29:16.059922,52,13567,"72.6263375,142.051431"
6FDUF4GY1JSC12345,Scania,2016,2025-11-30 03:36:51.547152,94,50002,"-1.586775,26.350597"
1V2NC9JX5JC123456,Volvo,2022,2025-11-30 04:44:00.958174,11,13567,"-80.0275325,-14.686919"
LZB12345678901234,FAW,2023,2025-11-30 06:25:19.443677,54,8004,"83.5019855,-5.140427"
3GCUKREC0FG123456,Chevrolet,2024,2025-11-30 11:18:18.158682,9,4008,"-47.607875,96.952176"
LZB12345678901234,FAW,2023,2025-11-30 04:00:12.510994,80,8001,"81.383144,73.721212"
1V2NC9JX5JC123456,Volvo,2022,2025-11-30 18:49:07.440527,101,13562,"28.304467,129.096802"
1V2NC9JX5JC123456,Volvo,2022,2025-11-29 21:24:23.560036,21,13567,"70.0166355,147.358956"
6FDUF4GY1JSC12345,Scania,2016,2025-11-30 19:50:19.528496,21,50003,"2.663805,-51.640875"
1VWAP7A30JC123456,Volkswagen,2021,2025-11-30 03:00:33.239488,74,20004,"1.158653,-165.246864"
1XKAD49X7JJ123456,Kenworth,2015,2025-11-29 21:53:11.695366,21,60009,"89.4331945,103.111368"
3AKJGLD54JSC12345,Freightliner,2022,2025-11-30 06:13:41.906337,81,10008,"67.418672,94.122065"
3GCUKREC0FG893480,Chevrolet,2025,2025-11-30 03:14:58.310843,96,3934,"-4.5531385,-127.551352"
F654J5DV77JS98654,Ford,2023,2025-11-29 21:30:36.215480,47,22107,"-73.644710,91.548389"
3GCUKREC0FG123456,Chevrolet,2024,2025-11-30 07:15:56.818931,25,4006,"86.1108125,130.715949"
F654J5DV77JS98654,Ford,2023,2025-11-30 03:17:02.211930,32,22114,"-9.307044,122.707505"
3AKJGLD54JSC12345,Freightliner,2022,2025-11-29 21:03:26.569648,115,10000,"-85.508655,-96.603564"
3AKJGLD54JSC12345,Freightliner,2022,2025-11-30 04:08:31.052418,31,10008,"87.966111,101.837826"
6FDUF4GY1JSC12345,Scania,2016,2025-11-29 22:20:40.704462,22,50009,"-57.6793555,-31.301790"
6FDUF4GY1JSC12345,Scania,2016,2025-11-30 08:54:03.078772,18,50003,"79.860810,152.966272"
1VWAP7A30JC123456,Volkswagen,2021,2025-11-30 19:26:59.522816,56,20009,"-49.7209075,127.669846"
1V2NC9JX5JC123456,Volvo,2022,2025-11-30 19:24:25.610126,0,13563,"-43.4165055,-37.916134"
1VWAP7A30JC123456,Volkswagen,2021,2025-11-29 23:03:10.013133,86,20000,"-34.887177,108.120592"
6FDUF4GY1JSC12345,Scania,2016,2025-11-30 10:31:07.592566,78,50005,"78.588593,52.915952"
1XKAD49X7JJ123456,Kenworth,2015,2025-11-30 00:50:13.270806,31,60004,"-53.6446655,171.839908"
1VWAP7A30JC123456,Volkswagen,2021,2025-11-30 01:39:10.416964,79,20002,"87.216985,22.436321"
3GCUKREC0FG123456,Chevrolet,2024,2025-11-30 10:07:13.297032,91,4006,"62.7945715,128.906850"
1V2NC9JX5JC962225,Volvo,2022,2025-11-30 08:19:40.221846,17,11056,"-17.287021,-79.820309"
3GCUKREC0FG893480,Chevrolet,2025,2025-11-30 14:37:25.861595,105,3927,"39.728486,171.754824"
3GCUKREC0FG123456,Chevrolet,2024,2025-11-30 18:54:17.771146,4,4007,"27.7130515,102.452882"
3GCUKREC0FG893480,Chevrolet,2025,2025-11-30 15:01:50.341856,11,3926,"-8.2273525,-162.587900"
1VWAP7A30JC123456,Volkswagen,2021,2025-11-30 14:28:12.279952,15,20004,"-71.558905,-100.272272"
1V2NC9JX5JC962225,Volvo,2022,2025-11-30 19:16:29.665187,104,11055,"78.306490,-130.329571"
F654J5DV77JS46566,Ford,2024,2025-11-30 05:19:37.179937,14,19616,"20.3038285,17.721375"
6FDUF4GY1JSC12345,Scania,2016,2025-11-29 22:52:32.450234,39,50002,"30.301797,48.771624"
6FDUF4GY1JSC12345,Scania,2016,2025-11-30 02:01:36.801572,83,50000,"43.514096,119.083925"
3AKJGLD54JSC12345,Freightliner,2022,2025-11-29 21:04:10.860737,86,10000,"-0.5868635,25.710261"
1V2NC9JX5JC123456,Volvo,2022,2025-11-30 09:48:46.876605,70,13560,"82.515839,-131.756371"
1V2NC9JX5JC962225,Volvo,2022,2025-11-30 04:17:12.634631,73,11059,"2.9884715,-41.270812"
1VWAP7A30JC123456,Volkswagen,2021,2025-11-30 05:57:43.896936,21,20009,"62.7466385,-34.528287"
6FDUF4GY1JSC12345,Scania,2016,2025-11-29 23:45:13.416798,114,50001,"-17.014259,51.165170"
LZB12345678901234,FAW,2023,2025-11-30 17:19:12.045643,65,8003,"-65.2991915,-47.013616"
F654J5DV77JS46566,Ford,2024,2025-11-30 06:42:50.747191,82,19622,"20.104374,17.301179"
6FDUF4GY1JSC12345,Scania,2016,2025-11-30 17:45:50.614053,72,50002,"-62.709760,-108.501972"
LZB12345678901234,FAW,2023,2025-11-30 15:44:30.044276,116,8007,"85.6731915,-86.629457"
1VWAP7A30JC123456,Volkswagen,2021,2025-11-30 11:58:28.728578,105,20000,"10.7851145,-170.953532"
1XKAD49X7JJ123456,Kenworth,2015,2025-11-30 17:18:42.344330,28,60009,"-85.324680,146.487107"
3AKJGLD54JSC12345,Freightliner,2022,2025-11-30 18:52:17.571596,99,10002,"-31.8456425,-90.022336"
F654J5DV77JS46566,Ford,2024,2025-11-30 08:34:07.770349,34,19625,"1.4836075,153.215903"
1XKAD49X7JJ123456,Kenworth,2015,2025-11-30 00:56:27.641332,88,60003,"42.660470,123.546867"
LZB12345678901234,FAW,2023,2025-11-30 16:48:38.471147,97,8004,"77.084592,41.929738"
WDBUF56X98B123456,Mercedes-Benz,2017,2025-11-30 13:12:32.830110,112,40003,"-59.3763545,19.385794"
F654J5DV77JS46566,Ford,2024,2025-11-30 06:56:52.474966,110,19623,"-7.631440,102.981149"
3GCUKREC0FG123456,Chevrolet,2024,2025-11-30 10:34:22.653769,46,4001,"84.861415,-3.148785"
1VWAP7A30JC123456,Volkswagen,2021,2025-11-30 14:54:12.055041,15,20005,"65.098525,-25.982232"
1XKAD49X7JJ123456,Kenworth,2015,2025-11-30 05:37:25.127220,31,60010,"-37.3568505,-117.730496"
1V2NC9JX5JC962225,Volvo,2022,2025-11-30 02:57:33.896482,109,11051,"42.131291,47.385774"
LZB12345678901234,FAW,2023,2025-11-30 14:46:28.429448,6,8001,"30.1691735,-50.893160"
1XKAD49X7JJ123456,Kenworth,2015,2025-11-30 02:58:25.873856,65,60006,"-16.9907435,163.599262"
WDBUF56X98B123456,Mercedes-Benz,2017,2025-11-30 04:11:21.496216,48,40010,"-34.751315,-38.815574"
F654J5DV77JS46566,Ford,2024,2025-11-30 10:55:57.616674,65,19616,"42.7353215,158.662352"
F654J5DV77JS46566,Ford,2024,2025-11-30 01:13:55.876537,24,19615,"-24.885254,-31.642002"
WDBUF56X98B123456,Mercedes-Benz,2017,2025-11-30 16:01:18.049935,39,40001,"-71.468634,76.692706"
3AKJGLD54JSC12345,Freightliner,2022,2025-11-30 14:22:35.196233,86,10010,"-11.543981,-48.738032"
F654J5DV77JS46566,Ford,2024,2025-11-29 21:31:14.880821,36,19622,"35.3856455,-49.043242"
F654J5DV77JS46566,Ford,2024,2025-11-30 04:00:29.534840,119,19625,"14.4314425,168.529202"
1V2NC9JX5JC123456,Volvo,2022,2025-11-30 02:24:38.476693,106,13560,"62.2190715,63.822013"
3GCUKREC0FG893480,Chevrolet,2025,2025-11-29 22:23:51.015148,48,3928,"-31.7349605,18.024712"
1V2NC9JX5JC123456,Volvo,2022,2025-11-29 22:31:01.848638,64,13570,"9.979612,-86.750823"
WDBUF56X98B123456,Mercedes-Benz,2017,2025-11-30 08:43:50.008187,61,40004,"-84.219693,-85.384117"
1XKAD49X7JJ123456,Kenworth,2015,2025-11-30 07:39:28.615233,70,60007,"56.2964005,-19.140115"
F654J5DV77JS46566,Ford,2024,2025-11-29 23:21:08.804531,84,19623,"-61.2032915,-142.953154"
6FDUF4GY1JSC12345,Scania,2016,2025-11-29 21:39:55.797272,14,50000,"71.594564,-115.769751"
1XKAD49X7JJ123456,Kenworth,2015,2025-11-30 12:39:03.495142,102,60010,"-19.208191,104.401683"
6FDUF4GY1JSC12345,Scania,2016,2025-11-30 14:30:01.159158,97,50001,"-31.9930545,78.163239"
1VWAP7A30JC123456,Volkswagen,2021,2025-11-30 13:24:16.171512,72,20006,"-14.4245125,-99.405282"
6FDUF4GY1JSC12345,Scania,2016,2025-11-30 20:28:12.534074,33,50003,"26.386386,-111.594090"
WDBUF56X98B123456,Mercedes-Benz,2017,2025-11-30 19:47:31.461673,4,40010,"-24.3169215,46.835115"
1VWAP7A30JC123456,Volkswagen,2021,2025-11-30 17:42:35.145793,12,20010,"-23.4049295,113.650868"
6FDUF4GY1JSC12345,Scania,2016,2025-11-30 05:50:02.118816,17,50004,"-42.5339895,-172.753742"
1V2NC9JX5JC123456,Volvo,2022,2025-11-30 13:42:54.507772,114,13567,"63.1739215,-23.303491"
1V2NC9JX5JC123456,Volvo,2022,2025-11-30 15:59:21.491600,36,13563,"-33.3803845,150.924556"
1XKAD49X7JJ123456,Kenworth,2015,2025-11-30 18:00:21.500728,95,60010,"33.439079,-143.789332"
WDBUF56X98B123456,Mercedes-Benz,2017,2025-11-29 22:04:56.194646,47,40006,"-67.080481,-93.239693"
WDBUF56X98B123456,Mercedes-Benz,2017,2025-11-30 05:28:32.403178,92,40000,"-74.1540035,80.119237"
WDBUF56X98B123456,Mercedes-Benz,2017,2025-11-30 07:27:07.737125,0,40007,"-71.135804,-17.088767"
1VWAP7A30JC123456,Volkswagen,2021,2025-11-30 14:53:55.400922,7,20010,"81.2772795,-51.477045"
3GCUKREC0FG893480,Chevrolet,2025,2025-11-30 05:49:25.359537,52,3931,"19.353980,105.445279"
3GCUKREC0FG123456,Chevrolet,2024,2025-11-30 19:39:50.390627,32,4008,"-5.8872295,-46.747321"
1XKAD49X7JJ123456,Kenworth,2015,2025-11-30 13:02:36.748094,60,60000,"-65.7849685,117.556468"
F654J5DV77JS98654,Ford,2023,2025-11-29 21:57:36.225013,33,22113,"-44.138042,-80.367024"
3GCUKREC0FG893480,Chevrolet,2025,2025-11-30 00:32:04.186330,42,3927,"-49.665102,172.468489"
3GCUKREC0FG123456,Chevrolet,2024,2025-11-30 19:33:56.401747,57,4003,"13.466795,62.414677"
3AKJGLD54JSC12345,Freightliner,2022,2025-11-29 23:20:17.835400,81,10002,"-69.4900945,-108.377731"
1V2NC9JX5JC123456,Volvo,2022,2025-11-30 14:28:15.727537,68,13566,"76.522412,-178.250332"
3AKJGLD54JSC12345,Freightliner,2022,2025-11-30 05:41:54.236073,51,10010,"-13.4615025,-49.216127"
1VWAP7A30JC123456,Volkswagen,2021,2025-11-30 14:59:49.872104,69,20006,"32.1233555,-50.146385"
1V2NC9JX5JC123456,Volvo,2022,2025-11-30 08:35:20.987342,60,13565,"-82.886513,-31.351709"
F654J5DV77JS98654,Ford,2023,2025-11-30 04:54:10.846442,14,22107,"-34.7934235,-136.411266"
1V2NC9JX5JC962225,Volvo,2022,2025-11-30 01:41:45.491036,12,11057,"-44.452519,53.766366"
F654J5DV77JS46566,Ford,2024,2025-11-30 06:36:50.205788,84,19617,"8.0194315,-52.915586"
1VWAP7A30JC123456,Volkswagen,2021,2025-11-30 18:02:28.430670,113,20009,"55.2886375,-170.279640"
1VWAP7A30JC123456,Volkswagen,2021,2025-11-30 06:53:29.886814,92,20006,"60.753763,105.253214"
3GCUKREC0FG893480,Chevrolet,2025,2025-11-30 20:20:21.823039,2,3926,"11.8775695,-10.519734"
3GCUKREC0FG893480,Chevrolet,2025,2025-11-30 10:43:44.340859,70,3931,"47.894573,-72.193918"
LZB12345678901234,FAW,2023,2025-11-30 07:44:30.876103,11,8009,"-79.237300,1.472435"
3AKJGLD54JSC12345,Freightliner,2022,2025-11-30 16:05:23.629633,75,10005,"-33.6071675,141.484139"
6FDUF4GY1JSC12345,Scania,2016,2025-11-30 09:22:04.113226,49,50007,"-73.1907655,-9.398132"
F654J5DV77JS98654,Ford,2023,2025-11-30 16:53:04.951623,98,22110,"-85.438359,-66.547014"
3GCUKREC0FG123456,Chevrolet,2024,2025-11-30 16:19:19.138281,34,4003,"-82.481370,87.255140"
WDBUF56X98B123456,Mercedes-Benz,2017,2025-11-30 05:19:13.757170,41,40008,"21.828734,29.766204"
1V2NC9JX5JC962225,Volvo,2022,2025-11-30 02:04:44.570878,45,11052,"-56.2908745,-55.879159"
3GCUKREC0FG893480,Chevrolet,2025,2025-11-30 14:25:56.431136,88,3933,"37.583316,-139.930385"
1VWAP7A30JC123456,Volkswagen,2021,2025-11-30 12:24:00.994116,112,20000,"58.1750025,-146.218296"
3GCUKREC0FG123456,Chevrolet,2024,2025-11-30 02:52:08.603184,83,4004,"42.6257445,68.119084"
3AKJGLD54JSC12345,Freightliner,2022,2025-11-30 14:41:08.987669,35,10005,"-55.0703325,-43.594452"
1VWAP7A30JC123456,Volkswagen,2021,2025-11-30 09:06:26.500599,109,20001,"44.689314,-94.913374"
1XKAD49X7JJ123456,Kenworth,2015,2025-11-30 01:05:56.932691,1,60004,"86.734261,81.167604"
3GCUKREC0FG893480,Chevrolet,2025,2025-11-30 20:41:55.147958,63,3927,"-40.2068095,-129.397620"
F654J5DV77JS46566,Ford,2024,2025-11-30 14:11:21.054686,89,19622,"68.7866415,-114.038665"
WDBUF56X98B123456,Mercedes-Benz,2017,2025-11-30 02:48:32.984246,0,40008,"40.502788,-117.497163"
1XKAD49X7JJ123456,Kenworth,2015,2025-11-30 09:08:46.714782,15,60002,"-26.7498045,-80.967230"
1V2NC9JX5JC123456,Volvo,2022,2025-11-30 18:36:01.572035,51,13561,"-0.678432,53.530747"
6FDUF4GY1JSC12345,Scania,2016,2025-11-29 21:22:07.746469,54,50010,"-9.757962,113.841811"
1V2NC9JX5JC123456,Volvo,2022,2025-11-30 08:07:50.801661,110,13570,"-84.790747,-58.171040"
3GCUKREC0FG893480,Chevrolet,2025,2025-11-30 07:41:52.940788,42,3926,"-77.676919,-158.158542"
LZB12345678901234,FAW,2023,2025-11-30 12:26:17.318242,57,8006,"-49.5396275,110.436909"
F654J5DV77JS46566,Ford,2024,2025-11-30 00:47:35.412153,9,19615,"19.879127,-86.622424"
F654J5DV77JS46566,Ford,2024,2025-11-30 02:56:32.160349,12,19624,"-20.8865615,-102.746845"
3GCUKREC0FG893480,Chevrolet,2025,2025-11-30 15:46:47.174864,45,3934,"-78.4247625,-110.114578"
1V2NC9JX5JC962225,Volvo,2022,2025-11-30 17:09:03.363308,13,11053,"32.641577,63.317614"
1V2NC9JX5JC123456,Volvo,2022,2025-11-30 00:27:40.669003,47,13562,"-43.6036365,42.322592"
1XKAD49X7JJ123456,Kenworth,2015,2025-11-30 18:09:52.520115,111,60010,"-33.6398595,61.311647"
WDBUF56X98B123456,Mercedes-Benz,2017,2025-11-30 14:01:57.077475,46,40010,"86.769508,40.096970"
1V2NC9JX5JC123456,Volvo,2022,2025-11-30 03:52:46.733092,1,13566,"88.730614,127.520962"
1V2NC9JX5JC962225,Volvo,2022,2025-11-30 12:24:02.974707,85,11054,"-24.230460,-42.185562"
F654J5DV77JS46566,Ford,2024,2025-11-30 04:56:40.685119,22,19619,"7.038007,148.248939"
1VWAP7A30JC123456,Volkswagen,2021,2025-11-30 13:04:27.190311,108,20010,"69.347189,151.238339"
1XKAD49X7JJ123456,Kenworth,2015,2025-11-30 12:45:03.595037,99,60005,"89.5787025,-122.213686"
1V2NC9JX5JC123456,Volvo,2022,2025-11-30 03:37:20.372785,48,13562,"-35.7205295,-14.761914"
3GCUKREC0FG893480,Chevrolet,2025,2025-11-30 08:53:15.463748,1,3925,"26.797592,-97.773443"
F654J5DV77JS46566,Ford,2024,2025-11-30 06:58:21.138577,73,19615,"-33.6684995,-63.995263"
LZB12345678901234,FAW,2023,2025-11-29 21:32:43.308295,44,8003,"-68.026873,115.545124"
3AKJGLD54JSC12345,Freightliner,2022,2025-11-29 22:53:33.267727,47,10007,"20.4874765,-126.864331"
3GCUKREC0FG123456,Chevrolet,2024,2025-11-29 22:05:05.981453,88,4002,"52.549029,-78.144238"
1XKAD49X7JJ123456,Kenworth,2015,2025-11-30 12:28:08.796949,60,60001,"-77.6375435,108.590597"
1XKAD49X7JJ123456,Kenworth,2015,2025-11-30 20:23:31.763898,108,60003,"1.017703,57.745220"
F654J5DV77JS46566,Ford,2024,2025-11-30 10:06:59.139408,35,19618,"-53.205442,-128.717668"
1VWAP7A30JC123456,Volkswagen,2021,2025-11-30 05:18:25.451116,51,20007,"-53.8551995,-69.561566"
F654J5DV77JS46566,Ford,2024,2025-11-30 11:01:13.613726,107,19624,"10.9312835,-50.260355"
1V2NC9JX5JC962225,Volvo,2022,2025-11-29 23:53:21.167944,110,11053,"-55.9637665,-1.419388"
3GCUKREC0FG893480,Chevrolet,2025,2025-11-30 16:23:42.095456,79,3926,"71.3857335,48.218431"
3AKJGLD54JSC12345,Freightliner,2022,2025-11-29 23:48:01.310966,118,10002,"-55.7017895,56.847519"
3AKJGLD54JSC12345,Freightliner,2022,2025-11-30 05:28:33.345577,25,10000,"-53.2641095,-86.857444"
1VWAP7A30JC123456,Volkswagen,2021,2025-11-30 11:50:00.560690,74,20007,"45.065781,-175.681196"
WDBUF56X98B123456,Mercedes-Benz,2017,2025-11-29 22:22:27.138094,42,40000,"29.4795545,67.713889"
6FDUF4GY1JSC12345,Scania,2016,2025-11-30 15:11:39.978272,58,50000,"-18.9495865,-84.299968"
3GCUKREC0FG893480,Chevrolet,2025,2025-11-30 02:06:48.579797,70,3927,"50.4319485,104.153192"
F654J5DV77JS46566,Ford,2024,2025-11-30 14:32:22.124245,105,19624,"-56.463194,-77.880109"
F654J5DV77JS98654,Ford,2023,2025-11-30 08:55:15.553501,62,22110,"-74.4498885,-51.890675"
6FDUF4GY1JSC12345,Scania,2016,2025-11-29 22:36:46.130112,86,50000,"89.913610,68.527309"
1V2NC9JX5JC962225,Volvo,2022,2025-11-30 19:21:13.824466,86,11058,"44.3348625,-103.852584"
1V2NC9JX5JC962225,Volvo,2022,2025-11-30 12:06:44.798871,17,11055,"70.579419,-94.694040"
WDBUF56X98B123456,Mercedes-Benz,2017,2025-11-29 21:40:50.138812,101,40007,"-13.575434,24.622905"
1VWAP7A30JC123456,Volkswagen,2021,2025-11-29 22:31:45.287400,99,20009,"-85.867105,-54.026398"
3GCUKREC0FG123456,Chevrolet,2024,2025-11-30 07:08:18.140805,45,4008,"-69.8957305,159.919488"
1V2NC9JX5JC123456,Volvo,2022,2025-11-30 07:02:45.358610,0,13560,"54.644404,14.182600"
F654J5DV77JS98654,Ford,2023,2025-11-30 12:58:25.879777,30,22115,"-6.8397615,138.887726"
1V2NC9JX5JC123456,Volvo,2022,2025-11-30 05:46:28.942963,81,13565,"-37.0738175,-75.525319"
WDBUF56X98B123456,Mercedes-Benz,2017,2025-11-30 00:44:55.975276,53,40009,"-40.749379,-10.711888"
6FDUF4GY1JSC12345,Scania,2016,2025-11-30 18:58:18.391610,50,50008,"-88.925596,16.947900"
1XKAD49X7JJ123456,Kenworth,2015,2025-11-30 10:15:07.540741,17,60001,"86.446900,-52.478427"
F654J5DV77JS46566,Ford,2024,2025-11-30 09:30:00.114913,87,19621,"-9.825695,-68.967425"
3GCUKREC0FG123456,Chevrolet,2024,2025-11-30 11:53:29.241859,15,3999,"-0.1895225,19.007680"
F654J5DV77JS46566,Ford,2024,2025-11-30 00:21:05.985636,71,19619,"80.2312475,-115.553893"
3AKJGLD54JSC12345,Freightliner,2022,2025-11-30 04:57:21.547395,29,10000,"19.3278965,-61.001322"
WDBUF56X98B123456,Mercedes-Benz,2017,2025-11-30 12:39:13.846618,56,40009,"17.0414035,-63.271133"
1XKAD49X7JJ123456,Kenworth,2015,2025-11-30 18:28:16.879685,77,60004,"-14.6411785,156.017747"
1VWAP7A30JC123456,Volkswagen,2021,2025-11-30 05:35:59.920186,76,20007,"-63.7424675,29.030452"
6FDUF4GY1JSC12345,Scania,2016,2025-11-30 18:28:52.801300,24,50010,"-31.8302545,105.255145"
6FDUF4GY1JSC12345,Scania,2016,2025-11-30 13:10:29.210146,86,50007,"-54.6187575,49.681057"
LZB12345678901234,FAW,2023,2025-11-30 04:35:08.315562,38,8000,"-83.2990225,98.066407"
F654J5DV77JS46566,Ford,2024,2025-11-30 17:50:58.748193,36,19623,"-15.4826645,145.620297"
LZB12345678901234,FAW,2023,2025-11-30 00:08:21.595966,86,8000,"59.521037,-109.869480"
6FDUF4GY1JSC12345,Scania,2016,2025-11-30 05:11:19.261491,19,50007,"-72.652795,57.388639"
1XKAD49X7JJ123456,Kenworth,2015,2025-11-29 21:31:59.320896,86,60010,"17.610069,-78.043095"
F654J5DV77JS98654,Ford,2023,2025-11-29 22:00:08.009051,23,22108,"24.433060,126.544928"
1VWAP7A30JC123456,Volkswagen,2021,2025-11-30 05:56:52.481066,47,20006,"8.5293235,-165.357180"
3GCUKREC0FG893480,Chevrolet,2025,2025-11-30 14:01:51.805640,87,3934,"47.983618,50.111869"
1V2NC9JX5JC962225,Volvo,2022,2025-11-30 12:33:12.226296,27,11053,"85.3162255,-177.808388"
WDBUF56X98B123456,Mercedes-Benz,2017,2025-11-30 17:39:53.143864,19,40003,"-73.829298,139.910162"
1V2NC9JX5JC123456,Volvo,2022,2025-11-30 20:39:42.363346,108,13563,"-89.069587,16.692565"
F654J5DV77JS98654,Ford,2023,2025-11-29 21:23:34.175006,44,22113,"-79.6577935,3.677261"
1VWAP7A30JC123456,Volkswagen,2021,2025-11-29 23:05:26.925032,18,20002,"-65.8325795,-68.317309"
3GCUKREC0FG123456,Chevrolet,2024,2025-11-30 13:14:34.110126,69,4007,"-83.897970,97.318795"
1V2NC9JX5JC123456,Volvo,2022,2025-11-30 16:33:48.475168,115,13565,"-36.586510,-47.176565"
F654J5DV77JS46566,Ford,2024,2025-11-30 04:46:39.530227,26,19615,"1.428113,-87.926117"
1V2NC9JX5JC962225,Volvo,2022,2025-11-30 09:33:39.728046,65,11060,"9.0748885,159.303533"
1V2NC9JX5JC962225,Volvo,2022,2025-11-29 21:38:44.158674,59,11052,"53.3901455,145.932705"
LZB12345678901234,FAW,2023,2025-11-30 15:52:09.742334,47,8004,"-5.7861735,-150.649099"
3GCUKREC0FG893480,Chevrolet,2025,2025-11-30 09:51:17.926560,64,3930,"-15.089709,167.253330"
3GCUKREC0FG123456,Chevrolet,2024,2025-11-30 11:21:49.534917,47,3999,"75.7741265,-53.494655"
LZB12345678901234,FAW,2023,2025-11-30 15:01:17.621184,28,8000,"-64.7948125,83.479659"
F654J5DV77JS46566,Ford,2024,2025-11-30 15:25:46.737836,10,19625,"28.2261685,141.856731"
WDBUF56X98B123456,Mercedes-Benz,2017,2025-11-30 14:07:35.400973,86,40007,"3.2609565,21.921596"
6FDUF4GY1JSC12345,Scania,2016,2025-11-30 13:29:25.538430,23,50005,"79.796671,6.426426"
3GCUKREC0FG893480,Chevrolet,2025,2025-11-30 11:46:04.624002,111,3935,"45.0500215,79.679160"
1VWAP7A30JC123456,Volkswagen,2021,2025-11-30 15:29:07.985776,72,20004,"71.2807325,10.568625"
F654J5DV77JS98654,Ford,2023,2025-11-30 14:58:51.015073,77,22109,"71.149448,10.911979"
F654J5DV77JS46566,Ford,2024,2025-11-30 05:50:28.954181,96,19619,"-82.837875,32.805224"
1VWAP7A30JC123456,Volkswagen,2021,2025-11-29 21:00:54.124325,25,20001,"47.066204,-114.870572"
1VWAP7A30JC123456,Volkswagen,2021,2025-11-30 07:21:13.477611,16,20009,"63.140847,-120.847298"
WDBUF56X98B123456,Mercedes-Benz,2017,2025-11-30 05:11:07.460400,63,40000,"-71.0842655,-26.672969"
6FDUF4GY1JSC12345,Scania,2016,2025-11-30 12:15:31.485540,106,50004,"-13.3662685,-32.769722"
WDBUF56X98B123456,Mercedes-Benz,2017,2025-11-30 15:37:37.492301,98,40002,"-78.008192,-82.907695"
6FDUF4GY1JSC12345,Scania,2016,2025-11-30 13:05:01.511981,71,50008,"-73.1604085,40.826728"
1V2NC9JX5JC123456,Volvo,2022,2025-11-30 05:00:43.738406,78,13570,"-37.278007,-110.250306"
1V2NC9JX5JC962225,Volvo,2022,2025-11-30 05:18:53.688048,78,11052,"-58.822241,-99.319926"
1VWAP7A30JC123456,Volkswagen,2021,2025-11-30 05:51:17.240727,96,20009,"33.188746,81.273118"
1XKAD49X7JJ123456,Kenworth,2015,2025-11-30 08:38:49.553297,69,60006,"67.389404,109.504916"
3GCUKREC0FG123456,Chevrolet,2024,2025-11-30 05:53:40.284716,120,4004,"24.122364,116.381091"
3AKJGLD54JSC12345,Freightliner,2022,2025-11-30 12:25:24.006231,29,10005,"45.6581895,-15.678346"
LZB12345678901234,FAW,2023,2025-11-30 03:38:02.522933,64,8004,"-48.426318,92.472115"
3AKJGLD54JSC12345,Freightliner,2022,2025-11-30 03:02:55.003171,112,10008,"43.860701,-36.863742"
3AKJGLD54JSC12345,Freightliner,2022,2025-11-30 04:09:05.320643,51,10008,"-51.9808595,27.706306"
3GCUKREC0FG123456,Chevrolet,2024,2025-11-30 16:55:26.410214,97,4001,"-72.152456,69.694482"
F654J5DV77JS46566,Ford,2024,2025-11-30 20:31:56.635015,84,19619,"-83.222946,11.810428"
1XKAD49X7JJ123456,Kenworth,2015,2025-11-30 02:18:52.251341,37,60000,"29.2155575,-97.915386"
1VWAP7A30JC123456,Volkswagen,2021,2025-11-30 05:41:36.019586,108,20003,"3.591987,149.364940"
3GCUKREC0FG893480,Chevrolet,2025,2025-11-30 01:42:12.438393,5,3928,"-51.2457595,-15.284647"
F654J5DV77JS98654,Ford,2023,2025-11-30 08:59:42.499359,59,22112,"-20.4497535,-98.980532"
LZB12345678901234,FAW,2023,2025-11-29 23:58:32.098178,65,8003,"-69.6821175,-122.068533"
F654J5DV77JS98654,Ford,2023,2025-11-30 15:10:20.351896,27,22106,"86.373500,-159.935352"
WDBUF56X98B123456,Mercedes-Benz,2017,2025-11-30 03:10:07.539042,17,40003,"49.239256,20.316113"
3GCUKREC0FG893480,Chevrolet,2025,2025-11-30 05:48:41.465831,94,3929,"28.116346,163.353704"
3GCUKREC0FG893480,Chevrolet,2025,2025-11-30 05:43:17.036828,107,3932,"-31.2006235,39.816668"
3GCUKREC0FG123456,Chevrolet,2024,2025-11-30 06:30:28.520281,28,4006,"75.0369515,-12.440654"
1V2NC9JX5JC123456,Volvo,2022,2025-11-30 18:14:13.854612,27,13562,"-23.565219,-96.616395"
3AKJGLD54JSC12345,Freightliner,2022,2025-11-30 08:16:20.314309,104,10000,"74.425023,-81.662485"
3AKJGLD54JSC12345,Freightliner,2022,2025-11-30 20:48:11.435569,77,10005,"38.943005,91.223319"
WDBUF56X98B123456,Mercedes-Benz,2017,2025-11-30 19:05:21.488001,43,40005,"-70.764084,1.816426"
3GCUKREC0FG893480,Chevrolet,2025,2025-11-30 01:32:25.120349,3,3925,"-3.2214115,53.162628"
3AKJGLD54JSC12345,Freightliner,2022,2025-11-30 03:10:19.141720,68,10004,"75.317590,-162.024158"
1V2NC9JX5JC962225,Volvo,2022,2025-11-29 22:11:18.732861,19,11055,"-6.5659415,176.890386"
3GCUKREC0FG123456,Chevrolet,2024,2025-11-29 23:52:47.597693,21,4004,"68.0940885,107.945914"
6FDUF4GY1JSC12345,Scania,2016,2025-11-30 13:07:32.862506,104,50009,"17.0487155,-169.129381"
LZB12345678901234,FAW,2023,2025-11-30 03:03:12.540642,70,8008,"33.082349,-132.583139"
3GCUKREC0FG123456,Chevrolet,2024,2025-11-30 04:07:55.240245,98,4002,"3.9494935,-96.193867"
1V2NC9JX5JC962225,Volvo,2022,2025-11-29 21:42:40.152108,104,11053,"-76.968322,91.505288"
3GCUKREC0FG893480,Chevrolet,2025,2025-11-30 05:59:10.689486,47,3928,"-54.1701235,126.825885"
1V2NC9JX5JC962225,Volvo,2022,2025-11-30 17:27:26.294978,103,11059,"-22.4838755,-156.640506"
WDBUF56X98B123456,Mercedes-Benz,2017,2025-11-30 16:00:35.123191,52,40002,"-10.253686,-28.927635"
F654J5DV77JS98654,Ford,2023,2025-11-30 17:22:02.538806,50,22115,"-34.573838,-155.035009"
1V2NC9JX5JC123456,Volvo,2022,2025-11-30 11:22:55.028426,95,13567,"70.5324125,88.513225"
1VWAP7A30JC123456,Volkswagen,2021,2025-11-30 04:31:11.660487,27,20002,"-6.0846555,121.482438"
LZB12345678901234,FAW,2023,2025-11-30 00:35:24.938016,32,8005,"-44.0458505,-132.915110"
6FDUF4GY1JSC12345,Scania,2016,2025-11-30 12:21:26.324751,64,50002,"0.8170025,-57.022907"
6FDUF4GY1JSC12345,Scania,2016,2025-11-30 19:32:08.749156,118,50000,"-70.972892,66.313280"
6FDUF4GY1JSC12345,Scania,2016,2025-11-30 17:24:33.117299,37,50004,"12.1645235,112.735006"
6FDUF4GY1JSC12345,Scania,2016,2025-11-30 16:06:58.626887,10,50001,"35.9337575,-11.523837"
1V2NC9JX5JC962225,Volvo,2022,2025-11-30 16:42:44.686706,35,11054,"-13.246492,150.045418"
1V2NC9JX5JC123456,Volvo,2022,2025-11-30 00:45:52.216269,118,13569,"74.8263825,-2.826384"
1XKAD49X7JJ123456,Kenworth,2015,2025-11-30 17:11:46.140882,16,60001,"-73.1281615,25.511247"
3AKJGLD54JSC12345,Freightliner,2022,2025-11-30 05:35:34.971296,9,10006,"51.9758945,-174.061837"
6FDUF4GY1JSC12345,Scania,2016,2025-11-30 19:25:19.397895,93,50001,"52.9421235,-40.704494"
1V2NC9JX5JC123456,Volvo,2022,2025-11-30 14:05:08.393472,33,13566,"56.7739715,171.303736"
F654J5DV77JS98654,Ford,2023,2025-11-30 01:52:07.608742,34,22114,"27.829570,-18.960929"
F654J5DV77JS98654,Ford,2023,2025-11-30 07:09:46.403972,57,22111,"-11.2155725,-57.817221"
F654J5DV77JS98654,Ford,2023,2025-11-30 18:55:57.342858,108,22114,"-65.3357595,-142.449731"
1XKAD49X7JJ123456,Kenworth,2015,2025-11-30 07:46:35.378518,67,60009,"18.2746615,-158.796732"
1V2NC9JX5JC962225,Volvo,2022,2025-11-30 05:45:48.098065,72,11056,"64.4479365,-27.160977"
F654J5DV77JS46566,Ford,2024,2025-11-30 17:49:09.316117,57,19621,"-74.5789565,45.689188"
3GCUKREC0FG123456,Chevrolet,2024,2025-11-30 03:28:32.385104,120,4009,"-51.399510,4.854667"
6FDUF4GY1JSC12345,Scania,2016,2025-11-30 02:26:25.312797,83,50008,"-13.1952445,46.696924"
F654J5DV77JS46566,Ford,2024,2025-11-30 13:14:32.260069,100,19625,"-84.0356285,-77.833239"
1VWAP7A30JC123456,Volkswagen,2021,2025-11-30 11:22:33.814652,1,20004,"-64.483567,37.378880"
1XKAD49X7JJ123456,Kenworth,2015,2025-11-29 22:41:22.363181,65,60005,"-53.180553,-28.840566"
WDBUF56X98B123456,Mercedes-Benz,2017,2025-11-30 03:41:41.888892,4,40003,"86.106171,156.254814"
3GCUKREC0FG893480,Chevrolet,2025,2025-11-29 23:45:13.225016,99,3927,"75.8510435,19.664678"
1XKAD49X7JJ123456,Kenworth,2015,2025-11-30 19:44:25.000267,29,60000,"-42.922943,-134.277070"
1V2NC9JX5JC123456,Volvo,2022,2025-11-30 01:14:53.633627,28,13562,"9.4470315,81.939953"
1XKAD49X7JJ123456,Kenworth,2015,2025-11-29 23:07:48.957248,114,60009,"-47.1293525,74.213050"
1VWAP7A30JC123456,Volkswagen,2021,2025-11-30 01:55:03.418101,68,20005,"35.5060945,-124.661979"
F654J5DV77JS46566,Ford,2024,2025-11-30 10:21:14.612353,20,19620,"-14.9127665,-62.796072"
3GCUKREC0FG893480,Chevrolet,2025,2025-11-30 05:30:37.929340,40,3935,"-16.2482355,-117.877121"
F654J5DV77JS46566,Ford,2024,2025-11-30 16:55:06.185438,79,19622,"49.0515195,54.364018"
3GCUKREC0FG893480,Chevrolet,2025,2025-11-30 06:44:55.450529,38,3928,"-60.160399,-9.957114"
3GCUKREC0FG893480,Chevrolet,2025,2025-11-30 00:01:07.199095,89,3929,"71.509523,146.382257"
3GCUKREC0FG893480,Chevrolet,2025,2025-11-30 01:11:19.619253,18,3932,"-61.694256,-43.281667"
F654J5DV77JS98654,Ford,2023,2025-11-30 13:32:59.069171,26,22113,"88.465040,86.638563"
3AKJGLD54JSC12345,Freightliner,2022,2025-11-30 08:39:42.634774,50,10010,"12.412641,163.050239"
3GCUKREC0FG893480,Chevrolet,2025,2025-11-30 00:16:39.894635,13,3932,"51.669966,-20.156219"
3GCUKREC0FG893480,Chevrolet,2025,2025-11-30 12:12:57.016344,7,3927,"-19.510917,116.517173"
F654J5DV77JS98654,Ford,2023,2025-11-30 02:27:05.221486,72,22107,"-81.807088,-8.463007"
F654J5DV77JS46566,Ford,2024,2025-11-30 01:39:48.537714,43,19616,"5.7183855,-88.821437"
1V2NC9JX5JC962225,Volvo,2022,2025-11-30 04:08:39.627627,6,11057,"-27.4721275,-74.930832"
1V2NC9JX5JC123456,Volvo,2022,2025-11-30 18:57:08.018511,50,13567,"-39.839700,141.199475"
3AKJGLD54JSC12345,Freightliner,2022,2025-11-30 17:18:53.348072,34,10007,"6.5180685,-86.834801"
F654J5DV77JS46566,Ford,2024,2025-11-30 20:30:42.782690,66,19622,"65.330300,149.846013"
F654J5DV77JS98654,Ford,2023,2025-11-29 23:32:26.685189,60,22112,"-26.719341,79.153538"
1VWAP7A30JC123456,Volkswagen,2021,2025-11-30 16:34:30.756327,12,20002,"-14.787591,173.297581"
3AKJGLD54JSC12345,Freightliner,2022,2025-11-29 21:49:59.279454,19,10003,"-1.2402815,153.604676"
WDBUF56X98B123456,Mercedes-Benz,2017,2025-11-30 10:07:50.528691,11,40003,"43.1021055,-35.527576"
1V2NC9JX5JC962225,Volvo,2022,2025-11-30 07:11:27.688452,67,11055,"6.735007,82.460755"
F654J5DV77JS98654,Ford,2023,2025-11-30 15:02:30.694359,71,22110,"17.079251,166.970408"
3GCUKREC0FG893480,Chevrolet,2025,2025-11-30 18:31:46.287771,60,3931,"-21.302104,-4.925187"
3GCUKREC0FG893480,Chevrolet,2025,2025-11-30 20:09:57.647818,88,3933,"-69.3373925,58.615979"
1VWAP7A30JC123456,Volkswagen,2021,2025-11-29 21:50:13.398470,43,20006,"71.083022,-154.278425"
6FDUF4GY1JSC12345,Scania,2016,2025-11-30 02:07:33.247302,93,50009,"18.4092075,-137.463923"
1V2NC9JX5JC123456,Volvo,2022,2025-11-29 21:00:51.382894,63,13565,"-13.824084,-115.689525"
LZB12345678901234,FAW,2023,2025-11-29 23:24:30.699283,97,8010,"-52.3647885,-47.466896"
1V2NC9JX5JC123456,Volvo,2022,2025-11-30 15:24:36.739388,114,13570,"63.390771,43.212453"
WDBUF56X98B123456,Mercedes-Benz,2017,2025-11-30 19:19:23.590805,60,40002,"76.165911,42.707406"
1VWAP7A30JC123456,Volkswagen,2021,2025-11-30 06:44:20.904516,67,20007,"34.466129,148.505557"
3AKJGLD54JSC12345,Freightliner,2022,2025-11-30 01:33:02.653401,41,10009,"15.2499365,-144.579176"
6FDUF4GY1JSC12345,Scania,2016,2025-11-30 13:09:24.845428,18,50008,"29.2452195,-178.556153"
F654J5DV77JS98654,Ford,2023,2025-11-30 03:42:24.249151,36,22112,"39.606040,85.113353"
3AKJGLD54JSC12345,Freightliner,2022,2025-11-29 21:25:45.311599,103,10001,"75.105180,-89.648437"
1V2NC9JX5JC962225,Volvo,2022,2025-11-30 15:57:08.032076,24,11055,"-45.6532815,-77.612669"
1V2NC9JX5JC123456,Volvo,2022,2025-11-30 07:15:45.618162,55,13569,"-72.214216,-146.772762"
1V2NC9JX5JC123456,Volvo,2022,2025-11-30 11:45:10.654348,57,13567,"-6.230816,-73.081762"
LZB12345678901234,FAW,2023,2025-11-30 12:54:39.322520,8,8003,"-82.0964485,171.080999"
LZB12345678901234,FAW,2023,2025-11-30 03:19:06.428360,77,8002,"75.1803555,113.559834"
F654J5DV77JS98654,Ford,2023,2025-11-30 19:41:59.962116,69,22110,"-20.2932045,13.301412"
3GCUKREC0FG893480,Chevrolet,2025,2025-11-29 21:45:59.126572,63,3934,"88.5349805,109.124217"
3AKJGLD54JSC12345,Freightliner,2022,2025-11-30 03:49:01.216636,118,10008,"-83.0885725,-7.880191"
1V2NC9JX5JC123456,Volvo,2022,2025-11-30 06:10:31.918975,0,13568,"71.524304,-177.647715"
F654J5DV77JS46566,Ford,2024,2025-11-30 12:14:01.538376,43,19619,"72.750097,-66.628620"
1V2NC9JX5JC962225,Volvo,2022,2025-11-30 08:37:26.584831,111,11056,"-84.6786515,117.195909"
F654J5DV77JS46566,Ford,2024,2025-11-30 01:27:53.715778,105,19620,"58.784833,20.448049"
WDBUF56X98B123456,Mercedes-Benz,2017,2025-11-30 17:47:42.404979,5,40006,"43.734083,-117.774287"
3AKJGLD54JSC12345,Freightliner,2022,2025-11-30 08:54:36.818672,111,10005,"89.612650,142.725389"
3GCUKREC0FG893480,Chevrolet,2025,2025-11-29 21:39:13.338787,106,3933,"-44.4998695,-48.044247"
F654J5DV77JS46566,Ford,2024,2025-11-30 06:48:07.965818,1,19621,"-77.3653425,76.118332"
F654J5DV77JS98654,Ford,2023,2025-11-30 06:01:32.093561,68,22108,"-40.444978,111.753011"
F654J5DV77JS98654,Ford,2023,2025-11-30 01:26:14.627888,21,22113,"88.539285,116.991757"
LZB12345678901234,FAW,2023,2025-11-30 08:55:08.238420,77,8006,"12.0741225,-10.245807"
1V2NC9JX5JC123456,Volvo,2022,2025-11-29 21:36:48.317116,78,13569,"-37.700173,137.609936"
WDBUF56X98B123456,Mercedes-Benz,2017,2025-11-30 17:05:57.247718,12,40001,"-22.6393575,66.232435"
1V2NC9JX5JC962225,Volvo,2022,2025-11-29 23:51:04.569574,31,11053,"-66.387599,161.239127"
1V2NC9JX5JC123456,Volvo,2022,2025-11-29 21:09:17.136483,56,13564,"60.8183875,-72.856732"
3GCUKREC0FG893480,Chevrolet,2025,2025-11-30 04:47:30.799502,80,3931,"-2.2284005,-22.921034"
3GCUKREC0FG893480,Chevrolet,2025,2025-11-30 15:22:15.523605,78,3935,"-68.384528,38.033353"
F654J5DV77JS46566,Ford,2024,2025-11-30 09:50:10.577827,46,19618,"-18.856542,16.645268"
3GCUKREC0FG893480,Chevrolet,2025,2025-11-30 00:33:51.881905,44,3927,"58.4153175,-45.798753"
1V2NC9JX5JC123456,Volvo,2022,2025-11-30 00:04:50.604389,84,13566,"-5.6131145,-132.859649"
3GCUKREC0FG893480,Chevrolet,2025,2025-11-30 12:17:18.585624,61,3934,"-50.5800215,93.822764"
1V2NC9JX5JC962225,Volvo,2022,2025-11-30 15:55:13.251847,46,11050,"-18.413301,-10.925601"
WDBUF56X98B123456,Mercedes-Benz,2017,2025-11-29 23:32:49.906246,97,40004,"39.1983495,-126.670229"
WDBUF56X98B123456,Mercedes-Benz,2017,2025-11-30 18:51:16.632938,49,40007,"5.490281,-95.666850"
F654J5DV77JS98654,Ford,2023,2025-11-30 06:24:50.826311,51,22116,"58.7971425,153.305722"
F654J5DV77JS98654,Ford,2023,2025-11-30 05:36:24.344549,26,22116,"56.7080175,41.429301"
F654J5DV77JS46566,Ford,2024,2025-11-30 03:08:55.218179,79,19616,"61.7970045,34.405842"
F654J5DV77JS46566,Ford,2024,2025-11-30 11:33:06.344134,66,19624,"42.1781055,-76.212751"
3AKJGLD54JSC12345,Freightliner,2022,2025-11-30 03:57:56.035911,81,10003,"-38.0648755,118.090468"
F654J5DV77JS46566,Ford,2024,2025-11-30 12:46:12.667885,63,19615,"-13.306443,61.169487"
F654J5DV77JS98654,Ford,2023,2025-11-30 02:30:27.065688,55,22116,"63.4412565,-31.296466"
3AKJGLD54JSC12345,Freightliner,2022,2025-11-30 12:49:43.989404,95,10008,"-3.0982315,23.373609"
F654J5DV77JS98654,Ford,2023,2025-11-30 08:56:41.496466,67,22113,"28.6781505,-107.385463"
LZB12345678901234,FAW,2023,2025-11-30 14:00:42.005673,101,8003,"-42.772653,-171.288748"
3GCUKREC0FG123456,Chevrolet,2024,2025-11-30 07:51:49.076865,48,3999,"-83.875290,53.083900"
1VWAP7A30JC123456,Volkswagen,2021,2025-11-30 09:34:49.904511,97,20006,"-85.6167895,62.971335"
3AKJGLD54JSC12345,Freightliner,2022,2025-11-30 10:03:13.338139,117,10002,"66.569287,61.404241"
1XKAD49X7JJ123456,Kenworth,2015,2025-11-29 22:08:47.527373,114,60000,"11.143201,-122.727533"
1XKAD49X7JJ123456,Kenworth,2015,2025-11-30 10:43:11.284893,12,60001,"-51.309229,135.469823"
3GCUKREC0FG123456,Chevrolet,2024,2025-11-30 00:08:28.486355,96,4007,"42.4493385,23.711476"
1VWAP7A30JC123456,Volkswagen,2021,2025-11-29 23:42:36.900412,64,20010,"87.3318305,121.069736"
1VWAP7A30JC123456,Volkswagen,2021,2025-11-30 14:19:23.030560,13,20009,"-27.0738025,-26.118845"
1XKAD49X7JJ123456,Kenworth,2015,2025-11-30 01:50:53.751721,115,60010,"40.390320,-3.472297"
1XKAD49X7JJ123456,Kenworth,2015,2025-11-30 17:03:56.330741,22,60004,"69.950923,83.551507"
1V2NC9JX5JC962225,Volvo,2022,2025-11-30 15:45:44.764020,86,11057,"-85.1165165,141.847122"
1V2NC9JX5JC123456,Volvo,2022,2025-11-30 02:15:39.316649,11,13570,"80.6681535,121.442343"
1V2NC9JX5JC962225,Volvo,2022,2025-11-30 02:45:40.866628,65,11052,"-65.733636,-129.223663"
6FDUF4GY1JSC12345,Scania,2016,2025-11-30 08:47:34.296609,97,50004,"-52.0161805,-167.305678"
3GCUKREC0FG123456,Chevrolet,2024,2025-11-29 21:37:09.076557,12,4001,"-57.0967385,-40.114654"
3GCUKREC0FG893480,Chevrolet,2025,2025-11-30 20:10:51.805347,66,3933,"74.853342,-10.670179"
1V2NC9JX5JC962225,Volvo,2022,2025-11-30 18:14:02.328859,101,11050,"-12.697866,-130.497661"
1VWAP7A30JC123456,Volkswagen,2021,2025-11-30 17:40:55.268024,71,20005,"4.430942,-46.678877"
F654J5DV77JS98654,Ford,2023,2025-11-30 14:18:19.411952,8,22106,"53.131061,65.631867"
WDBUF56X98B123456,Mercedes-Benz,2017,2025-11-30 00:59:29.647594,76,40008,"-88.3718295,4.435323"
1V2NC9JX5JC123456,Volvo,2022,2025-11-30 03:14:34.838505,42,13564,"-3.595832,-111.993403"
F654J5DV77JS98654,Ford,2023,2025-11-30 11:01:35.692151,39,22112,"-2.0447625,5.109695"
1XKAD49X7JJ123456,Kenworth,2015,2025-11-30 07:25:14.960726,7,60000,"3.171802,-31.884062"
LZB12345678901234,FAW,2023,2025-11-29 22:10:08.655713,13,8003,"-16.2954465,-29.690581"
6FDUF4GY1JSC12345,Scania,2016,2025-11-30 17:50:52.633225,34,50002,"64.261711,-159.407128"
LZB12345678901234,FAW,2023,2025-11-30 04:01:32.925225,16,8008,"-13.240650,35.322323"
3GCUKREC0FG123456,Chevrolet,2024,2025-11-30 07:48:55.039554,80,3999,"-20.540217,82.867739"
1VWAP7A30JC123456,Volkswagen,2021,2025-11-30 15:36:38.864883,5,20003,"9.2064125,86.263839"
F654J5DV77JS98654,Ford,2023,2025-11-29 23:33:49.117555,17,22115,"13.096789,-34.539791"
1V2NC9JX5JC962225,Volvo,2022,2025-11-30 16:06:52.790725,62,11054,"-58.136027,166.301383"
1V2NC9JX5JC123456,Volvo,2022,2025-11-30 14:44:14.069410,31,13568,"72.0760295,155.707170"
3AKJGLD54JSC12345,Freightliner,2022,2025-11-29 23:49:24.075818,83,10007,"15.8849285,-155.154402"
1VWAP7A30JC123456,Volkswagen,2021,2025-11-30 17:35:13.836543,8,20006,"-53.375098,-30.060864"
3GCUKREC0FG893480,Chevrolet,2025,2025-11-30 03:16:49.555515,102,3935,"73.7272445,-158.097226"
6FDUF4GY1JSC12345,Scania,2016,2025-11-29 21:22:14.815345,81,50005,"-40.5691485,73.888837"
6FDUF4GY1JSC12345,Scania,2016,2025-11-30 00:35:29.634697,5,50009,"5.0506005,-14.501027"
3GCUKREC0FG123456,Chevrolet,2024,2025-11-30 18:29:57.221600,63,4008,"-63.0707715,80.729890"
3GCUKREC0FG893480,Chevrolet,2025,2025-11-30 01:06:19.810368,37,3932,"-3.1919585,-163.244346"
1V2NC9JX5JC123456,Volvo,2022,2025-11-30 09:25:14.505638,8,13566,"-51.3544525,-27.033749"
1VWAP7A30JC123456,Volkswagen,2021,2025-11-30 06:39:33.961419,28,20007,"32.1673165,161.756926"
1VWAP7A30JC123456,Volkswagen,2021,2025-11-30 20:39:59.742486,116,20007,"-65.4897195,-151.360625"
1XKAD49X7JJ123456,Kenworth,2015,2025-11-30 11:02:42.405385,97,60000,"31.6905145,-83.681437"
1V2NC9JX5JC962225,Volvo,2022,2025-11-30 14:41:52.007837,54,11053,"7.548914,-111.030106"
3GCUKREC0FG123456,Chevrolet,2024,2025-11-29 23:26:47.818892,13,4005,"10.0165755,41.964096"
3GCUKREC0FG893480,Chevrolet,2025,2025-11-30 12:36:27.343668,87,3933,"26.322346,102.710052"
3GCUKREC0FG893480,Chevrolet,2025,2025-11-30 10:57:43.583079,101,3928,"4.695073,-66.898605"
1VWAP7A30JC123456,Volkswagen,2021,2025-11-30 20:15:38.345256,48,20006,"36.423564,-9.881187"
1VWAP7A30JC123456,Volkswagen,2021,2025-11-30 06:04:31.294040,35,20005,"58.737383,-125.540861"
6FDUF4GY1JSC12345,Scania,2016,2025-11-30 15:05:12.416185,81,50006,"76.967038,83.762949"
LZB12345678901234,FAW,2023,2025-11-30 17:48:33.384515,51,8004,"-41.3235905,-82.821995"
WDBUF56X98B123456,Mercedes-Benz,2017,2025-11-29 21:35:39.527845,66,40004,"-35.429302,-81.863053"
3GCUKREC0FG893480,Chevrolet,2025,2025-11-30 18:44:27.316462,95,3926,"-69.3035155,-49.846411"
1VWAP7A30JC123456,Volkswagen,2021,2025-11-30 13:29:43.889827,6,20005,"5.5133625,75.523134"
1XKAD49X7JJ123456,Kenworth,2015,2025-11-30 05:13:00.190686,41,60002,"-71.8792675,-53.771809"
F654J5DV77JS46566,Ford,2024,2025-11-30 13:44:58.981333,75,19619,"4.639282,-51.647383"
3AKJGLD54JSC12345,Freightliner,2022,2025-11-30 17:44:58.200678,74,10008,"45.5742475,-62.306948"
F654J5DV77JS98654,Ford,2023,2025-11-30 17:43:07.850864,83,22115,"-35.404357,-126.696080"
F654J5DV77JS46566,Ford,2024,2025-11-30 01:48:44.916535,89,19622,"-59.120347,-35.642489"
3AKJGLD54JSC12345,Freightliner,2022,2025-11-30 18:48:01.166984,63,10006,"56.340487,76.659023"
3AKJGLD54JSC12345,Freightliner,2022,2025-11-30 06:43:16.684517,91,10004,"-27.007001,31.510660"
1V2NC9JX5JC962225,Volvo,2022,2025-11-29 21:23:04.432118,120,11055,"-51.219856,82.196506"
1VWAP7A30JC123456,Volkswagen,2021,2025-11-30 04:20:29.009264,45,20009,"30.0595915,159.111479"
LZB12345678901234,FAW,2023,2025-11-30 17:21:31.943265,99,8009,"28.9505915,-147.013873"
1XKAD49X7JJ123456,Kenworth,2015,2025-11-30 02:19:46.913704,111,60009,"80.289168,13.330205"
F654J5DV77JS98654,Ford,2023,2025-11-30 15:59:21.053411,89,22112,"-80.766723,96.958019"
WDBUF56X98B123456,Mercedes-Benz,2017,2025-11-30 14:17:19.421283,24,40003,"46.225312,-11.143049"
3GCUKREC0FG893480,Chevrolet,2025,2025-11-30 02:20:28.780416,13,3932,"10.506465,-84.737934"
LZB12345678901234,FAW,2023,2025-11-30 09:58:44.087642,78,8005,"-72.6771805,173.377727"
LZB12345678901234,FAW,2023,2025-11-30 00:24:19.745322,10,8002,"-23.752328,-153.747264"
3GCUKREC0FG123456,Chevrolet,2024,2025-11-30 06:40:20.264305,85,4000,"-48.455861,89.669494"
1VWAP7A30JC123456,Volkswagen,2021,2025-11-30 02:57:39.050036,32,20000,"-45.737817,13.211381"
F654J5DV77JS46566,Ford,2024,2025-11-30 07:53:13.858328,85,19619,"-69.920075,-27.049876"
1VWAP7A30JC123456,Volkswagen,2021,2025-11-29 21:44:56.748792,23,20008,"-19.0799455,139.891004"
LZB12345678901234,FAW,2023,2025-11-30 14:39:04.210378,71,8009,"52.4247315,119.092880"
F654J5DV77JS98654,Ford,2023,2025-11-30 07:23:02.936207,8,22111,"72.979144,179.107941"
F654J5DV77JS98654,Ford,2023,2025-11-30 05:31:57.045386,47,22115,"4.037612,122.044399"
F654J5DV77JS46566,Ford,2024,2025-11-29 22:28:41.013733,81,19623,"13.2316225,-60.350676"
F654J5DV77JS98654,Ford,2023,2025-11-30 09:00:28.879083,51,22115,"43.971478,-139.220405"
3GCUKREC0FG123456,Chevrolet,2024,2025-11-29 22:25:57.786355,50,4009,"21.882248,-138.672576"
3GCUKREC0FG893480,Chevrolet,2025,2025-11-30 09:43:06.820585,76,3931,"71.5959955,-115.106792"
1V2NC9JX5JC123456,Volvo,2022,2025-11-30 12:29:49.476912,93,13563,"15.966876,-133.518040"
LZB12345678901234,FAW,2023,2025-11-30 04:14:52.436174,71,8000,"19.551163,50.555585"
3AKJGLD54JSC12345,Freightliner,2022,2025-11-30 08:49:49.170289,72,10010,"16.0033055,76.547872"
6FDUF4GY1JSC12345,Scania,2016,2025-11-30 18:43:35.720165,28,50010,"-9.1237145,165.662858"
3AKJGLD54JSC12345,Freightliner,2022,2025-11-30 04:16:02.520366,117,10003,"-76.8513235,74.523526"
1XKAD49X7JJ123456,Kenworth,2015,2025-11-30 18:29:44.559314,58,60000,"63.816581,143.114306"
3GCUKREC0FG893480,Chevrolet,2025,2025-11-30 13:50:20.011742,75,3929,"-3.1134835,-141.572661"
F654J5DV77JS46566,Ford,2024,2025-11-30 00:09:20.882236,60,19619,"86.0228935,-55.286856"
1V2NC9JX5JC962225,Volvo,2022,2025-11-30 03:23:59.298122,0,11056,"-82.489330,101.656891"
1V2NC9JX5JC123456,Volvo,2022,2025-11-30 02:21:54.379214,112,13563,"3.9992055,-63.093789"
3GCUKREC0FG893480,Chevrolet,2025,2025-11-30 01:13:14.252159,79,3931,"-22.385853,16.057092"
3AKJGLD54JSC12345,Freightliner,2022,2025-11-30 03:04:46.335232,28,10004,"-46.9926985,73.284473"
1VWAP7A30JC123456,Volkswagen,2021,2025-11-30 02:49:47.998427,30,20004,"52.0247075,100.632922"
1VWAP7A30JC123456,Volkswagen,2021,2025-11-30 14:46:24.067021,18,20009,"-32.7906525,73.643651"
1V2NC9JX5JC123456,Volvo,2022,2025-11-30 16:46:45.761831,14,13565,"-69.837052,118.517536"
6FDUF4GY1JSC12345,Scania,2016,2025-11-30 12:25:30.344425,72,50000,"41.452183,1.239249"
3AKJGLD54JSC12345,Freightliner,2022,2025-11-30 11:48:17.132630,90,10007,"-49.7383175,153.701621"
3GCUKREC0FG893480,Chevrolet,2025,2025-11-30 00:11:24.807790,71,3935,"-41.2182095,-36.749736"
LZB12345678901234,FAW,2023,2025-11-30 19:25:51.880671,31,8007,"81.646102,160.453212"
3GCUKREC0FG893480,Chevrolet,2025,2025-11-30 01:21:58.029887,48,3926,"-1.4551985,-41.882492"
1VWAP7A30JC123456,Volkswagen,2021,2025-11-30 05:36:36.776391,54,20005,"61.134418,161.249701"
F654J5DV77JS46566,Ford,2024,2025-11-30 15:47:39.925337,68,19619,"23.6873105,-128.308152"
3AKJGLD54JSC12345,Freightliner,2022,2025-11-30 20:21:47.170410,97,10003,"18.2385395,-150.034135"
1XKAD49X7JJ123456,Kenworth,2015,2025-11-30 06:59:08.162345,70,60004,"34.067127,-20.429602"
1XKAD49X7JJ123456,Kenworth,2015,2025-11-29 23:45:53.814415,117,60006,"37.8216835,-143.090408"
1V2NC9JX5JC962225,Volvo,2022,2025-11-29 23:31:44.839973,78,11052,"-78.3971565,-43.174042"
WDBUF56X98B123456,Mercedes-Benz,2017,2025-11-30 16:45:35.466102,51,40001,"39.4099185,171.362025"
F654J5DV77JS98654,Ford,2023,2025-11-30 20:38:16.187116,45,22113,"-65.494495,96.176215"
LZB12345678901234,FAW,2023,2025-11-30 03:31:21.418501,109,8010,"2.7826475,-13.975092"
LZB12345678901234,FAW,2023,2025-11-30 18:08:20.129728,8,8004,"89.6164165,153.537409"
1V2NC9JX5JC962225,Volvo,2022,2025-11-30 20:06:21.995799,70,11053,"-6.037972,52.643498"
6FDUF4GY1JSC12345,Scania,2016,2025-11-30 03:49:24.214776,101,50002,"-86.471500,34.712343"
F654J5DV77JS98654,Ford,2023,2025-11-30 19:17:56.926148,74,22115,"49.3880555,169.664942"
WDBUF56X98B123456,Mercedes-Benz,2017,2025-11-30 10:29:26.132455,59,40004,"70.413703,-100.376372"
1VWAP7A30JC123456,Volkswagen,2021,2025-11-30 02:17:19.170536,73,20005,"39.812544,-155.397035"
F654J5DV77JS46566,Ford,2024,2025-11-30 04:11:09.905529,115,19616,"-54.3024155,-69.850814"
F654J5DV77JS46566,Ford,2024,2025-11-30 12:27:06.632748,76,19621,"-74.8657715,119.389560"
WDBUF56X98B123456,Mercedes-Benz,2017,2025-11-30 11:44:14.193929,107,40005,"49.570532,25.585637"
WDBUF56X98B123456,Mercedes-Benz,2017,2025-11-30 06:39:39.112137,81,40006,"56.1640645,115.090332"
3GCUKREC0FG123456,Chevrolet,2024,2025-11-30 00:03:15.029204,92,4008,"-51.216755,118.120900"
3AKJGLD54JSC12345,Freightliner,2022,2025-11-30 00:16:52.050653,107,10006,"-1.6825895,-119.450702"
F654J5DV77JS98654,Ford,2023,2025-11-30 12:49:12.416686,54,22116,"-36.1123365,-50.707391"
F654J5DV77JS98654,Ford,2023,2025-11-30 12:43:57.232664,62,22108,"-64.5861755,-20.391832"
1V2NC9JX5JC123456,Volvo,2022,2025-11-30 13:36:56.464942,11,13567,"-59.262617,-4.579493"
WDBUF56X98B123456,Mercedes-Benz,2017,2025-11-30 02:02:50.575711,45,40002,"40.413939,92.854752"
3AKJGLD54JSC12345,Freightliner,2022,2025-11-30 09:58:28.799920,54,10003,"-42.2150915,-46.630128"
1VWAP7A30JC123456,Volkswagen,2021,2025-11-30 18:21:49.157500,20,20004,"-57.945119,-1.601976"
6FDUF4GY1JSC12345,Scania,2016,2025-11-30 16:40:47.222014,8,50010,"39.863443,-67.685649"
1VWAP7A30JC123456,Volkswagen,2021,2025-11-29 22:50:50.692710,14,20001,"76.132294,-143.017922"
F654J5DV77JS98654,Ford,2023,2025-11-30 17:13:43.360008,5,22107,"73.7397315,30.577060"
3AKJGLD54JSC12345,Freightliner,2022,2025-11-30 00:28:51.435655,11,10010,"82.6134765,11.911535"
3GCUKREC0FG123456,Chevrolet,2024,2025-11-30 01:57:30.754750,64,4004,"57.720235,65.001105"
1V2NC9JX5JC962225,Volvo,2022,2025-11-30 03:52:36.161934,99,11054,"34.7960415,94.751070"
3GCUKREC0FG123456,Chevrolet,2024,2025-11-30 19:45:34.205201,116,4009,"76.163251,-8.553955"
6FDUF4GY1JSC12345,Scania,2016,2025-11-30 01:58:15.481097,101,50007,"60.2825965,-94.225891"
3GCUKREC0FG123456,Chevrolet,2024,2025-11-30 03:04:24.436435,65,4008,"81.533433,-141.440616"
3GCUKREC0FG893480,Chevrolet,2025,2025-11-30 08:56:13.802888,84,3933,"-87.3328215,77.285168"
6FDUF4GY1JSC12345,Scania,2016,2025-11-30 05:53:34.013615,48,50008,"-33.8997675,83.707499"
3AKJGLD54JSC12345,Freightliner,2022,2025-11-30 12:33:01.948388,88,10009,"10.4597655,-116.402296"
3GCUKREC0FG893480,Chevrolet,2025,2025-11-29 22:31:24.364902,87,3933,"-48.619204,-20.481538"
WDBUF56X98B123456,Mercedes-Benz,2017,2025-11-30 19:14:13.551434,23,40003,"-33.7710755,-146.057340"
6FDUF4GY1JSC12345,Scania,2016,2025-11-30 16:46:08.089454,72,50008,"87.1498185,92.860666"
3GCUKREC0FG893480,Chevrolet,2025,2025-11-30 18:53:13.880950,101,3925,"-32.1241375,-60.071955"
1VWAP7A30JC123456,Volkswagen,2021,2025-11-30 18:43:18.055794,3,20000,"41.278727,-170.730523"
6FDUF4GY1JSC12345,Scania,2016,2025-11-30 19:08:54.253366,81,50010,"-65.906751,169.119338"
6FDUF4GY1JSC12345,Scania,2016,2025-11-30 12:21:20.982257,103,50003,"-82.620063,-137.471457"
F654J5DV77JS98654,Ford,2023,2025-11-30 08:20:25.018309,20,22109,"74.394210,-40.553634"
1V2NC9JX5JC962225,Volvo,2022,2025-11-30 11:38:29.793399,11,11056,"-79.0685075,-155.940313"
F654J5DV77JS46566,Ford,2024,2025-11-30 07:27:30.090673,72,19619,"-70.8154925,-75.105786"
1VWAP7A30JC123456,Volkswagen,2021,2025-11-30 17:58:02.138663,22,20002,"-75.631665,24.104050"
F654J5DV77JS98654,Ford,2023,2025-11-30 08:27:44.599224,93,22113,"89.849580,-75.134179"
LZB12345678901234,FAW,2023,2025-11-30 09:13:14.543698,105,8003,"46.7730865,98.662731"
1XKAD49X7JJ123456,Kenworth,2015,2025-11-30 16:53:23.300567,85,60003,"-79.671495,44.892446"
6FDUF4GY1JSC12345,Scania,2016,2025-11-30 03:57:59.931964,50,50010,"-31.4353695,54.960872"
F654J5DV77JS98654,Ford,2023,2025-11-30 00:07:58.206370,119,22107,"-35.7112915,113.576193"
1VWAP7A30JC123456,Volkswagen,2021,2025-11-30 17:25:32.344047,30,20007,"4.4288355,-13.540931"
3GCUKREC0FG893480,Chevrolet,2025,2025-11-29 21:18:56.815384,2,3933,"-89.6569355,115.160765"
F654J5DV77JS98654,Ford,2023,2025-11-30 19:41:47.821600,32,22107,"54.1694425,-159.555920"
1XKAD49X7JJ123456,Kenworth,2015,2025-11-30 21:56:59.941664,10,60010,"-14.9561305,-79.534704"
1V2NC9JX5JC962225,Volvo,2022,2025-11-30 10:34:25.897672,72,11059,"-28.195894,-19.865862"
6FDUF4GY1JSC12345,Scania,2016,2025-11-30 05:41:18.986272,42,50004,"49.285941,-177.721068"
3GCUKREC0FG893480,Chevrolet,2025,2025-11-30 09:49:12.435630,2,3934,"10.037452,-118.645672"
WDBUF56X98B123456,Mercedes-Benz,2017,2025-11-30 06:44:29.452442,80,40007,"34.9271045,145.732887"
WDBUF56X98B123456,Mercedes-Benz,2017,2025-11-30 09:50:10.576856,120,40007,"5.043549,166.070633"
3GCUKREC0FG893480,Chevrolet,2025,2025-11-30 11:17:23.521730,47,3926,"-37.5866095,72.346285"
WDBUF56X98B123456,Mercedes-Benz,2017,2025-11-30 21:31:01.519313,91,40004,"-3.039005,52.082778"
1V2NC9JX5JC123456,Volvo,2022,2025-11-30 23:49:19.722662,61,13563,"-23.196450,-155.557446"
3GCUKREC0FG893480,Chevrolet,2025,2025-11-30 06:06:24.846646,75,3935,"51.6933415,-111.481868"
1V2NC9JX5JC962225,Volvo,2022,2025-11-30 17:05:22.057599,49,11060,"52.3944165,-67.681531"
LZB12345678901234,FAW,2023,2025-11-30 17:30:44.696142,52,8008,"-25.4681665,-73.485391"
F654J5DV77JS98654,Ford,2023,2025-11-30 22:19:41.382897,25,22112,"32.9963245,154.631230"
F654J5DV77JS98654,Ford,2023,2025-11-30 04:24:14.549207,84,22116,"87.7876765,-80.524831"
3GCUKREC0FG893480,Chevrolet,2025,2025-11-30 10:03:53.685339,101,3935,"-50.3694085,13.623407"
3GCUKREC0FG123456,Chevrolet,2024,2025-11-30 06:11:58.998745,109,3999,"-4.199610,-165.168163"
1XKAD49X7JJ123456,Kenworth,2015,2025-11-30 05:49:09.051056,102,60007,"-30.6098895,-150.362008"
F654J5DV77JS98654,Ford,2023,2025-11-30 12:08:03.026610,53,22113,"-30.6604235,7.051767"
F654J5DV77JS46566,Ford,2024,2025-11-30 20:37:28.700037,8,19615,"-36.158951,34.063378"
F654J5DV77JS46566,Ford,2024,2025-12-01 00:02:42.808229,61,19624,"62.974506,-142.046219"
LZB12345678901234,FAW,2023,2025-11-30 21:47:22.186319,111,8004,"54.332314,32.007079"
3GCUKREC0FG893480,Chevrolet,2025,2025-11-30 12:36:15.913908,45,3931,"-64.265705,-163.608065"
3AKJGLD54JSC12345,Freightliner,2022,2025-11-30 22:04:35.262099,102,10008,"-2.3840215,139.753603"
3AKJGLD54JSC12345,Freightliner,2022,2025-11-30 15:58:12.341269,40,10005,"8.375138,-99.054192"
1XKAD49X7JJ123456,Kenworth,2015,2025-11-30 18:09:41.710735,19,60009,"54.9469395,78.209190"
1V2NC9JX5JC123456,Volvo,2022,2025-11-30 19:18:49.635280,45,13570,"69.647909,103.057462"
3GCUKREC0FG123456,Chevrolet,2024,2025-11-30 19:02:10.391622,40,4001,"-49.989081,161.848891"
1VWAP7A30JC123456,Volkswagen,2021,2025-11-30 02:13:12.993349,76,20002,"-53.4857495,52.648170"
F654J5DV77JS46566,Ford,2024,2025-11-30 00:46:31.941269,76,19619,"-45.693647,-173.306369"
LZB12345678901234,FAW,2023,2025-11-30 23:03:11.837930,116,8001,"-80.5118395,-12.053722"
3GCUKREC0FG123456,Chevrolet,2024,2025-11-30 19:59:46.493979,32,4000,"-34.0689885,-145.841540"
3GCUKREC0FG123456,Chevrolet,2024,2025-11-30 17:06:57.044889,35,4003,"50.445218,156.723095"
1XKAD49X7JJ123456,Kenworth,2015,2025-11-30 03:49:08.963078,70,60000,"60.1558705,145.262918"
F654J5DV77JS46566,Ford,2024,2025-11-30 16:25:23.098446,20,19621,"-61.149712,160.373366"
LZB12345678901234,FAW,2023,2025-11-30 11:17:25.146166,34,8004,"36.018806,101.166292"
6FDUF4GY1JSC12345,Scania,2016,2025-11-30 00:57:15.198836,31,50006,"68.799033,111.513176"
3AKJGLD54JSC12345,Freightliner,2022,2025-11-30 22:11:46.979895,55,10001,"-64.3588825,161.991103"
6FDUF4GY1JSC12345,Scania,2016,2025-11-30 18:38:23.773196,111,50000,"-2.230266,-137.835097"
1VWAP7A30JC123456,Volkswagen,2021,2025-11-30 14:29:27.454177,115,20010,"-52.0727535,156.373833"
F654J5DV77JS98654,Ford,2023,2025-11-30 13:35:25.356844,92,22108,"85.626831,35.205262"
1XKAD49X7JJ123456,Kenworth,2015,2025-11-30 05:15:45.761056,104,60009,"71.9511655,-167.485594"
6FDUF4GY1JSC12345,Scania,2016,2025-11-30 06:32:42.359299,62,50002,"68.6447665,114.329394"
LZB12345678901234,FAW,2023,2025-11-30 01:10:59.230218,25,8003,"-0.3427085,-39.193906"
3GCUKREC0FG123456,Chevrolet,2024,2025-11-30 22:10:45.958216,108,4003,"-84.7820325,151.052968"
1VWAP7A30JC123456,Volkswagen,2021,2025-11-30 17:24:44.173236,9,20002,"-0.5612965,41.751204"
WDBUF56X98B123456,Mercedes-Benz,2017,2025-11-30 03:27:40.585717,91,40010,"-63.7459095,-91.339471"
3AKJGLD54JSC12345,Freightliner,2022,2025-11-30 13:09:24.100326,119,10008,"9.8209425,-39.811642"
1VWAP7A30JC123456,Volkswagen,2021,2025-11-30 14:22:01.685218,65,20010,"61.0393645,-95.090498"
WDBUF56X98B123456,Mercedes-Benz,2017,2025-11-30 08:16:25.296133,7,40007,"-23.413460,-11.046142"
F654J5DV77JS46566,Ford,2024,2025-11-30 12:05:40.261894,82,19625,"44.1131085,-6.065750"
LZB12345678901234,FAW,2023,2025-11-30 07:37:10.119433,62,8008,"-61.8595835,168.315338"
LZB12345678901234,FAW,2023,2025-11-30 05:30:10.768322,37,8009,"0.035370,173.003795"
1VWAP7A30JC123456,Volkswagen,2021,2025-11-30 15:11:59.252267,17,20006,"-56.6007915,124.073619"
3GCUKREC0FG893480,Chevrolet,2025,2025-11-30 04:56:37.631530,59,3927,"81.0433825,113.283068"
6FDUF4GY1JSC12345,Scania,2016,2025-11-30 04:15:13.809590,5,50010,"-65.022476,-93.727501"
3GCUKREC0FG123456,Chevrolet,2024,2025-11-30 15:59:38.896302,115,4002,"-60.5529715,156.261806"
F654J5DV77JS98654,Ford,2023,2025-11-30 14:56:57.483003,19,22112,"-30.643172,-32.898939"
1V2NC9JX5JC123456,Volvo,2022,2025-11-30 09:11:15.551278,41,13569,"-52.331693,-44.896201"
3GCUKREC0FG123456,Chevrolet,2024,2025-11-30 18:09:47.297025,67,4001,"9.1052005,-65.348935"
6FDUF4GY1JSC12345,Scania,2016,2025-11-30 20:51:52.460869,90,50006,"-44.2012715,-4.445696"
3GCUKREC0FG123456,Chevrolet,2024,2025-11-30 11:27:33.177206,98,4009,"-4.356245,-57.544811"
WDBUF56X98B123456,Mercedes-Benz,2017,2025-11-30 10:00:28.052734,102,40008,"-39.554853,77.930425"
6FDUF4GY1JSC12345,Scania,2016,2025-11-30 08:21:28.279830,56,50006,"16.9092695,-81.154893"
1V2NC9JX5JC123456,Volvo,2022,2025-11-30 21:40:53.277053,84,13569,"41.1555845,-34.882783"
F654J5DV77JS98654,Ford,2023,2025-11-30 18:20:02.025661,74,22106,"62.9850385,-1.740147"
1XKAD49X7JJ123456,Kenworth,2015,2025-11-30 04:35:32.534381,119,60002,"10.015454,-32.549626"
1VWAP7A30JC123456,Volkswagen,2021,2025-11-30 15:03:29.229960,60,20002,"-43.6055305,-131.424421"
3GCUKREC0FG123456,Chevrolet,2024,2025-11-30 06:16:32.337274,96,4007,"42.945228,-106.705864"
1V2NC9JX5JC962225,Volvo,2022,2025-11-30 21:09:09.756611,69,11055,"70.1950915,-84.827572"
F654J5DV77JS98654,Ford,2023,2025-11-30 21:28:22.082993,104,22115,"81.3900195,41.924728"
1VWAP7A30JC123456,Volkswagen,2021,2025-11-30 11:10:17.956758,115,20010,"-88.4333785,-0.292881"
3AKJGLD54JSC12345,Freightliner,2022,2025-11-30 01:17:47.756808,73,10002,"71.105709,48.667981"
WDBUF56X98B123456,Mercedes-Benz,2017,2025-11-30 08:58:00.343613,78,40006,"-45.6881595,-25.919725"
3GCUKREC0FG893480,Chevrolet,2025,2025-11-30 07:50:02.116045,32,3929,"-1.7766355,-109.896828"
1V2NC9JX5JC962225,Volvo,2022,2025-11-30 22:03:40.911255,41,11054,"-64.3350935,108.080749"
F654J5DV77JS98654,Ford,2023,2025-11-30 00:48:59.662498,1,22107,"-48.746235,178.521371"
1V2NC9JX5JC962225,Volvo,2022,2025-11-30 04:09:48.455819,120,11052,"43.7325105,75.718514"
3GCUKREC0FG123456,Chevrolet,2024,2025-11-30 22:51:53.688942,16,4004,"40.084687,-89.992761"
1XKAD49X7JJ123456,Kenworth,2015,2025-11-30 22:05:43.906272,27,60005,"-8.057589,-29.605560"
WDBUF56X98B123456,Mercedes-Benz,2017,2025-11-30 03:14:01.391049,67,40009,"72.984336,-114.827653"
3AKJGLD54JSC12345,Freightliner,2022,2025-11-30 19:57:39.895647,7,10007,"87.9963395,169.304584"
LZB12345678901234,FAW,2023,2025-11-30 11:43:53.366173,52,8009,"72.474678,-83.377015"
3GCUKREC0FG893480,Chevrolet,2025,2025-11-30 15:21:12.039045,67,3932,"40.3773625,-85.376363"
F654J5DV77JS46566,Ford,2024,2025-11-30 18:46:39.195091,30,19624,"-17.916621,73.751936"
1VWAP7A30JC123456,Volkswagen,2021,2025-11-30 14:36:38.028481,94,20003,"-57.959660,6.191724"
3GCUKREC0FG123456,Chevrolet,2024,2025-11-30 05:07:49.725229,107,4004,"60.965493,-22.861182"
F654J5DV77JS98654,Ford,2023,2025-11-30 20:08:01.468090,118,22110,"-80.889560,137.570366"
LZB12345678901234,FAW,2023,2025-11-30 20:11:24.380013,12,8009,"-44.0525755,-105.891488"
F654J5DV77JS46566,Ford,2024,2025-11-30 22:22:35.281871,14,19622,"40.8945835,-56.886243"
6FDUF4GY1JSC12345,Scania,2016,2025-11-30 12:10:14.777844,38,50003,"32.641807,-85.989217"
3GCUKREC0FG123456,Chevrolet,2024,2025-11-30 12:55:00.246127,55,4003,"9.1805785,-153.923927"
1V2NC9JX5JC123456,Volvo,2022,2025-11-30 01:58:59.803886,49,13560,"35.004309,-42.166958"
6FDUF4GY1JSC12345,Scania,2016,2025-11-30 21:46:47.813697,99,50005,"-18.696846,-22.989379"
3GCUKREC0FG123456,Chevrolet,2024,2025-11-30 20:01:51.921183,8,4008,"-24.632275,-110.654359"
1VWAP7A30JC123456,Volkswagen,2021,2025-11-30 22:52:25.457446,9,20007,"76.481281,163.838189"
1V2NC9JX5JC123456,Volvo,2022,2025-11-30 16:15:46.557350,65,13569,"-42.2792035,172.526233"
F654J5DV77JS46566,Ford,2024,2025-11-30 16:30:58.877630,45,19624,"24.7625055,-92.086059"
LZB12345678901234,FAW,2023,2025-11-30 08:31:06.564018,30,8005,"-86.7554455,160.244885"
1XKAD49X7JJ123456,Kenworth,2015,2025-11-30 15:56:46.729244,29,60002,"-47.024847,177.805283"
3GCUKREC0FG123456,Chevrolet,2024,2025-11-30 07:10:02.931443,26,4005,"17.493801,-81.164522"
1XKAD49X7JJ123456,Kenworth,2015,2025-11-30 21:54:42.775379,22,60009,"-48.0514285,95.940903"
F654J5DV77JS46566,Ford,2024,2025-11-30 15:12:28.815233,94,19622,"0.421190,-147.327217"
3AKJGLD54JSC12345,Freightliner,2022,2025-11-30 20:10:57.220566,72,10004,"17.6522825,65.849414"
1V2NC9JX5JC123456,Volvo,2022,2025-11-30 13:02:18.304461,26,13566,"-79.8003665,-11.453246"
F654J5DV77JS46566,Ford,2024,2025-11-30 13:21:06.842996,20,19618,"28.2483955,-89.713732"
LZB12345678901234,FAW,2023,2025-11-30 01:19:01.957702,119,8005,"-47.8854405,-51.971896"
F654J5DV77JS98654,Ford,2023,2025-11-30 09:22:14.864456,51,22113,"-9.602765,-65.289337"
F654J5DV77JS98654,Ford,2023,2025-11-30 01:49:28.243186,43,22113,"76.712959,-153.862713"
3AKJGLD54JSC12345,Freightliner,2022,2025-11-30 11:32:25.742660,31,10000,"0.221731,144.553187"
1V2NC9JX5JC962225,Volvo,2022,2025-11-30 02:32:51.684415,97,11051,"10.2111475,-86.145481"
1V2NC9JX5JC123456,Volvo,2022,2025-11-30 10:59:43.997188,60,13570,"7.3505605,55.647792"
1V2NC9JX5JC962225,Volvo,2022,2025-11-30 09:44:29.223105,109,11057,"81.397368,138.887316"
LZB12345678901234,FAW,2023,2025-11-30 05:24:57.148893,62,8007,"21.596570,154.574814"
1XKAD49X7JJ123456,Kenworth,2015,2025-11-30 05:08:21.691909,42,60007,"-57.057935,-119.576241"
1V2NC9JX5JC962225,Volvo,2022,2025-11-30 08:21:53.993491,92,11058,"23.077016,161.499667"
3AKJGLD54JSC12345,Freightliner,2022,2025-11-30 08:19:48.827678,47,10000,"-43.191438,95.587984"
1VWAP7A30JC123456,Volkswagen,2021,2025-11-30 07:01:24.514640,93,20010,"21.702746,-18.026960"
3GCUKREC0FG123456,Chevrolet,2024,2025-11-30 10:24:31.523739,11,4008,"-71.005878,49.848905"
1XKAD49X7JJ123456,Kenworth,2015,2025-11-30 11:56:11.393287,42,60007,"-8.1081275,127.288916"
F654J5DV77JS98654,Ford,2023,2025-11-30 08:19:57.740889,44,22111,"-65.4098525,40.526786"
WDBUF56X98B123456,Mercedes-Benz,2017,2025-11-30 08:41:09.306734,62,40002,"70.510595,144.078034"
3AKJGLD54JSC12345,Freightliner,2022,2025-11-30 14:33:22.033079,105,10000,"50.073368,-62.552807"
F654J5DV77JS98654,Ford,2023,2025-11-30 05:35:08.147695,0,22112,"86.819862,146.929878"
6FDUF4GY1JSC12345,Scania,2016,2025-11-30 07:00:41.567667,1,50001,"41.0248835,-167.769585"
WDBUF56X98B123456,Mercedes-Benz,2017,2025-11-30 14:53:29.248523,63,40003,"-70.6914195,-160.780617"
3GCUKREC0FG893480,Chevrolet,2025,2025-11-30 07:11:36.522239,39,3934,"79.2562405,-43.317187"
1V2NC9JX5JC962225,Volvo,2022,2025-11-30 23:04:57.501720,94,11056,"68.5553965,-43.207674"
LZB12345678901234,FAW,2023,2025-11-30 16:12:09.794448,70,8001,"50.637195,90.116135"
3GCUKREC0FG123456,Chevrolet,2024,2025-11-30 21:46:00.904380,57,4006,"73.778246,99.246621"
1XKAD49X7JJ123456,Kenworth,2015,2025-11-30 13:23:44.933931,42,60008,"73.550731,-57.726997"
3GCUKREC0FG123456,Chevrolet,2024,2025-11-30 06:09:38.840742,95,3999,"58.4122455,158.245394"
LZB12345678901234,FAW,2023,2025-11-30 08:32:37.532803,26,8007,"-61.7488645,-48.920389"
LZB12345678901234,FAW,2023,2025-11-30 13:45:28.080783,49,8006,"71.2748535,-47.953038"
1XKAD49X7JJ123456,Kenworth,2015,2025-11-30 19:31:09.306475,114,60010,"-76.9361395,115.720740"
3GCUKREC0FG893480,Chevrolet,2025,2025-11-30 15:03:14.931254,103,3932,"8.1545015,-29.610217"
1V2NC9JX5JC962225,Volvo,2022,2025-11-30 07:56:02.182855,37,11058,"-24.593594,123.802969"
WDBUF56X98B123456,Mercedes-Benz,2017,2025-11-30 09:32:35.214475,10,40007,"0.7010285,-147.703400"
6FDUF4GY1JSC12345,Scania,2016,2025-11-30 11:31:04.947627,103,50001,"51.024656,96.375595"
3AKJGLD54JSC12345,Freightliner,2022,2025-11-30 18:01:28.095814,10,10008,"64.3800545,-89.773613"
6FDUF4GY1JSC12345,Scania,2016,2025-11-30 09:11:43.664139,76,50006,"-58.458545,-159.309951"
F654J5DV77JS46566,Ford,2024,2025-11-30 15:44:29.671817,20,19619,"-60.8691845,47.603891"
6FDUF4GY1JSC12345,Scania,2016,2025-11-30 07:38:14.106610,87,50006,"-44.5204055,22.306563"
1VWAP7A30JC123456,Volkswagen,2021,2025-11-30 04:11:10.151500,10,20003,"-32.942281,-69.263828"
1V2NC9JX5JC962225,Volvo,2022,2025-11-30 06:32:59.462960,9,11060,"61.196790,88.992703"
LZB12345678901234,FAW,2023,2025-11-30 02:03:47.441823,120,8003,"-38.8173495,111.338931"
LZB12345678901234,FAW,2023,2025-11-30 08:13:06.537636,50,8003,"-69.576314,66.006984"
WDBUF56X98B123456,Mercedes-Benz,2017,2025-11-30 14:53:14.971572,43,40000,"-62.239806,114.042889"
3GCUKREC0FG893480,Chevrolet,2025,2025-11-30 08:51:54.670056,81,3927,"52.1921975,169.839143"
F654J5DV77JS46566,Ford,2024,2025-11-30 02:53:25.744065,111,19615,"51.389314,-108.039509"
3AKJGLD54JSC12345,Freightliner,2022,2025-11-30 08:45:03.254882,84,10005,"-21.3924825,166.862286"
WDBUF56X98B123456,Mercedes-Benz,2017,2025-11-30 23:53:01.528769,67,40005,"-67.8536385,-62.915899"
WDBUF56X98B123456,Mercedes-Benz,2017,2025-11-30 22:40:14.092239,33,40009,"-89.016585,64.432788"
1V2NC9JX5JC123456,Volvo,2022,2025-11-30 21:24:59.853306,12,13562,"55.589218,98.892250"
1VWAP7A30JC123456,Volkswagen,2021,2025-11-30 11:14:28.193733,90,20001,"4.761247,83.028073"
1V2NC9JX5JC962225,Volvo,2022,2025-11-30 04:52:33.346551,92,11060,"32.8028065,27.329857"
WDBUF56X98B123456,Mercedes-Benz,2017,2025-11-30 08:39:49.936347,29,40001,"21.811226,-149.193967"
1V2NC9JX5JC123456,Volvo,2022,2025-11-30 04:28:46.393127,91,13561,"-4.154345,23.701839"
WDBUF56X98B123456,Mercedes-Benz,2017,2025-11-30 09:38:08.580192,0,40008,"-27.2644305,142.699796"
1VWAP7A30JC123456,Volkswagen,2021,2025-11-30 20:55:12.963840,93,20006,"45.7537315,-145.643817"
1V2NC9JX5JC962225,Volvo,2022,2025-11-30 04:42:47.170831,106,11052,"-4.7144105,56.674223"
F654J5DV77JS46566,Ford,2024,2025-11-30 03:32:46.453698,68,19617,"67.964883,-120.500338"
6FDUF4GY1JSC12345,Scania,2016,2025-11-30 18:50:05.682773,42,50004,"87.3229475,-82.758885"
3AKJGLD54JSC12345,Freightliner,2022,2025-11-30 16:31:13.128926,74,10010,"67.6920445,74.618539"
F654J5DV77JS46566,Ford,2024,2025-11-30 07:59:01.628116,113,19621,"7.462847,-47.872208"
1V2NC9JX5JC123456,Volvo,2022,2025-11-30 10:30:05.947862,35,13561,"-83.3550785,-18.463708"
F654J5DV77JS98654,Ford,2023,2025-11-30 07:54:56.013823,108,22106,"55.4562705,27.134829"
1V2NC9JX5JC962225,Volvo,2022,2025-11-30 16:16:26.086841,110,11052,"70.0552945,-59.790113"
LZB12345678901234,FAW,2023,2025-11-30 09:58:22.461954,15,8009,"1.7279975,-128.506123"
1VWAP7A30JC123456,Volkswagen,2021,2025-11-30 08:04:17.738616,31,20001,"-72.4338305,4.912531"
F654J5DV77JS46566,Ford,2024,2025-11-30 01:31:51.739890,99,19624,"37.885242,-26.307901"
F654J5DV77JS46566,Ford,2024,2025-11-30 23:11:09.604902,79,19622,"-44.7055095,-136.953812"
1V2NC9JX5JC962225,Volvo,2022,2025-11-30 15:05:36.376592,66,11054,"-14.0195215,-22.975856"
1VWAP7A30JC123456,Volkswagen,2021,2025-11-30 22:01:35.810041,94,20005,"-32.544949,136.452019"
3GCUKREC0FG123456,Chevrolet,2024,2025-11-30 16:00:13.513030,53,4004,"42.5705395,-69.601705"
6FDUF4GY1JSC12345,Scania,2016,2025-11-30 19:24:56.141112,95,50005,"-78.143959,-75.402509"
1V2NC9JX5JC123456,Volvo,2022,2025-11-30 14:22:54.968055,7,13561,"52.790406,178.629970"
3GCUKREC0FG893480,Chevrolet,2025,2025-11-30 08:51:59.662916,114,3927,"-63.345773,-177.650437"
1V2NC9JX5JC962225,Volvo,2022,2025-11-30 04:31:58.557287,103,11053,"-29.5499465,-72.593724"
LZB12345678901234,FAW,2023,2025-11-30 06:30:31.502263,101,8008,"31.453649,2.817505"
F654J5DV77JS46566,Ford,2024,2025-11-30 11:19:56.889424,35,19622,"32.563432,160.708691"
1VWAP7A30JC123456,Volkswagen,2021,2025-11-30 06:32:17.753197,46,20007,"84.9252695,-68.211075"
1V2NC9JX5JC962225,Volvo,2022,2025-11-30 04:24:06.056516,102,11055,"-45.4944535,82.697889"
1V2NC9JX5JC962225,Volvo,2022,2025-11-30 06:20:56.399202,78,11052,"-22.3707855,-67.241888"
1VWAP7A30JC123456,Volkswagen,2021,2025-11-30 12:27:10.516905,28,20006,"7.060281,150.990835"
3GCUKREC0FG123456,Chevrolet,2024,2025-11-30 20:40:16.704542,92,4002,"47.6053775,-62.294139"
F654J5DV77JS46566,Ford,2024,2025-11-30 10:43:19.543110,51,19622,"-79.7710895,-149.234884"
1XKAD49X7JJ123456,Kenworth,2015,2025-11-30 18:10:25.494659,80,60001,"-86.033903,156.043935"
6FDUF4GY1JSC12345,Scania,2016,2025-11-30 21:35:17.886935,108,50002,"-81.9190875,-58.970694"
3GCUKREC0FG123456,Chevrolet,2024,2025-11-30 14:03:55.890673,24,4002,"-15.826627,-41.568889"
3AKJGLD54JSC12345,Freightliner,2022,2025-11-30 17:14:47.695298,44,10001,"-61.325470,-161.756695"
3GCUKREC0FG123456,Chevrolet,2024,2025-11-30 18:20:25.922777,55,4006,"55.9772605,161.953146"
F654J5DV77JS46566,Ford,2024,2025-11-30 10:45:30.003729,110,19625,"31.656682,-11.953446"
3GCUKREC0FG893480,Chevrolet,2025,2025-11-30 09:43:29.294978,10,3928,"67.169705,-15.620927"
3GCUKREC0FG893480,Chevrolet,2025,2025-11-30 16:56:27.554975,29,3931,"-31.724109,111.840259"
1V2NC9JX5JC123456,Volvo,2022,2025-11-30 08:43:56.770011,104,13570,"26.930212,-44.120942"
1V2NC9JX5JC123456,Volvo,2022,2025-11-30 04:43:13.075236,97,13565,"83.0919625,-105.214129"
3GCUKREC0FG123456,Chevrolet,2024,2025-11-30 07:07:26.132777,100,4004,"-12.5029585,23.191781"
1VWAP7A30JC123456,Volkswagen,2021,2025-11-30 10:46:43.495035,88,20006,"62.810305,-163.915606"
1V2NC9JX5JC123456,Volvo,2022,2025-11-30 21:09:20.399140,18,13564,"-85.669201,-13.460660"
3GCUKREC0FG123456,Chevrolet,2024,2025-11-30 12:04:28.889784,31,4008,"-39.044531,85.902705"
LZB12345678901234,FAW,2023,2025-11-30 06:24:48.546723,9,8009,"73.3824375,117.197284"
3GCUKREC0FG893480,Chevrolet,2025,2025-11-30 16:43:42.971773,32,3932,"54.271026,87.363429"
F654J5DV77JS46566,Ford,2024,2025-11-30 07:54:53.492788,49,19622,"-72.1791875,-18.811067"
WDBUF56X98B123456,Mercedes-Benz,2017,2025-11-30 12:05:25.682962,91,40007,"62.715992,148.542856"
3GCUKREC0FG893480,Chevrolet,2025,2025-11-30 23:16:18.930082,68,3930,"57.7509165,151.960532"
1V2NC9JX5JC123456,Volvo,2022,2025-11-30 19:18:45.399843,92,13564,"1.456724,91.503532"
1XKAD49X7JJ123456,Kenworth,2015,2025-11-30 20:06:43.395357,102,60004,"81.434680,-176.604242"
1V2NC9JX5JC962225,Volvo,2022,2025-11-30 18:52:34.878642,57,11056,"-52.5226175,-138.273115"
1V2NC9JX5JC123456,Volvo,2022,2025-11-30 16:21:08.296532,63,13570,"13.6026005,-48.361308"
F654J5DV77JS46566,Ford,2024,2025-11-30 01:07:32.689182,45,19615,"68.3046715,73.903038"
WDBUF56X98B123456,Mercedes-Benz,2017,2025-11-30 08:09:36.370843,55,40000,"-68.327869,37.255473"
3AKJGLD54JSC12345,Freightliner,2022,2025-11-30 16:40:21.416442,1,10001,"86.9512155,6.540781"
LZB12345678901234,FAW,2023,2025-11-30 14:47:22.778093,104,8004,"-86.8018735,159.466256"
1V2NC9JX5JC123456,Volvo,2022,2025-11-30 11:18:57.481701,1,13568,"64.172894,-107.026219"
F654J5DV77JS98654,Ford,2023,2025-12-01 00:22:05.242405,48,22107,"29.724645,-110.642919"
3GCUKREC0FG123456,Chevrolet,2024,2025-11-30 17:28:48.895759,45,4009,"-1.959781,80.121691"
1V2NC9JX5JC962225,Volvo,2022,2025-11-30 10:56:25.667276,114,11057,"59.2664265,-6.393777"
3GCUKREC0FG893480,Chevrolet,2025,2025-11-30 09:51:26.005154,21,3932,"-81.589128,-121.411185"
3GCUKREC0FG123456,Chevrolet,2024,2025-12-01 00:23:20.432948,32,3999,"-12.656761,-96.970759"
3GCUKREC0FG893480,Chevrolet,2025,2025-11-30 04:05:48.145409,38,3925,"-89.4620545,31.003684"
3AKJGLD54JSC12345,Freightliner,2022,2025-11-30 19:39:06.090732,107,10004,"-38.124294,-178.532505"
1V2NC9JX5JC962225,Volvo,2022,2025-11-30 11:23:53.373974,26,11060,"-73.7509955,10.786695"
3GCUKREC0FG123456,Chevrolet,2024,2025-11-30 03:23:35.564224,106,4003,"52.071028,-156.021556"
1V2NC9JX5JC962225,Volvo,2022,2025-11-30 10:57:52.380423,66,11054,"61.2134155,35.714784"
3AKJGLD54JSC12345,Freightliner,2022,2025-11-30 16:47:44.966589,14,10000,"6.5807495,-83.695712"
F654J5DV77JS98654,Ford,2023,2025-11-30 00:32:00.911953,81,22111,"85.701515,-46.833436"
F654J5DV77JS98654,Ford,2023,2025-12-01 00:01:21.601707,82,22115,"87.3932365,113.850276"
3GCUKREC0FG123456,Chevrolet,2024,2025-11-30 11:57:01.539986,21,4000,"41.950740,-152.754786"
WDBUF56X98B123456,Mercedes-Benz,2017,2025-11-30 05:50:15.747979,106,40010,"-66.7726935,-87.944785"
WDBUF56X98B123456,Mercedes-Benz,2017,2025-11-30 00:37:37.097712,38,40008,"-79.2451175,-56.476785"
WDBUF56X98B123456,Mercedes-Benz,2017,2025-11-30 15:40:46.065062,110,40006,"82.4070755,116.469870"
LZB12345678901234,FAW,2023,2025-11-30 05:33:12.429414,32,8006,"53.7808395,-60.580925"
1XKAD49X7JJ123456,Kenworth,2015,2025-11-30 17:04:23.621477,11,60007,"73.453131,115.817908"
1V2NC9JX5JC123456,Volvo,2022,2025-11-30 19:45:00.790431,50,13560,"73.747876,84.564014"
1XKAD49X7JJ123456,Kenworth,2015,2025-11-30 04:40:44.322185,117,60002,"-21.9258465,-167.225683"
3AKJGLD54JSC12345,Freightliner,2022,2025-11-30 09:46:40.338094,51,10003,"3.5821475,-129.245696"
F654J5DV77JS46566,Ford,2024,2025-11-30 02:54:06.813055,106,19622,"88.5731225,33.660132"
6FDUF4GY1JSC12345,Scania,2016,2025-11-30 06:09:36.615820,16,50004,"64.952555,-3.874212"
6FDUF4GY1JSC12345,Scania,2016,2025-11-30 13:48:22.859847,0,50000,"-62.856491,-18.797361"
3GCUKREC0FG893480,Chevrolet,2025,2025-11-30 01:43:40.137373,0,3930,"87.4528165,-12.159837"
F654J5DV77JS98654,Ford,2023,2025-11-30 07:35:28.194950,102,22108,"68.391968,-108.331739"
3GCUKREC0FG893480,Chevrolet,2025,2025-11-30 09:40:54.998890,1,3932,"-71.175088,151.748739"
LZB12345678901234,FAW,2023,2025-11-30 05:26:34.721257,100,8001,"29.4447635,-128.382464"
1V2NC9JX5JC962225,Volvo,2022,2025-11-30 13:22:42.633632,116,11059,"-69.6954795,-39.718335"
LZB12345678901234,FAW,2023,2025-11-30 00:49:05.419421,56,8000,"36.3173625,-100.391044"
3GCUKREC0FG123456,Chevrolet,2024,2025-11-30 10:55:35.074317,90,4008,"83.987996,159.216262"
1XKAD49X7JJ123456,Kenworth,2015,2025-11-30 17:37:00.760663,78,60008,"-73.4462735,-89.101621"
3GCUKREC0FG123456,Chevrolet,2024,2025-11-30 08:53:15.535754,46,3999,"66.800292,-35.930807"
1V2NC9JX5JC962225,Volvo,2022,2025-11-30 13:18:15.842231,54,11059,"-60.562781,-71.054740"
3GCUKREC0FG123456,Chevrolet,2024,2025-11-30 21:13:26.238395,79,4009,"-36.786901,113.569695"
3AKJGLD54JSC12345,Freightliner,2022,2025-11-30 13:46:38.212996,9,10009,"87.323525,48.056027"
F654J5DV77JS46566,Ford,2024,2025-11-30 19:32:57.090637,38,19625,"-76.292757,-35.031382"
3AKJGLD54JSC12345,Freightliner,2022,2025-11-30 04:46:39.749930,74,10001,"27.7100275,53.621941"
F654J5DV77JS98654,Ford,2023,2025-11-30 04:25:37.474517,45,22106,"77.6415875,-29.233427"
F654J5DV77JS98654,Ford,2023,2025-11-30 11:34:08.908973,90,22109,"50.2828845,-124.500448"
WDBUF56X98B123456,Mercedes-Benz,2017,2025-11-30 14:28:10.325151,43,40001,"76.717003,-23.761489"
3AKJGLD54JSC12345,Freightliner,2022,2025-11-30 20:04:41.735932,31,10004,"28.819611,174.076676"
1VWAP7A30JC123456,Volkswagen,2021,2025-11-30 06:17:08.060476,94,20010,"-30.200011,56.747685"
1XKAD49X7JJ123456,Kenworth,2015,2025-11-30 17:12:47.857154,79,60005,"88.2814985,-109.335700"
6FDUF4GY1JSC12345,Scania,2016,2025-11-30 23:35:04.024439,28,50007,"-79.994652,-51.730459"
3AKJGLD54JSC12345,Freightliner,2022,2025-11-30 14:57:49.961004,6,10004,"30.6985955,94.680506"
3GCUKREC0FG893480,Chevrolet,2025,2025-11-30 20:32:22.016666,30,3931,"57.377711,-103.275870"
F654J5DV77JS46566,Ford,2024,2025-11-30 13:45:55.897369,4,19618,"81.0303105,-110.363479"
1VWAP7A30JC123456,Volkswagen,2021,2025-11-30 04:45:12.375227,2,20010,"-51.007156,-144.397744"
F654J5DV77JS46566,Ford,2024,2025-11-30 13:22:55.727591,66,19624,"-65.1724355,155.658565"
3AKJGLD54JSC12345,Freightliner,2022,2025-11-30 20:12:02.909009,14,10000,"15.107644,-169.742388"
1V2NC9JX5JC962225,Volvo,2022,2025-11-30 10:41:37.220428,101,11057,"-11.076787,57.175243"
1XKAD49X7JJ123456,Kenworth,2015,2025-11-30 22:59:48.557864,116,60001,"-76.9898415,-125.963118"
1V2NC9JX5JC962225,Volvo,2022,2025-11-30 23:05:47.415368,96,11051,"-4.5119415,91.836427"
6FDUF4GY1JSC12345,Scania,2016,2025-11-30 05:56:10.406302,54,50004,"-65.345228,7.513773"
1XKAD49X7JJ123456,Kenworth,2015,2025-11-30 06:02:42.062804,45,60009,"-8.3367905,-117.103010"
3GCUKREC0FG123456,Chevrolet,2024,2025-11-30 04:04:17.913045,18,4002,"51.417516,154.892958"
3AKJGLD54JSC12345,Freightliner,2022,2025-11-30 21:39:59.148247,55,10010,"-80.068076,174.976762"
1V2NC9JX5JC123456,Volvo,2022,2025-11-30 10:34:14.325884,41,13570,"21.7564025,159.030768"
1VWAP7A30JC123456,Volkswagen,2021,2025-11-30 04:01:04.592962,33,20004,"-1.912222,-101.995415"
LZB12345678901234,FAW,2023,2025-11-30 11:41:30.295280,62,8007,"-25.977061,57.609269"
1XKAD49X7JJ123456,Kenworth,2015,2025-11-30 19:07:22.945685,44,60009,"82.5262215,41.603050"
LZB12345678901234,FAW,2023,2025-11-30 01:14:15.571003,63,8000,"13.5402925,-85.056398"
1V2NC9JX5JC962225,Volvo,2022,2025-11-30 08:35:12.944387,15,11059,"-68.9292245,-21.270189"
1XKAD49X7JJ123456,Kenworth,2015,2025-11-30 17:36:55.626128,39,60010,"11.1836415,100.729909"
LZB12345678901234,FAW,2023,2025-11-30 02:46:19.795810,15,8001,"-42.3768865,73.293897"
3GCUKREC0FG123456,Chevrolet,2024,2025-11-30 21:23:38.605750,9,4007,"-76.341277,62.580580"
WDBUF56X98B123456,Mercedes-Benz,2017,2025-11-30 15:11:33.617105,66,40004,"15.5838445,-40.871599"
1VWAP7A30JC123456,Volkswagen,2021,2025-11-30 13:57:27.478236,18,20006,"16.1328295,-71.531750"
1VWAP7A30JC123456,Volkswagen,2021,2025-11-30 16:50:36.820043,20,20004,"-7.354712,3.161597"
1XKAD49X7JJ123456,Kenworth,2015,2025-11-30 11:49:15.483711,10,60004,"28.819052,81.402409"
1XKAD49X7JJ123456,Kenworth,2015,2025-11-30 03:03:11.217096,83,60002,"-11.3569705,89.913724"
LZB12345678901234,FAW,2023,2025-11-30 03:06:42.542773,117,8008,"-81.0110265,-115.718247"
WDBUF56X98B123456,Mercedes-Benz,2017,2025-11-30 13:48:16.606371,88,40007,"-57.7800835,-152.572243"
1XKAD49X7JJ123456,Kenworth,2015,2025-11-30 23:06:14.459772,84,60002,"-25.467149,94.467071"
1XKAD49X7JJ123456,Kenworth,2015,2025-11-30 14:44:47.928124,16,60004,"44.4696935,168.063159"
1XKAD49X7JJ123456,Kenworth,2015,2025-11-30 06:00:19.355025,57,60010,"-24.0959535,-140.910097"
WDBUF56X98B123456,Mercedes-Benz,2017,2025-11-30 01:05:02.011952,77,40002,"-36.1423135,30.549904"
6FDUF4GY1JSC12345,Scania,2016,2025-11-30 18:45:06.766586,98,50009,"85.3814785,-63.822083"
6FDUF4GY1JSC12345,Scania,2016,2025-11-30 03:43:48.321715,4,50002,"19.008708,-31.352272"
F654J5DV77JS46566,Ford,2024,2025-11-30 19:48:02.053768,107,19624,"-80.6123955,-161.053555"
LZB12345678901234,FAW,2023,2025-11-30 04:26:42.189692,59,8002,"57.6222065,144.315510"
3AKJGLD54JSC12345,Freightliner,2022,2025-11-30 23:21:46.350917,12,10002,"81.855232,58.829848"
1XKAD49X7JJ123456,Kenworth,2015,2025-11-30 17:38:42.565813,73,60003,"71.444393,-89.293265"
6FDUF4GY1JSC12345,Scania,2016,2025-11-30 23:02:43.447179,5,50000,"85.4154375,89.322271"
1V2NC9JX5JC962225,Volvo,2022,2025-11-30 03:26:38.519806,46,11050,"-56.946689,-128.854148"
6FDUF4GY1JSC12345,Scania,2016,2025-11-30 15:31:51.294616,50,50009,"-27.6813785,148.859314"
WDBUF56X98B123456,Mercedes-Benz,2017,2025-11-30 08:28:44.603908,95,40002,"-79.0050405,-78.976130"
3AKJGLD54JSC12345,Freightliner,2022,2025-11-30 13:47:13.376329,51,10010,"-28.5147255,138.598394"
1VWAP7A30JC123456,Volkswagen,2021,2025-11-30 05:04:34.992726,118,20010,"58.5687295,-57.508235"
WDBUF56X98B123456,Mercedes-Benz,2017,2025-11-30 11:55:46.267249,54,40003,"-13.679881,142.077394"
F654J5DV77JS98654,Ford,2023,2025-11-30 04:34:18.121386,100,22116,"-75.5877005,-79.867546"
F654J5DV77JS98654,Ford,2023,2025-11-30 21:27:24.070378,107,22115,"37.3636725,154.180549"
3GCUKREC0FG893480,Chevrolet,2025,2025-11-30 13:11:48.895569,62,3932,"76.455862,102.037981"
1XKAD49X7JJ123456,Kenworth,2015,2025-11-30 11:52:23.268638,32,60000,"-49.7969775,-83.757221"
1V2NC9JX5JC962225,Volvo,2022,2025-11-30 16:43:57.654177,85,11052,"78.9120245,-4.681121"
6FDUF4GY1JSC12345,Scania,2016,2025-11-30 19:50:31.405004,16,50005,"54.2982175,-63.010277"
3AKJGLD54JSC12345,Freightliner,2022,2025-11-30 13:56:36.170485,91,10005,"-81.8550565,41.235628"
3GCUKREC0FG123456,Chevrolet,2024,2025-11-30 17:46:53.169807,37,4009,"24.635321,-17.450473"
3GCUKREC0FG893480,Chevrolet,2025,2025-11-30 15:41:21.671593,47,3926,"19.1758635,-77.819566"
1XKAD49X7JJ123456,Kenworth,2015,2025-11-30 09:25:12.781314,2,60001,"5.1668445,-1.775489"
3GCUKREC0FG123456,Chevrolet,2024,2025-11-30 09:53:21.512604,39,4006,"-33.1673795,-153.339185"
LZB12345678901234,FAW,2023,2025-11-30 21:04:37.944092,48,8009,"3.0401955,-75.478265"
3GCUKREC0FG893480,Chevrolet,2025,2025-11-30 12:17:34.325913,110,3926,"-24.564741,-132.929296"
1VWAP7A30JC123456,Volkswagen,2021,2025-11-30 02:32:44.744869,67,20007,"20.578589,-130.792625"
LZB12345678901234,FAW,2023,2025-11-30 07:40:28.661272,57,8003,"-75.6870995,0.340507"
6FDUF4GY1JSC12345,Scania,2016,2025-11-30 22:52:56.097135,103,50008,"34.3898325,146.320077"
LZB12345678901234,FAW,2023,2025-11-30 03:58:03.044268,56,8000,"22.5792475,90.961721"
1VWAP7A30JC123456,Volkswagen,2021,2025-11-30 07:34:59.120674,115,20010,"21.9070635,142.857910"
1VWAP7A30JC123456,Volkswagen,2021,2025-11-30 11:04:56.648839,34,20006,"15.515275,-83.215080"
3GCUKREC0FG893480,Chevrolet,2025,2025-11-30 22:29:49.999433,82,3931,"0.1793765,-75.006896"
1V2NC9JX5JC962225,Volvo,2022,2025-11-30 09:54:17.422247,108,11053,"66.738315,45.411493"
1V2NC9JX5JC123456,Volvo,2022,2025-11-30 17:02:10.978359,98,13563,"-23.3586725,33.001474"
3GCUKREC0FG123456,Chevrolet,2024,2025-11-30 14:09:06.830957,117,3999,"88.2362805,-142.160264"
1VWAP7A30JC123456,Volkswagen,2021,2025-11-30 12:36:45.495849,61,20003,"-54.2874215,-4.486299"
1VWAP7A30JC123456,Volkswagen,2021,2025-11-30 18:56:15.367730,45,20006,"-6.191649,-24.255836"
1XKAD49X7JJ123456,Kenworth,2015,2025-11-30 05:15:20.243221,119,60008,"-19.3279125,-34.544616"
3AKJGLD54JSC12345,Freightliner,2022,2025-11-30 01:34:59.991969,88,10007,"-23.4986065,51.769312"
1V2NC9JX5JC962225,Volvo,2022,2025-11-30 12:59:58.344018,118,11056,"39.839207,-105.689694"
F654J5DV77JS98654,Ford,2023,2025-11-30 17:01:35.551581,111,22109,"-40.954429,-21.650614"
F654J5DV77JS98654,Ford,2023,2025-11-30 13:27:03.304799,116,22110,"-87.1375575,-82.089911"
6FDUF4GY1JSC12345,Scania,2016,2025-11-30 15:42:50.346354,13,50006,"69.642268,-134.894730"
1XKAD49X7JJ123456,Kenworth,2015,2025-11-30 13:52:11.865783,23,60002,"27.4238355,2.113417"
1V2NC9JX5JC962225,Volvo,2022,2025-11-30 13:51:11.463128,84,11054,"-22.1235035,122.075599"
F654J5DV77JS46566,Ford,2024,2025-11-30 10:52:27.961063,75,19625,"9.7498325,119.949632"
1V2NC9JX5JC123456,Volvo,2022,2025-11-30 02:56:26.715746,5,13563,"70.7174615,-116.913011"
LZB12345678901234,FAW,2023,2025-11-30 01:37:07.205598,70,8008,"65.481140,-122.087889"
6FDUF4GY1JSC12345,Scania,2016,2025-11-30 07:04:34.422596,75,50008,"65.5529045,-177.866448"
3GCUKREC0FG123456,Chevrolet,2024,2025-11-30 05:07:46.745722,30,3999,"10.034250,-32.304385"
3AKJGLD54JSC12345,Freightliner,2022,2025-11-30 12:51:58.443266,0,10010,"-14.946972,52.341018"
WDBUF56X98B123456,Mercedes-Benz,2017,2025-11-30 01:57:38.235864,96,40007,"22.998016,152.445817"
1V2NC9JX5JC123456,Volvo,2022,2025-11-30 18:47:23.675473,46,13565,"-42.7839135,-40.531423"
3GCUKREC0FG893480,Chevrolet,2025,2025-11-30 09:41:52.719058,9,3929,"1.566985,161.465463"
1XKAD49X7JJ123456,Kenworth,2015,2025-11-30 07:35:20.755776,94,60008,"73.7663375,-6.597653"
6FDUF4GY1JSC12345,Scania,2016,2025-11-30 17:39:40.986117,77,50010,"-85.608503,-88.538630"
1V2NC9JX5JC123456,Volvo,2022,2025-11-30 02:51:24.526919,9,13563,"-43.8128655,27.400241"
1V2NC9JX5JC962225,Volvo,2022,2025-11-30 14:50:27.275483,104,11060,"-79.902060,3.973633"
3AKJGLD54JSC12345,Freightliner,2022,2025-11-30 16:28:01.797498,116,10006,"81.0037365,-26.244296"
6FDUF4GY1JSC12345,Scania,2016,2025-11-30 10:46:03.265398,10,50000,"-3.943032,-118.423333"
3GCUKREC0FG893480,Chevrolet,2025,2025-11-30 04:53:08.100472,45,3931,"34.2641605,96.769124"
WDBUF56X98B123456,Mercedes-Benz,2017,2025-11-30 09:04:57.887594,100,40008,"85.6327645,111.329288"
1XKAD49X7JJ123456,Kenworth,2015,2025-11-30 10:46:45.320113,111,60005,"1.166246,91.310062"
WDBUF56X98B123456,Mercedes-Benz,2017,2025-11-30 14:29:21.565128,25,40009,"-21.5452595,-11.788850"
3GCUKREC0FG893480,Chevrolet,2025,2025-11-30 03:38:57.132070,15,3926,"26.505501,60.953262"
LZB12345678901234,FAW,2023,2025-11-30 13:15:17.824978,0,8008,"-45.472679,-109.490852"
3GCUKREC0FG123456,Chevrolet,2024,2025-11-30 11:21:22.754572,58,4002,"-54.432959,-110.398442"
3GCUKREC0FG893480,Chevrolet,2025,2025-11-30 15:30:05.044655,97,3935,"-32.5026935,-87.725346"
1V2NC9JX5JC123456,Volvo,2022,2025-11-30 01:28:27.109615,21,13565,"87.677041,23.325775"
1V2NC9JX5JC123456,Volvo,2022,2025-11-30 12:56:11.704550,119,13563,"-74.800131,44.516576"
1V2NC9JX5JC123456,Volvo,2022,2025-11-30 13:45:05.124042,82,13567,"-11.3532975,149.683229"
1VWAP7A30JC123456,Volkswagen,2021,2025-11-30 15:06:30.821331,51,20004,"52.909068,-53.264747"
F654J5DV77JS98654,Ford,2023,2025-11-30 08:54:52.481457,5,22110,"-13.5351935,76.413145"
1XKAD49X7JJ123456,Kenworth,2015,2025-11-30 14:30:23.012733,64,60001,"-86.170203,-112.276089"
WDBUF56X98B123456,Mercedes-Benz,2017,2025-11-30 21:23:49.355305,71,40010,"-65.1574345,-106.156906"
3AKJGLD54JSC12345,Freightliner,2022,2025-11-30 07:27:54.667374,9,10002,"9.5653535,-162.852328"
1VWAP7A30JC123456,Volkswagen,2021,2025-11-30 18:57:36.836481,51,20007,"-61.869959,133.058013"
1VWAP7A30JC123456,Volkswagen,2021,2025-11-30 21:36:29.883927,79,20007,"75.519470,85.117592"
1XKAD49X7JJ123456,Kenworth,2015,2025-11-30 05:21:18.504431,96,60008,"51.3448455,-127.497155"
F654J5DV77JS46566,Ford,2024,2025-11-30 09:23:52.316884,75,19616,"-48.743232,-76.715003"
3GCUKREC0FG123456,Chevrolet,2024,2025-11-30 08:26:08.810087,49,4009,"71.8480735,34.125001"
1V2NC9JX5JC123456,Volvo,2022,2025-11-30 05:08:30.937114,16,13565,"-48.977786,-100.344196"
LZB12345678901234,FAW,2023,2025-11-30 07:52:32.200218,18,8010,"-22.842191,-150.423205"
WDBUF56X98B123456,Mercedes-Benz,2017,2025-11-30 18:03:31.026733,106,40006,"53.6226335,-36.699137"
3GCUKREC0FG123456,Chevrolet,2024,2025-11-30 07:51:46.995283,71,3999,"-27.3970345,29.473723"
1V2NC9JX5JC123456,Volvo,2022,2025-11-30 08:12:38.443364,87,13570,"76.0405955,-91.640950"
LZB12345678901234,FAW,2023,2025-11-30 03:58:13.459781,119,8000,"67.2356825,159.519849"
WDBUF56X98B123456,Mercedes-Benz,2017,2025-11-30 19:03:28.837224,59,40002,"-74.861128,137.254962"
F654J5DV77JS46566,Ford,2024,2025-11-30 06:13:09.258648,12,19624,"12.0880735,111.266417"
1V2NC9JX5JC123456,Volvo,2022,2025-11-30 23:32:23.246181,6,13564,"-38.5287595,-92.916669"
1XKAD49X7JJ123456,Kenworth,2015,2025-11-30 15:20:22.057476,18,60010,"17.291907,118.814562"
3AKJGLD54JSC12345,Freightliner,2022,2025-11-30 18:04:16.163733,101,10004,"-37.5550955,139.761428"
6FDUF4GY1JSC12345,Scania,2016,2025-11-30 11:30:36.822971,119,50004,"-78.4804025,-22.264596"
3GCUKREC0FG893480,Chevrolet,2025,2025-11-30 23:55:32.476323,13,3928,"44.232732,-55.172997"
1V2NC9JX5JC962225,Volvo,2022,2025-11-30 00:57:10.742065,97,11057,"58.8098675,-85.021247"
WDBUF56X98B123456,Mercedes-Benz,2017,2025-11-30 09:26:27.354821,8,40004,"2.631089,77.057895"
3GCUKREC0FG123456,Chevrolet,2024,2025-11-30 17:36:24.904378,120,4004,"-87.0469345,-95.178167"
1XKAD49X7JJ123456,Kenworth,2015,2025-11-30 03:31:23.809918,28,60009,"26.6904105,-101.141564"
6FDUF4GY1JSC12345,Scania,2016,2025-11-30 20:26:13.893580,98,50005,"-67.0169625,57.125618"
3GCUKREC0FG893480,Chevrolet,2025,2025-11-30 06:43:23.967456,81,3928,"-12.6958395,-141.190001"
1V2NC9JX5JC962225,Volvo,2022,2025-11-30 01:33:53.719098,26,11053,"-61.7642855,33.825883"
1V2NC9JX5JC123456,Volvo,2022,2025-11-30 10:00:54.061606,4,13567,"66.749689,-43.573998"
F654J5DV77JS46566,Ford,2024,2025-11-30 14:29:55.479028,102,19615,"55.3504015,-22.846044"
F654J5DV77JS98654,Ford,2023,2025-11-30 04:07:15.235707,47,22114,"14.584991,-165.450496"
F654J5DV77JS98654,Ford,2023,2025-11-30 18:57:15.524714,101,22113,"-52.1216175,67.643311"
LZB12345678901234,FAW,2023,2025-11-30 18:05:14.070881,93,8003,"-40.697960,125.581489"
F654J5DV77JS98654,Ford,2023,2025-11-30 21:10:11.606437,13,22116,"32.875173,84.817220"
F654J5DV77JS46566,Ford,2024,2025-11-30 03:23:05.354261,52,19619,"-17.512608,-128.110510"
6FDUF4GY1JSC12345,Scania,2016,2025-11-30 02:03:37.077812,86,50006,"-8.923017,-64.545091"
WDBUF56X98B123456,Mercedes-Benz,2017,2025-11-30 07:29:47.221345,112,40006,"41.8184055,148.229182"
F654J5DV77JS46566,Ford,2024,2025-11-30 12:03:38.835226,96,19621,"89.2159505,-91.693778"
1V2NC9JX5JC962225,Volvo,2022,2025-11-30 18:44:38.240542,48,11059,"-37.322543,-93.390157"
3GCUKREC0FG123456,Chevrolet,2024,2025-11-30 22:42:04.648592,16,4004,"42.251980,25.620209"
1XKAD49X7JJ123456,Kenworth,2015,2025-11-30 01:53:14.001356,38,60001,"-85.2385715,-174.328110"
1VWAP7A30JC123456,Volkswagen,2021,2025-11-30 14:42:52.111167,73,20010,"41.977362,135.330194"
1VWAP7A30JC123456,Volkswagen,2021,2025-11-30 19:42:37.579481,83,20008,"-56.2012145,167.751580"
3GCUKREC0FG123456,Chevrolet,2024,2025-11-30 06:57:23.753470,13,4005,"-16.0428655,-154.588760"
F654J5DV77JS98654,Ford,2023,2025-11-30 01:10:10.917526,5,22107,"30.070019,-66.391726"
3GCUKREC0FG893480,Chevrolet,2025,2025-11-30 12:38:22.814412,106,3934,"-58.357067,-115.505386"
WDBUF56X98B123456,Mercedes-Benz,2017,2025-11-30 02:23:59.643780,60,40002,"83.127141,-72.141184"
F654J5DV77JS46566,Ford,2024,2025-11-30 11:22:30.629638,49,19622,"-46.842364,96.836680"
1VWAP7A30JC123456,Volkswagen,2021,2025-11-30 08:58:27.177950,67,20002,"-64.521926,43.148512"
3GCUKREC0FG893480,Chevrolet,2025,2025-11-30 03:47:38.266760,68,3934,"37.2130155,-41.673800"
F654J5DV77JS98654,Ford,2023,2025-11-30 05:24:19.852924,106,22106,"-83.3966075,93.614673"
1XKAD49X7JJ123456,Kenworth,2015,2025-11-30 04:57:27.378849,28,60008,"32.761335,-127.806392"
F654J5DV77JS46566,Ford,2024,2025-11-30 08:00:35.332422,19,19615,"11.384235,22.249432"
WDBUF56X98B123456,Mercedes-Benz,2017,2025-11-30 09:18:10.660954,101,40003,"-84.4465505,-167.997528"
6FDUF4GY1JSC12345,Scania,2016,2025-12-01 00:19:06.352730,104,50001,"-75.159608,-94.518768"
1V2NC9JX5JC123456,Volvo,2022,2025-11-30 05:11:55.865420,69,13562,"37.250369,-54.592481"
1V2NC9JX5JC962225,Volvo,2022,2025-11-30 13:46:02.219901,57,11052,"-51.783706,125.025088"
3GCUKREC0FG893480,Chevrolet,2025,2025-11-30 04:47:48.587194,26,3929,"27.2810645,-144.884675"
F654J5DV77JS46566,Ford,2024,2025-11-30 17:08:45.388744,94,19625,"-24.934579,-95.676473"
3GCUKREC0FG893480,Chevrolet,2025,2025-11-30 19:53:26.701261,61,3929,"34.8270235,59.037393"
3GCUKREC0FG893480,Chevrolet,2025,2025-11-30 15:34:04.971792,11,3931,"-19.2744975,-126.783344"
3GCUKREC0FG123456,Chevrolet,2024,2025-11-30 15:08:07.678902,72,4002,"17.9536565,77.407819"
3GCUKREC0FG893480,Chevrolet,2025,2025-11-30 05:13:42.334162,71,3931,"75.941924,141.244212"
F654J5DV77JS98654,Ford,2023,2025-11-30 19:27:52.781762,92,22109,"31.825688,169.877345"
LZB12345678901234,FAW,2023,2025-11-30 06:47:15.766780,51,8000,"-73.8177625,-115.137716"
LZB12345678901234,FAW,2023,2025-11-30 23:40:39.629041,50,8009,"-59.929553,-128.717554"
3AKJGLD54JSC12345,Freightliner,2022,2025-11-30 00:49:08.463675,39,10005,"-34.779258,18.362915"
1VWAP7A30JC123456,Volkswagen,2021,2025-11-30 11:18:59.360117,42,20006,"-37.8378625,-19.579910"
WDBUF56X98B123456,Mercedes-Benz,2017,2025-11-30 09:16:14.076142,38,40008,"-4.067068,16.525710"
LZB12345678901234,FAW,2023,2025-11-30 21:50:33.445152,50,8007,"81.2551105,-134.710537"
WDBUF56X98B123456,Mercedes-Benz,2017,2025-11-30 11:34:22.412394,25,40003,"52.129672,-124.662894"
WDBUF56X98B123456,Mercedes-Benz,2017,2025-12-01 00:19:16.684479,54,40010,"-7.7909025,-166.656976"
1XKAD49X7JJ123456,Kenworth,2015,2025-11-30 07:58:20.510761,87,60000,"51.2886885,72.977938"
1VWAP7A30JC123456,Volkswagen,2021,2025-11-30 02:18:26.908809,113,20003,"-82.6641915,-82.637695"
LZB12345678901234,FAW,2023,2025-11-30 22:28:25.251042,45,8006,"-49.3095295,-14.059884"
1XKAD49X7JJ123456,Kenworth,2015,2025-11-30 06:07:46.301655,31,60001,"-46.600291,-87.168287"
1V2NC9JX5JC123456,Volvo,2022,2025-11-30 04:00:38.758622,4,13560,"88.3056145,-44.393209"
3AKJGLD54JSC12345,Freightliner,2022,2025-11-30 23:10:11.068608,83,10009,"82.404769,-80.937955"
F654J5DV77JS46566,Ford,2024,2025-11-30 03:22:09.314891,22,19619,"-35.5798285,154.585207"
1XKAD49X7JJ123456,Kenworth,2015,2025-11-30 03:03:07.137449,99,60007,"11.554519,151.650737"
F654J5DV77JS98654,Ford,2023,2025-11-30 11:38:25.293091,5,22115,"57.539772,-25.630689"
WDBUF56X98B123456,Mercedes-Benz,2017,2025-11-30 02:18:49.609636,119,40000,"-79.6806365,-103.534683"
3GCUKREC0FG123456,Chevrolet,2024,2025-11-30 23:12:47.111151,71,3999,"-69.2126245,-144.901671"
LZB12345678901234,FAW,2023,2025-11-30 13:49:22.465604,53,8009,"-44.750124,104.371520"
LZB12345678901234,FAW,2023,2025-11-30 01:17:09.291552,38,8010,"65.8006095,85.575643"
6FDUF4GY1JSC12345,Scania,2016,2025-11-30 14:20:41.335261,84,50001,"-63.398427,-140.654731"
3GCUKREC0FG893480,Chevrolet,2025,2025-11-30 05:07:39.850360,22,3932,"18.628083,-88.834106"
6FDUF4GY1JSC12345,Scania,2016,2025-11-30 15:05:14.142685,52,50009,"83.217036,82.612634"
3GCUKREC0FG893480,Chevrolet,2025,2025-11-30 13:47:48.000175,78,3929,"-83.799373,-137.579550"
3GCUKREC0FG123456,Chevrolet,2024,2025-11-30 17:34:58.104032,119,4006,"69.695666,18.695531"
F654J5DV77JS46566,Ford,2024,2025-11-30 19:31:46.965248,64,19625,"89.9958595,73.193968"
F654J5DV77JS46566,Ford,2024,2025-11-30 17:39:42.686703,75,19621,"-19.192618,-22.322872"
3GCUKREC0FG123456,Chevrolet,2024,2025-11-30 01:24:37.986472,8,4007,"77.789036,-65.451693"
3AKJGLD54JSC12345,Freightliner,2022,2025-11-30 04:07:59.468270,102,10003,"36.7149675,123.232592"
F654J5DV77JS46566,Ford,2024,2025-11-30 07:44:15.701834,50,19625,"55.054222,112.667242"
LZB12345678901234,FAW,2023,2025-11-30 14:10:00.270874,91,8004,"-5.595085,175.768697"
3AKJGLD54JSC12345,Freightliner,2022,2025-11-30 04:12:28.067864,98,10003,"-37.6912115,60.936172"
WDBUF56X98B123456,Mercedes-Benz,2017,2025-11-30 17:11:34.046880,21,40007,"-28.656701,128.817224"
F654J5DV77JS46566,Ford,2024,2025-11-30 10:41:50.843291,103,19620,"26.588358,-119.933865"
WDBUF56X98B123456,Mercedes-Benz,2017,2025-11-30 18:04:09.865803,83,40002,"10.1080585,9.634661"
F654J5DV77JS46566,Ford,2024,2025-11-30 20:14:53.505301,114,19615,"-46.722156,-115.384457"
3AKJGLD54JSC12345,Freightliner,2022,2025-11-30 23:58:03.394114,8,10007,"-84.4476415,-158.744179"
F654J5DV77JS46566,Ford,2024,2025-11-30 03:00:41.416851,13,19618,"-79.0187865,92.974486"
F654J5DV77JS46566,Ford,2024,2025-11-30 11:24:29.917908,120,19618,"-43.2339725,9.970094"
WDBUF56X98B123456,Mercedes-Benz,2017,2025-11-30 03:42:26.329324,2,40000,"-82.7893215,-44.577704"
6FDUF4GY1JSC12345,Scania,2016,2025-11-30 08:27:23.441776,68,50010,"21.7179015,19.225028"
F654J5DV77JS46566,Ford,2024,2025-11-30 13:09:29.306015,78,19616,"-89.959134,30.610867"
F654J5DV77JS98654,Ford,2023,2025-12-01 00:06:45.185806,26,22114,"27.871724,146.690690"
3AKJGLD54JSC12345,Freightliner,2022,2025-11-30 05:12:14.764244,90,10008,"-33.0695035,148.000647"
6FDUF4GY1JSC12345,Scania,2016,2025-11-30 07:16:34.681033,103,50001,"-8.4155935,-55.607251"
1V2NC9JX5JC123456,Volvo,2022,2025-11-30 16:48:06.944472,90,13566,"37.8784275,-12.738990"
F654J5DV77JS98654,Ford,2023,2025-11-30 21:52:27.801937,34,22116,"55.072306,16.510164"
F654J5DV77JS98654,Ford,2023,2025-11-30 08:59:59.394210,12,22108,"30.883547,68.167503"
WDBUF56X98B123456,Mercedes-Benz,2017,2025-11-30 00:53:52.753778,30,40003,"61.6385445,-161.899194"
1VWAP7A30JC123456,Volkswagen,2021,2025-11-30 20:19:46.223479,27,20003,"-76.8855925,154.678652"
1XKAD49X7JJ123456,Kenworth,2015,2025-11-30 09:00:32.760185,23,60006,"21.276770,-62.622278"
6FDUF4GY1JSC12345,Scania,2016,2025-11-30 11:51:45.428273,43,50005,"-16.5994605,-118.735938"
1VWAP7A30JC123456,Volkswagen,2021,2025-11-30 18:24:10.988940,17,20001,"-12.318918,113.241976"
3AKJGLD54JSC12345,Freightliner,2022,2025-11-30 08:55:28.817097,2,10003,"-87.316293,-136.096752"
LZB12345678901234,FAW,2023,2025-11-30 13:19:00.757679,6,8001,"54.645111,-7.852664"
1V2NC9JX5JC123456,Volvo,2022,2025-11-30 15:33:06.138876,71,13568,"-56.441184,5.043398"
1V2NC9JX5JC962225,Volvo,2022,2025-11-30 16:40:36.867722,41,11058,"54.973309,-34.066976"
1V2NC9JX5JC123456,Volvo,2022,2025-11-30 12:30:55.179931,78,13562,"-45.192590,-95.797169"
1V2NC9JX5JC962225,Volvo,2022,2025-11-30 08:28:56.688622,37,11058,"-65.381091,150.632337"
6FDUF4GY1JSC12345,Scania,2016,2025-11-30 15:54:49.498518,115,50000,"-82.7532495,163.760936"
3GCUKREC0FG893480,Chevrolet,2025,2025-11-30 14:28:07.737655,114,3932,"-46.0215145,36.365948"
1XKAD49X7JJ123456,Kenworth,2015,2025-11-30 16:26:17.646794,114,60010,"-14.168378,142.040046"
F654J5DV77JS46566,Ford,2024,2025-11-30 22:30:32.573223,4,19624,"50.7763305,-154.527988"
1VWAP7A30JC123456,Volkswagen,2021,2025-11-30 05:36:08.112588,37,20008,"-46.251044,31.082432"
1XKAD49X7JJ123456,Kenworth,2015,2025-11-30 21:28:36.162246,3,60006,"-9.4699485,-24.802376"
1V2NC9JX5JC962225,Volvo,2022,2025-11-30 02:03:52.626877,24,11057,"-68.348640,90.749202"
1VWAP7A30JC123456,Volkswagen,2021,2025-11-30 01:26:53.258262,87,20006,"-56.7318795,-83.741641"
3GCUKREC0FG893480,Chevrolet,2025,2025-11-30 03:02:32.634355,52,3929,"-5.429396,120.686822"
3GCUKREC0FG123456,Chevrolet,2024,2025-11-30 10:47:03.642765,22,4001,"56.3851775,121.229037"
F654J5DV77JS46566,Ford,2024,2025-11-30 13:51:21.167525,47,19618,"-12.2826675,-57.175857"
3GCUKREC0FG893480,Chevrolet,2025,2025-11-30 05:49:49.069852,31,3927,"-88.878063,46.355935"
1VWAP7A30JC123456,Volkswagen,2021,2025-11-30 04:59:05.140370,20,20010,"-84.2862485,111.877872"
3GCUKREC0FG893480,Chevrolet,2025,2025-11-30 22:02:45.595966,68,3933,"18.430625,-112.356388"
1V2NC9JX5JC123456,Volvo,2022,2025-11-30 17:18:39.869808,39,13564,"-18.890052,-16.407242"
6FDUF4GY1JSC12345,Scania,2016,2025-11-30 22:37:12.691274,101,50009,"-89.881864,-177.302920"
3AKJGLD54JSC12345,Freightliner,2022,2025-11-30 16:25:26.506923,112,10010,"-4.228061,-65.877381"
3GCUKREC0FG893480,Chevrolet,2025,2025-11-30 00:34:06.537640,86,3930,"73.129907,87.463099"
F654J5DV77JS46566,Ford,2024,2025-11-30 16:59:46.890067,101,19618,"28.288771,52.433916"
F654J5DV77JS46566,Ford,2024,2025-11-30 12:32:26.647237,120,19616,"23.394983,138.631418"
6FDUF4GY1JSC12345,Scania,2016,2025-11-30 22:28:17.812444,73,50001,"44.7943815,105.087718"
1V2NC9JX5JC962225,Volvo,2022,2025-11-30 06:36:26.308940,117,11056,"14.097085,75.492822"
WDBUF56X98B123456,Mercedes-Benz,2017,2025-11-30 13:22:09.913325,70,40009,"24.325193,-54.920280"
1V2NC9JX5JC962225,Volvo,2022,2025-11-30 07:54:49.614405,32,11054,"27.1032845,-132.756270"
1V2NC9JX5JC962225,Volvo,2022,2025-11-30 12:40:12.013423,29,11056,"63.630259,-81.551430"
1V2NC9JX5JC962225,Volvo,2022,2025-11-30 20:02:09.969094,75,11056,"57.2426895,-121.257275"
F654J5DV77JS98654,Ford,2023,2025-11-30 20:30:15.795312,0,22107,"2.926278,-169.163399"
WDBUF56X98B123456,Mercedes-Benz,2017,2025-11-30 22:08:44.836810,21,40002,"3.1323005,-83.294425"
1XKAD49X7JJ123456,Kenworth,2015,2025-11-30 06:53:33.333952,59,60004,"84.280350,-105.260685"
WDBUF56X98B123456,Mercedes-Benz,2017,2025-12-01 00:17:18.883889,14,40006,"1.8341995,160.411383"
3AKJGLD54JSC12345,Freightliner,2022,2025-11-30 12:05:46.907644,33,10003,"-88.861487,15.247595"
LZB12345678901234,FAW,2023,2025-11-30 06:03:34.053994,12,8003,"-61.006709,-129.151526"
F654J5DV77JS98654,Ford,2023,2025-11-30 17:26:14.096359,88,22113,"-59.615555,-92.336871"
1V2NC9JX5JC123456,Volvo,2022,2025-11-30 11:48:01.521647,97,13564,"16.9561645,73.822271"
F654J5DV77JS46566,Ford,2024,2025-11-30 16:10:28.737660,45,19620,"-5.5204335,-101.628214"
1VWAP7A30JC123456,Volkswagen,2021,2025-11-30 19:56:58.151933,89,20003,"-18.967329,43.962578"
1XKAD49X7JJ123456,Kenworth,2015,2025-11-30 17:09:07.591523,27,60005,"40.814058,68.840010"
1XKAD49X7JJ123456,Kenworth,2015,2025-11-30 22:31:16.487053,89,60000,"-51.513508,81.023678"
1V2NC9JX5JC123456,Volvo,2022,2025-11-30 03:20:43.219145,34,13561,"-79.363724,-87.852393"
3GCUKREC0FG123456,Chevrolet,2024,2025-11-30 23:34:29.404167,56,4005,"-24.7985685,83.974264"
WDBUF56X98B123456,Mercedes-Benz,2017,2025-11-30 08:05:13.780714,9,40003,"-12.070028,71.943732"
1VWAP7A30JC123456,Volkswagen,2021,2025-11-30 02:06:48.441633,18,20004,"61.2062305,-135.187311"
LZB12345678901234,FAW,2023,2025-11-30 12:32:57.046560,43,8000,"-11.484340,-80.292415"
F654J5DV77JS98654,Ford,2023,2025-11-30 21:37:29.155484,10,22111,"-66.6977325,161.026247"
6FDUF4GY1JSC12345,Scania,2016,2025-11-30 11:18:56.168472,78,50003,"-14.0896215,34.548612"
F654J5DV77JS98654,Ford,2023,2025-11-30 05:47:36.382065,69,22106,"-84.842919,-30.876994"
3GCUKREC0FG893480,Chevrolet,2025,2025-11-30 12:39:20.534031,38,3926,"-57.066373,121.876505"
F654J5DV77JS98654,Ford,2023,2025-11-30 01:51:00.833004,35,22112,"-72.9477775,153.730257"
3GCUKREC0FG123456,Chevrolet,2024,2025-11-30 08:16:18.869277,120,4000,"-53.8126895,-77.037815"
1V2NC9JX5JC962225,Volvo,2022,2025-11-30 07:43:43.308873,95,11059,"-77.931413,179.891516"
F654J5DV77JS46566,Ford,2024,2025-11-30 22:58:35.727419,27,19616,"50.2248915,-172.630472"
3AKJGLD54JSC12345,Freightliner,2022,2025-11-30 13:25:06.142827,14,10004,"52.2315555,-145.224548"
F654J5DV77JS46566,Ford,2024,2025-11-30 11:59:49.361500,47,19617,"-26.646676,143.707964"
1V2NC9JX5JC123456,Volvo,2022,2025-11-30 15:26:04.719579,118,13567,"21.375474,8.185836"
1V2NC9JX5JC123456,Volvo,2022,2025-11-30 21:35:56.084583,7,13568,"-5.418225,-101.705472"
WDBUF56X98B123456,Mercedes-Benz,2017,2025-11-30 11:44:08.946791,117,40008,"-10.3981525,-114.151044"
1VWAP7A30JC123456,Volkswagen,2021,2025-11-30 17:18:02.123690,120,20002,"83.3365085,-154.396838"
WDBUF56X98B123456,Mercedes-Benz,2017,2025-11-30 13:10:02.776760,31,40005,"-28.1446705,-86.782276"
1XKAD49X7JJ123456,Kenworth,2015,2025-11-30 20:22:32.767977,13,60004,"-47.5352265,6.357486"
1VWAP7A30JC123456,Volkswagen,2021,2025-11-30 15:40:18.034099,64,20007,"-87.642077,164.538344"
1V2NC9JX5JC123456,Volvo,2022,2025-11-30 11:37:52.898510,113,13562,"13.3493285,-1.197222"
F654J5DV77JS46566,Ford,2024,2025-11-30 00:53:57.319510,74,19618,"-19.011459,5.547712"
3GCUKREC0FG893480,Chevrolet,2025,2025-11-30 10:19:23.936642,111,3935,"52.173350,106.159257"
1V2NC9JX5JC962225,Volvo,2022,2025-11-30 02:42:42.481966,50,11053,"-76.6013395,84.815926"
6FDUF4GY1JSC12345,Scania,2016,2025-11-30 02:34:38.830718,88,50008,"18.665821,-78.086653"
1V2NC9JX5JC962225,Volvo,2022,2025-11-30 20:51:04.567350,25,11056,"-66.0261065,-169.648737"
F654J5DV77JS46566,Ford,2024,2025-11-30 02:14:45.739044,45,19618,"16.826420,39.805035"
WDBUF56X98B123456,Mercedes-Benz,2017,2025-11-30 23:12:20.456792,21,40001,"41.3589535,-139.486568"
1VWAP7A30JC123456,Volkswagen,2021,2025-11-30 22:33:00.041735,42,20005,"-40.512292,-53.333749"
1V2NC9JX5JC962225,Volvo,2022,2025-11-30 01:24:36.933960,46,11060,"60.965788,-1.419242"
1V2NC9JX5JC962225,Volvo,2022,2025-11-30 14:30:36.298249,63,11050,"75.3550115,123.126689"
1V2NC9JX5JC123456,Volvo,2022,2025-11-30 07:21:32.760323,80,13569,"-47.264336,-48.337184"
WDBUF56X98B123456,Mercedes-Benz,2017,2025-11-30 12:01:24.048269,3,40001,"35.9077905,123.480055"
LZB12345678901234,FAW,2023,2025-11-30 17:05:59.257930,120,8006,"78.481713,56.752587"
1VWAP7A30JC123456,Volkswagen,2021,2025-11-30 18:09:50.417417,107,20000,"-40.6082955,-138.519791"
1V2NC9JX5JC123456,Volvo,2022,2025-11-30 07:44:14.016842,103,13567,"82.221764,-24.957717"
1VWAP7A30JC123456,Volkswagen,2021,2025-11-30 08:48:42.813541,82,20005,"63.819050,106.824463"
6FDUF4GY1JSC12345,Scania,2016,2025-11-30 10:03:37.021908,50,50003,"-40.2553165,47.149691"
LZB12345678901234,FAW,2023,2025-11-30 00:50:44.654079,29,8005,"-14.018525,172.110484"
F654J5DV77JS46566,Ford,2024,2025-11-30 21:33:40.336796,32,19617,"-39.075566,-14.744939"
F654J5DV77JS98654,Ford,2023,2025-11-30 09:55:19.261697,38,22108,"-39.7009805,150.630118"
1VWAP7A30JC123456,Volkswagen,2021,2025-11-30 11:07:20.854460,14,20002,"60.2083575,-71.248675"
1V2NC9JX5JC123456,Volvo,2022,2025-11-30 23:45:52.699655,65,13564,"39.6615105,-20.691166"
6FDUF4GY1JSC12345,Scania,2016,2025-11-30 01:01:47.874122,44,50010,"64.031779,84.289955"
1V2NC9JX5JC123456,Volvo,2022,2025-11-30 23:34:56.686514,31,13568,"18.9709985,-84.644982"
3AKJGLD54JSC12345,Freightliner,2022,2025-11-30 01:05:55.341272,117,10000,"7.315799,-57.653332"
3GCUKREC0FG893480,Chevrolet,2025,2025-11-30 18:17:57.021470,97,3934,"74.1869525,-38.919751"
LZB12345678901234,FAW,2023,2025-11-30 15:15:43.711426,44,8004,"67.211116,57.753666"
F654J5DV77JS46566,Ford,2024,2025-11-30 20:34:26.969911,109,19624,"-85.1879375,45.034910"
F654J5DV77JS98654,Ford,2023,2025-11-30 18:43:00.066082,2,22112,"-51.7064005,58.036943"
3GCUKREC0FG123456,Chevrolet,2024,2025-11-30 18:32:35.033745,106,4003,"18.438411,153.132082"
1V2NC9JX5JC123456,Volvo,2022,2025-11-30 09:26:31.596539,45,13570,"-33.8195575,145.181895"
F654J5DV77JS98654,Ford,2023,2025-11-30 05:16:06.990680,4,22115,"-2.9981845,143.864680"
1VWAP7A30JC123456,Volkswagen,2021,2025-11-30 03:20:01.940526,79,20002,"-42.780404,96.639835"
LZB12345678901234,FAW,2023,2025-11-30 02:01:51.795662,13,8000,"-4.7177675,28.254799"
3GCUKREC0FG123456,Chevrolet,2024,2025-11-30 11:46:24.066815,56,4001,"87.2527805,124.056573"
F654J5DV77JS98654,Ford,2023,2025-11-30 02:35:15.497862,86,22110,"-61.4767285,124.943111"
WDBUF56X98B123456,Mercedes-Benz,2017,2025-11-30 13:35:15.421756,36,40008,"84.827784,-109.851655"
1XKAD49X7JJ123456,Kenworth,2015,2025-11-30 16:32:26.480310,48,60008,"-6.333701,162.254933"
3AKJGLD54JSC12345,Freightliner,2022,2025-11-30 00:39:00.935640,47,10008,"13.4457935,-3.132602"
1V2NC9JX5JC962225,Volvo,2022,2025-11-30 04:37:50.160054,46,11051,"-3.261690,137.342755"
6FDUF4GY1JSC12345,Scania,2016,2025-11-30 18:56:30.225235,69,50007,"-69.133855,-35.932596"
3AKJGLD54JSC12345,Freightliner,2022,2025-11-30 07:36:15.352256,78,10003,"-46.566797,141.440155"
3AKJGLD54JSC12345,Freightliner,2022,2025-11-30 17:47:55.163945,74,10001,"21.946253,94.465220"
LZB12345678901234,FAW,2023,2025-11-30 12:28:29.348339,93,8004,"0.823948,3.160919"
3GCUKREC0FG893480,Chevrolet,2025,2025-11-30 14:11:59.042068,110,3934,"61.1642245,-55.441763"
WDBUF56X98B123456,Mercedes-Benz,2017,2025-12-01 00:02:45.232921,98,40002,"53.6019595,-15.158880"
WDBUF56X98B123456,Mercedes-Benz,2017,2025-11-30 10:42:31.817652,109,40004,"-27.3076175,21.008829"
1V2NC9JX5JC123456,Volvo,2022,2025-11-30 16:37:57.449299,99,13563,"36.721341,-77.256230"
3GCUKREC0FG893480,Chevrolet,2025,2025-11-30 11:16:30.747958,75,3931,"-14.030709,-53.380681"
6FDUF4GY1JSC12345,Scania,2016,2025-11-30 22:59:28.863115,0,50008,"82.8209055,141.123825"
3GCUKREC0FG893480,Chevrolet,2025,2025-11-30 05:51:04.285234,37,3925,"77.1893495,73.876997"
3GCUKREC0FG123456,Chevrolet,2024,2025-11-30 22:00:38.285106,8,4000,"-6.450638,126.542810"
1VWAP7A30JC123456,Volkswagen,2021,2025-11-30 22:27:31.674055,2,20001,"-6.079084,124.978684"
F654J5DV77JS98654,Ford,2023,2025-11-30 07:48:30.924807,24,22113,"-52.887863,156.306119"
F654J5DV77JS98654,Ford,2023,2025-11-30 11:55:01.965988,3,22106,"-52.8405705,26.150988"
F654J5DV77JS46566,Ford,2024,2025-11-30 17:07:55.715381,19,19616,"-62.885457,-156.030353"
3GCUKREC0FG893480,Chevrolet,2025,2025-11-30 16:13:24.868020,41,3928,"-10.180959,-30.850625"
LZB12345678901234,FAW,2023,2025-11-30 19:55:49.980095,55,8006,"35.609097,165.101414"
1XKAD49X7JJ123456,Kenworth,2015,2025-11-30 22:54:02.085597,99,60007,"30.7711915,107.813420"
WDBUF56X98B123456,Mercedes-Benz,2017,2025-11-30 19:12:04.833395,28,40006,"8.7931965,-34.273374"
1XKAD49X7JJ123456,Kenworth,2015,2025-11-30 16:15:01.784754,48,60000,"56.057006,14.269613"
6FDUF4GY1JSC12345,Scania,2016,2025-11-30 17:51:25.810332,31,50007,"-0.4633695,-54.266689"
F654J5DV77JS98654,Ford,2023,2025-11-30 22:36:37.567172,85,22107,"60.405274,-74.140836"
1V2NC9JX5JC123456,Volvo,2022,2025-11-30 12:35:53.619587,39,13570,"-27.189904,16.764610"
6FDUF4GY1JSC12345,Scania,2016,2025-11-30 04:00:02.868634,86,50000,"63.1619125,85.971979"
F654J5DV77JS46566,Ford,2024,2025-11-30 20:32:25.063246,111,19618,"10.912493,159.689461"
1V2NC9JX5JC962225,Volvo,2022,2025-11-30 12:09:39.036299,116,11056,"-22.0410515,159.836397"
F654J5DV77JS98654,Ford,2023,2025-11-30 16:34:59.213543,113,22112,"-22.050547,-103.032259"
F654J5DV77JS98654,Ford,2023,2025-11-30 02:48:19.372424,68,22111,"4.9970855,-113.948053"
1V2NC9JX5JC123456,Volvo,2022,2025-11-30 10:02:14.076502,68,13562,"-20.2731755,-164.278629"
1VWAP7A30JC123456,Volkswagen,2021,2025-11-30 06:11:55.641604,29,20002,"-67.175994,-140.284569"
1V2NC9JX5JC962225,Volvo,2022,2025-11-30 17:36:35.748658,45,11050,"47.745969,-89.617465"
F654J5DV77JS98654,Ford,2023,2025-11-30 02:57:45.394321,15,22108,"-56.6352715,-92.112750"
LZB12345678901234,FAW,2023,2025-11-30 04:37:50.406310,47,8009,"-27.3517255,-51.299763"
6FDUF4GY1JSC12345,Scania,2016,2025-11-30 01:08:35.436616,3,50005,"33.5324115,90.582625"
LZB12345678901234,FAW,2023,2025-11-30 22:35:31.411826,113,8008,"-4.431992,72.883967"
WDBUF56X98B123456,Mercedes-Benz,2017,2025-11-30 19:45:46.750774,4,40008,"38.2340715,21.336316"
1V2NC9JX5JC123456,Volvo,2022,2025-11-30 23:35:09.484001,16,13560,"75.260895,166.264217"
WDBUF56X98B123456,Mercedes-Benz,2017,2025-11-30 14:21:03.140912,112,40001,"-2.2149145,-83.947079"
1V2NC9JX5JC962225,Volvo,2022,2025-11-30 05:57:15.587964,3,11054,"80.617938,124.516416"
1VWAP7A30JC123456,Volkswagen,2021,2025-11-30 13:28:51.364613,65,20003,"-13.258296,-134.927536"
1V2NC9JX5JC123456,Volvo,2022,2025-11-30 15:34:16.658833,103,13565,"-54.297813,-124.132050"
WDBUF56X98B123456,Mercedes-Benz,2017,2025-11-30 21:51:33.297269,1,40009,"-25.6538695,-113.199725"
F654J5DV77JS98654,Ford,2023,2025-11-30 05:58:13.778691,3,22109,"-19.8890025,-18.614160"
6FDUF4GY1JSC12345,Scania,2016,2025-11-30 05:21:12.906304,86,50009,"44.729274,-117.062263"
1XKAD49X7JJ123456,Kenworth,2015,2025-11-30 09:39:57.981355,100,60010,"-70.7098565,-3.174575"
3AKJGLD54JSC12345,Freightliner,2022,2025-11-30 22:18:32.284395,71,10001,"-25.5191065,56.001891"
1V2NC9JX5JC123456,Volvo,2022,2025-11-30 00:47:44.523898,49,13566,"-44.017121,58.121229"
1V2NC9JX5JC123456,Volvo,2022,2025-11-30 10:37:08.835461,3,13567,"-7.1097745,-24.586083"
1XKAD49X7JJ123456,Kenworth,2015,2025-11-30 05:06:11.382332,36,60006,"23.066265,144.402998"
1V2NC9JX5JC962225,Volvo,2022,2025-11-30 21:09:15.725427,20,11057,"86.278649,-179.171701"
3GCUKREC0FG123456,Chevrolet,2024,2025-11-30 07:08:26.917246,112,4000,"76.4046745,123.542349"
1XKAD49X7JJ123456,Kenworth,2015,2025-11-30 15:47:24.377294,4,60004,"51.503662,86.863563"
3GCUKREC0FG893480,Chevrolet,2025,2025-11-30 08:23:33.304270,94,3934,"-35.5380365,112.637141"
6FDUF4GY1JSC12345,Scania,2016,2025-11-30 14:59:50.608256,7,50010,"27.4670615,144.174393"
3GCUKREC0FG893480,Chevrolet,2025,2025-12-01 00:09:24.854564,30,3927,"23.8573845,-12.619177"
1VWAP7A30JC123456,Volkswagen,2021,2025-11-30 02:55:23.965648,50,20005,"-55.5377315,39.488281"
WDBUF56X98B123456,Mercedes-Benz,2017,2025-11-30 11:24:39.708937,33,40008,"82.173295,-54.765985"
1VWAP7A30JC123456,Volkswagen,2021,2025-12-01 00:03:53.529810,107,20008,"-85.0037245,-177.095003"
WDBUF56X98B123456,Mercedes-Benz,2017,2025-11-30 02:25:16.351202,43,40006,"19.054991,-55.084645"
3GCUKREC0FG893480,Chevrolet,2025,2025-11-30 08:18:30.904066,113,3927,"50.4729015,-41.126057"
6FDUF4GY1JSC12345,Scania,2016,2025-12-01 00:10:47.181982,109,50003,"-9.735891,92.925661"
3GCUKREC0FG893480,Chevrolet,2025,2025-11-30 20:54:44.031906,52,3931,"-72.0877655,164.310508"
LZB12345678901234,FAW,2023,2025-11-30 07:50:26.612054,44,8004,"-59.026712,-107.075195"
3GCUKREC0FG123456,Chevrolet,2024,2025-11-30 13:53:59.096373,54,4000,"27.2557525,61.173766"
3GCUKREC0FG893480,Chevrolet,2025,2025-11-30 14:03:23.909856,49,3927,"37.105528,118.106316"
3GCUKREC0FG123456,Chevrolet,2024,2025-11-30 10:23:27.764588,93,4000,"-0.332033,43.122695"
3AKJGLD54JSC12345,Freightliner,2022,2025-11-30 13:39:59.868721,44,10006,"70.182171,158.799754"
F654J5DV77JS98654,Ford,2023,2025-11-30 12:23:35.760592,62,22111,"31.8239735,79.985652"
6FDUF4GY1JSC12345,Scania,2016,2025-11-30 22:51:05.435678,22,50009,"70.1057165,-47.516643"
1V2NC9JX5JC962225,Volvo,2022,2025-11-30 22:00:49.717989,51,11056,"-77.1266205,-62.558128"
1V2NC9JX5JC962225,Volvo,2022,2025-11-30 17:10:55.604604,52,11050,"81.040704,-34.588156"
WDBUF56X98B123456,Mercedes-Benz,2017,2025-11-30 03:03:52.110433,70,40008,"-44.0898445,149.670973"
1V2NC9JX5JC123456,Volvo,2022,2025-11-30 08:18:14.482606,64,13560,"89.022286,67.957043"
3AKJGLD54JSC12345,Freightliner,2022,2025-11-30 17:03:12.041670,84,10005,"-42.803061,-132.263721"
1V2NC9JX5JC123456,Volvo,2022,2025-11-30 06:32:54.845895,102,13569,"-84.507764,75.082552"
3GCUKREC0FG123456,Chevrolet,2024,2025-12-01 00:00:48.161015,118,4005,"-13.5130895,-4.191580"
6FDUF4GY1JSC12345,Scania,2016,2025-11-30 20:29:21.125195,49,50004,"-73.254533,-72.691960"
3AKJGLD54JSC12345,Freightliner,2022,2025-11-30 10:10:09.827589,41,10002,"-27.150783,31.605219"
3GCUKREC0FG893480,Chevrolet,2025,2025-11-30 14:25:59.081094,38,3930,"-63.0417565,140.995471"
F654J5DV77JS46566,Ford,2024,2025-11-30 21:00:43.938919,60,19621,"57.415280,-67.039245"
3GCUKREC0FG123456,Chevrolet,2024,2025-11-30 20:27:59.998597,90,4007,"-61.9814825,-81.610179"
3GCUKREC0FG123456,Chevrolet,2024,2025-11-30 19:22:15.340413,89,4004,"58.1705275,116.414209"
F654J5DV77JS98654,Ford,2023,2025-11-30 18:51:57.121973,26,22112,"44.0690175,-14.442323"
WDBUF56X98B123456,Mercedes-Benz,2017,2025-11-30 10:56:14.079816,0,40002,"-65.0218315,-58.685496"
6FDUF4GY1JSC12345,Scania,2016,2025-11-30 17:57:29.658531,86,50008,"46.396940,-139.021300"
WDBUF56X98B123456,Mercedes-Benz,2017,2025-11-30 19:36:02.559944,65,40001,"-58.520145,59.272070"
1V2NC9JX5JC962225,Volvo,2022,2025-11-30 07:03:13.487740,78,11058,"-30.982776,-131.348015"
F654J5DV77JS46566,Ford,2024,2025-11-30 16:49:17.964517,65,19619,"2.3337185,-59.848426"
F654J5DV77JS46566,Ford,2024,2025-11-30 20:59:50.532924,65,19625,"-11.2432765,-73.941896"
3GCUKREC0FG123456,Chevrolet,2024,2025-11-30 17:42:13.298799,8,4005,"-7.0838025,-127.718620"
3GCUKREC0FG893480,Chevrolet,2025,2025-11-30 08:42:00.602490,105,3925,"-69.7882865,40.166893"
3AKJGLD54JSC12345,Freightliner,2022,2025-11-30 13:53:08.345619,105,10001,"64.213048,45.065790"
6FDUF4GY1JSC12345,Scania,2016,2025-11-30 03:33:59.187970,44,50010,"-81.9667915,145.300480"
F654J5DV77JS46566,Ford,2024,2025-11-30 07:16:45.227922,57,19620,"80.951313,38.422662"
1V2NC9JX5JC962225,Volvo,2022,2025-11-30 05:11:43.821581,47,11058,"46.074060,101.161680"
1XKAD49X7JJ123456,Kenworth,2015,2025-11-30 23:26:34.469456,67,60004,"-70.1232075,-138.674390"
1V2NC9JX5JC123456,Volvo,2022,2025-11-30 15:15:06.150340,23,13564,"-11.835702,149.814815"
6FDUF4GY1JSC12345,Scania,2016,2025-11-30 04:45:49.722766,118,50000,"35.6806815,-35.165245"
1V2NC9JX5JC962225,Volvo,2022,2025-11-30 23:22:32.709742,105,11058,"-12.2418655,154.777413"
LZB12345678901234,FAW,2023,2025-11-30 23:29:51.140741,82,8006,"81.6822285,129.939804"
1V2NC9JX5JC123456,Volvo,2022,2025-11-30 16:56:53.160449,111,13565,"86.288127,-35.706849"
3GCUKREC0FG893480,Chevrolet,2025,2025-12-01 01:53:30.371259,22,3931,"87.568730,-83.603137"
WDBUF56X98B123456,Mercedes-Benz,2017,2025-11-30 09:46:19.763876,32,40008,"57.495851,-143.751944"
1XKAD49X7JJ123456,Kenworth,2015,2025-11-30 19:44:56.837584,35,60006,"-23.117806,155.954189"
3GCUKREC0FG893480,Chevrolet,2025,2025-11-30 11:19:54.500017,24,3925,"34.491956,37.997552"
3AKJGLD54JSC12345,Freightliner,2022,2025-11-30 19:00:07.243664,48,10008,"-31.800200,70.769949"
1V2NC9JX5JC962225,Volvo,2022,2025-11-30 11:04:24.095606,92,11055,"-44.3893275,54.913225"
3AKJGLD54JSC12345,Freightliner,2022,2025-11-30 23:39:08.392571,41,10003,"6.145769,175.526115"
3GCUKREC0FG123456,Chevrolet,2024,2025-11-30 05:49:46.255382,77,3999,"-24.0694945,170.058311"
1V2NC9JX5JC123456,Volvo,2022,2025-11-30 14:12:06.992800,55,13568,"70.8715755,-106.986971"
3GCUKREC0FG893480,Chevrolet,2025,2025-11-30 17:25:04.941393,119,3934,"7.3931635,-122.716141"
1XKAD49X7JJ123456,Kenworth,2015,2025-11-30 05:02:04.645974,46,60007,"-42.105766,-118.042966"
1V2NC9JX5JC962225,Volvo,2022,2025-11-30 22:13:31.766033,35,11055,"-67.778152,21.878182"
F654J5DV77JS46566,Ford,2024,2025-11-30 09:21:34.789238,10,19618,"-55.0067605,107.323375"
F654J5DV77JS46566,Ford,2024,2025-11-30 16:52:57.042377,28,19624,"52.1940445,-54.494391"
1V2NC9JX5JC962225,Volvo,2022,2025-11-30 03:15:02.232008,64,11055,"28.7257505,-158.396907"
F654J5DV77JS98654,Ford,2023,2025-11-30 16:44:33.928969,112,22106,"-24.5624265,36.248764"
1VWAP7A30JC123456,Volkswagen,2021,2025-11-30 09:29:28.604397,82,20008,"30.4193865,-26.641067"
1V2NC9JX5JC962225,Volvo,2022,2025-11-30 05:51:26.958817,49,11055,"18.545950,173.959533"
1VWAP7A30JC123456,Volkswagen,2021,2025-11-30 07:36:49.586944,56,20001,"-15.2971195,-121.953980"
WDBUF56X98B123456,Mercedes-Benz,2017,2025-11-30 05:12:43.015974,96,40009,"48.2633225,-85.717092"
F654J5DV77JS98654,Ford,2023,2025-11-30 10:47:12.569903,72,22112,"7.7480735,-151.175788"
1V2NC9JX5JC123456,Volvo,2022,2025-12-01 00:40:54.619664,3,13563,"-22.940620,-92.462907"
LZB12345678901234,FAW,2023,2025-12-01 01:58:56.826915,77,8002,"11.756567,131.643614"
F654J5DV77JS46566,Ford,2024,2025-11-30 10:02:09.780272,0,19623,"82.492145,-134.121310"
F654J5DV77JS98654,Ford,2023,2025-12-01 02:09:29.708102,7,22108,"35.4819115,-76.038038"
1VWAP7A30JC123456,Volkswagen,2021,2025-11-30 23:31:54.515487,101,20009,"-30.217623,114.097344"
1XKAD49X7JJ123456,Kenworth,2015,2025-11-30 07:03:01.976168,54,60000,"25.0127995,23.437609"
F654J5DV77JS46566,Ford,2024,2025-11-30 21:32:33.573330,8,19615,"-49.5579065,118.758030"
1V2NC9JX5JC962225,Volvo,2022,2025-11-30 17:08:57.532166,76,11054,"67.8809875,176.855654"
3GCUKREC0FG893480,Chevrolet,2025,2025-11-30 23:48:17.091217,58,3926,"72.652629,120.819970"
6FDUF4GY1JSC12345,Scania,2016,2025-11-30 09:37:38.921632,117,50000,"-58.1912295,-25.906032"
1V2NC9JX5JC123456,Volvo,2022,2025-11-30 02:49:12.073922,83,13570,"-81.5697155,120.424052"
3GCUKREC0FG123456,Chevrolet,2024,2025-11-30 04:19:45.736074,81,4004,"-75.792240,110.360037"
F654J5DV77JS46566,Ford,2024,2025-12-01 00:39:11.675849,40,19617,"-8.546906,153.489806"
F654J5DV77JS98654,Ford,2023,2025-12-01 02:15:48.266738,93,22115,"-14.523198,107.387942"
1V2NC9JX5JC123456,Volvo,2022,2025-11-30 13:36:34.155266,34,13561,"53.0595715,156.700007"
3AKJGLD54JSC12345,Freightliner,2022,2025-11-30 04:19:28.051313,32,10010,"52.634280,-72.831448"
1VWAP7A30JC123456,Volkswagen,2021,2025-11-30 18:09:55.644840,21,20008,"-15.562212,90.096679"
1V2NC9JX5JC962225,Volvo,2022,2025-11-30 19:58:47.591250,49,11060,"-70.2516725,96.813762"
WDBUF56X98B123456,Mercedes-Benz,2017,2025-11-30 11:19:53.497637,95,40000,"75.7703785,-176.233190"
LZB12345678901234,FAW,2023,2025-11-30 11:47:48.303385,77,8003,"82.8083935,57.105903"
1XKAD49X7JJ123456,Kenworth,2015,2025-11-30 14:15:06.493781,72,60003,"50.172409,85.410931"
1V2NC9JX5JC123456,Volvo,2022,2025-11-30 23:02:25.868333,88,13565,"4.252878,-87.634179"
WDBUF56X98B123456,Mercedes-Benz,2017,2025-11-30 06:20:07.805765,13,40007,"56.7623795,101.237695"
LZB12345678901234,FAW,2023,2025-11-30 22:08:27.815411,101,8001,"-62.5491315,115.761410"
1V2NC9JX5JC962225,Volvo,2022,2025-11-30 04:09:33.622151,91,11058,"57.133267,-44.929434"
6FDUF4GY1JSC12345,Scania,2016,2025-11-30 18:16:04.582259,112,50002,"76.706760,71.355647"
LZB12345678901234,FAW,2023,2025-11-30 20:08:11.777573,56,8010,"-19.602251,3.311986"
3GCUKREC0FG893480,Chevrolet,2025,2025-11-30 21:52:23.910139,65,3933,"54.8739815,8.508936"
6FDUF4GY1JSC12345,Scania,2016,2025-11-30 20:28:54.172791,12,50008,"83.9500625,-177.254266"
1V2NC9JX5JC962225,Volvo,2022,2025-11-30 05:57:25.238104,119,11052,"-40.571237,-123.725077"
LZB12345678901234,FAW,2023,2025-11-30 21:02:03.062813,49,8003,"58.743774,-77.952892"
1V2NC9JX5JC123456,Volvo,2022,2025-11-30 04:19:23.318674,97,13568,"-37.457129,58.929584"
6FDUF4GY1JSC12345,Scania,2016,2025-11-30 13:07:02.173890,47,50001,"82.5806845,171.478270"
1XKAD49X7JJ123456,Kenworth,2015,2025-11-30 09:54:06.740665,58,60003,"82.5696245,2.209916"
LZB12345678901234,FAW,2023,2025-12-01 01:45:59.098278,65,8010,"-22.593631,45.477446"
1V2NC9JX5JC962225,Volvo,2022,2025-11-30 21:59:39.749950,94,11060,"-34.6460375,40.257023"
1V2NC9JX5JC962225,Volvo,2022,2025-11-30 14:13:04.889707,58,11050,"43.438330,93.154994"
1VWAP7A30JC123456,Volkswagen,2021,2025-11-30 03:58:32.630601,21,20002,"-51.793920,-158.709466"
F654J5DV77JS46566,Ford,2024,2025-11-30 05:20:37.529623,82,19618,"46.5831915,-36.047613"
3GCUKREC0FG893480,Chevrolet,2025,2025-11-30 07:44:38.662585,89,3929,"79.017619,0.780195"
WDBUF56X98B123456,Mercedes-Benz,2017,2025-11-30 17:20:45.047165,48,40005,"-34.6325915,-112.787070"
F654J5DV77JS98654,Ford,2023,2025-11-30 12:38:46.259531,82,22113,"19.916107,32.330241"
3GCUKREC0FG893480,Chevrolet,2025,2025-12-01 01:12:45.673089,101,3935,"-14.122332,-127.540105"
3GCUKREC0FG123456,Chevrolet,2024,2025-12-01 00:29:26.918727,54,4007,"-41.877888,142.319124"
6FDUF4GY1JSC12345,Scania,2016,2025-11-30 07:24:10.133514,3,50009,"87.2271575,-31.468088"
1XKAD49X7JJ123456,Kenworth,2015,2025-11-30 11:16:17.373420,22,60010,"-37.3823025,-169.433331"
LZB12345678901234,FAW,2023,2025-12-01 00:37:12.349972,39,8008,"-48.512374,100.762670"
1V2NC9JX5JC962225,Volvo,2022,2025-11-30 20:02:18.195564,52,11055,"60.026576,-133.909288"
6FDUF4GY1JSC12345,Scania,2016,2025-11-30 22:03:24.970877,55,50006,"-32.0593635,71.659747"
1V2NC9JX5JC123456,Volvo,2022,2025-11-30 17:28:53.516782,24,13564,"83.959243,48.789123"
3GCUKREC0FG893480,Chevrolet,2025,2025-11-30 19:59:33.437151,57,3932,"-53.407371,-128.199230"
LZB12345678901234,FAW,2023,2025-11-30 08:28:34.878208,16,8004,"44.665284,-93.436528"
1XKAD49X7JJ123456,Kenworth,2015,2025-11-30 06:48:16.299711,12,60006,"-4.9927145,-141.308149"
WDBUF56X98B123456,Mercedes-Benz,2017,2025-11-30 02:55:58.994913,86,40007,"38.4150485,-35.881096"
1VWAP7A30JC123456,Volkswagen,2021,2025-12-01 02:06:46.108639,73,20010,"61.286806,120.842553"
3GCUKREC0FG893480,Chevrolet,2025,2025-11-30 08:42:37.622821,86,3932,"17.697521,110.492782"
1XKAD49X7JJ123456,Kenworth,2015,2025-11-30 19:47:27.179438,39,60005,"62.8609015,159.149840"
1XKAD49X7JJ123456,Kenworth,2015,2025-12-01 00:11:25.841079,25,60008,"-38.796031,-113.451444"
6FDUF4GY1JSC12345,Scania,2016,2025-11-30 22:53:42.138369,39,50008,"-38.8438705,148.740073"
3GCUKREC0FG893480,Chevrolet,2025,2025-11-30 04:22:08.151140,99,3934,"-61.1132005,-142.814410"
1V2NC9JX5JC962225,Volvo,2022,2025-11-30 14:18:24.282591,93,11058,"-72.1149075,-92.559867"
1V2NC9JX5JC123456,Volvo,2022,2025-11-30 13:42:02.830133,51,13570,"-5.4482935,95.296649"
F654J5DV77JS98654,Ford,2023,2025-12-01 02:04:51.117660,88,22115,"30.6268745,158.688994"
F654J5DV77JS46566,Ford,2024,2025-11-30 13:03:42.063138,59,19622,"-0.644512,-100.980027"
3GCUKREC0FG893480,Chevrolet,2025,2025-11-30 15:00:12.187731,3,3928,"37.5459545,-125.650900"
1VWAP7A30JC123456,Volkswagen,2021,2025-12-01 02:24:21.690945,42,20000,"27.3146525,-85.460639"
3GCUKREC0FG123456,Chevrolet,2024,2025-11-30 17:03:19.438977,99,4001,"35.0423485,163.949675"
1VWAP7A30JC123456,Volkswagen,2021,2025-11-30 17:59:37.405031,120,20000,"-26.7957105,-55.461152"
6FDUF4GY1JSC12345,Scania,2016,2025-11-30 13:57:35.231387,4,50007,"-66.6355645,-107.400205"
1VWAP7A30JC123456,Volkswagen,2021,2025-11-30 04:40:33.261474,117,20004,"37.7678185,-56.283678"
1V2NC9JX5JC123456,Volvo,2022,2025-11-30 07:27:35.320071,12,13569,"-80.362278,146.112003"
F654J5DV77JS98654,Ford,2023,2025-12-01 01:47:09.351398,58,22110,"-79.2633265,-154.747947"
F654J5DV77JS46566,Ford,2024,2025-11-30 02:39:02.271641,114,19618,"-40.8483615,83.582948"
1VWAP7A30JC123456,Volkswagen,2021,2025-11-30 08:30:44.267561,102,20003,"1.224230,175.493640"
3GCUKREC0FG123456,Chevrolet,2024,2025-11-30 10:50:15.955199,69,4003,"-31.974147,71.771340"
1XKAD49X7JJ123456,Kenworth,2015,2025-11-30 14:21:08.853195,73,60010,"-86.9689405,-163.769340"
1V2NC9JX5JC962225,Volvo,2022,2025-11-30 08:44:58.624956,73,11053,"17.5515855,-23.978996"
LZB12345678901234,FAW,2023,2025-11-30 04:22:56.728994,49,8005,"-82.2206665,-135.448621"
6FDUF4GY1JSC12345,Scania,2016,2025-11-30 22:23:09.633176,2,50006,"36.7230635,136.063166"
3AKJGLD54JSC12345,Freightliner,2022,2025-11-30 13:16:04.082689,23,10007,"15.5473355,-113.351410"
F654J5DV77JS46566,Ford,2024,2025-11-30 20:00:54.580344,82,19623,"5.092078,-144.881573"
F654J5DV77JS46566,Ford,2024,2025-11-30 15:50:52.663770,22,19619,"-88.509540,133.484184"
1VWAP7A30JC123456,Volkswagen,2021,2025-11-30 10:11:26.638110,10,20003,"26.9982465,-176.787285"
F654J5DV77JS46566,Ford,2024,2025-11-30 15:25:02.884848,15,19616,"41.442277,7.923005"
1XKAD49X7JJ123456,Kenworth,2015,2025-11-30 18:27:53.440763,114,60000,"-40.7124255,-20.496612"
1VWAP7A30JC123456,Volkswagen,2021,2025-11-30 16:50:53.908540,25,20007,"53.169940,-171.072919"
6FDUF4GY1JSC12345,Scania,2016,2025-12-01 00:55:12.659604,102,50004,"25.9345655,151.844842"
1VWAP7A30JC123456,Volkswagen,2021,2025-11-30 11:26:56.015524,72,20010,"-8.2534285,-18.361983"
F654J5DV77JS46566,Ford,2024,2025-11-30 10:31:40.020100,5,19618,"1.493873,-85.958293"
1VWAP7A30JC123456,Volkswagen,2021,2025-12-01 01:53:42.445231,50,20000,"30.844191,113.784908"
1VWAP7A30JC123456,Volkswagen,2021,2025-11-30 15:57:34.064051,100,20008,"-14.9511165,146.041472"
1V2NC9JX5JC962225,Volvo,2022,2025-11-30 09:34:08.007051,45,11059,"20.5874625,1.517156"
1V2NC9JX5JC123456,Volvo,2022,2025-11-30 10:33:06.794153,75,13570,"34.5670115,41.801835"
LZB12345678901234,FAW,2023,2025-11-30 06:48:01.174689,36,8000,"-28.447010,107.197515"
1V2NC9JX5JC123456,Volvo,2022,2025-11-30 18:22:36.494518,119,13566,"10.9308445,-35.597277"
3GCUKREC0FG123456,Chevrolet,2024,2025-11-30 04:54:05.108417,67,4008,"-64.084551,128.521650"
3GCUKREC0FG893480,Chevrolet,2025,2025-11-30 13:48:57.038270,107,3926,"-25.0762465,-114.928345"
1XKAD49X7JJ123456,Kenworth,2015,2025-11-30 09:12:03.207380,119,60007,"39.280353,-34.984396"
1XKAD49X7JJ123456,Kenworth,2015,2025-11-30 05:52:51.088814,31,60000,"-30.131302,104.223299"
1VWAP7A30JC123456,Volkswagen,2021,2025-11-30 06:34:44.948207,2,20002,"-68.4377495,34.366757"
3GCUKREC0FG893480,Chevrolet,2025,2025-11-30 23:27:56.278466,33,3928,"9.1325535,-104.064262"
F654J5DV77JS46566,Ford,2024,2025-11-30 17:26:31.550702,96,19615,"52.6296975,137.542047"
3GCUKREC0FG893480,Chevrolet,2025,2025-11-30 06:54:04.178932,47,3932,"-49.361133,-66.211961"
1V2NC9JX5JC962225,Volvo,2022,2025-11-30 08:36:20.176136,19,11058,"59.864600,-112.682873"
1V2NC9JX5JC962225,Volvo,2022,2025-11-30 22:40:17.832972,45,11051,"-12.933827,-86.899746"
F654J5DV77JS98654,Ford,2023,2025-11-30 11:19:44.270798,66,22112,"2.7669755,120.812210"
3AKJGLD54JSC12345,Freightliner,2022,2025-11-30 14:50:54.897935,59,10002,"31.433484,179.308024"
WDBUF56X98B123456,Mercedes-Benz,2017,2025-12-01 00:37:40.082411,51,40001,"43.9771315,-24.090267"
F654J5DV77JS98654,Ford,2023,2025-11-30 15:47:47.036509,97,22110,"-74.5833395,-7.990622"
F654J5DV77JS98654,Ford,2023,2025-11-30 18:42:15.022290,54,22109,"-11.556759,-117.253272"
WDBUF56X98B123456,Mercedes-Benz,2017,2025-12-01 00:44:01.478166,98,40002,"-12.336242,130.053139"
1V2NC9JX5JC123456,Volvo,2022,2025-11-30 23:12:43.178092,57,13564,"-82.1671025,-105.968600"
WDBUF56X98B123456,Mercedes-Benz,2017,2025-12-01 00:46:55.701838,35,40008,"-9.8292115,31.295364"
3AKJGLD54JSC12345,Freightliner,2022,2025-11-30 13:54:41.896709,66,10007,"-32.449496,166.873947"
1V2NC9JX5JC123456,Volvo,2022,2025-11-30 12:35:01.805725,44,13566,"-17.3299525,62.088577"
3GCUKREC0FG893480,Chevrolet,2025,2025-11-30 20:53:32.840624,97,3934,"25.2781665,30.035758"
3GCUKREC0FG893480,Chevrolet,2025,2025-11-30 12:12:46.763120,37,3929,"-40.094879,-62.271106"
WDBUF56X98B123456,Mercedes-Benz,2017,2025-11-30 19:06:47.096679,61,40004,"41.084946,32.740344"
1V2NC9JX5JC123456,Volvo,2022,2025-11-30 13:15:48.229903,98,13563,"-63.9434975,25.634890"
1VWAP7A30JC123456,Volkswagen,2021,2025-11-30 23:19:18.340961,43,20007,"-80.6642595,7.179403"
6FDUF4GY1JSC12345,Scania,2016,2025-11-30 22:48:57.485430,83,50008,"25.429873,-155.070083"
WDBUF56X98B123456,Mercedes-Benz,2017,2025-11-30 07:03:04.428768,86,40008,"-72.616575,-149.923078"
3GCUKREC0FG123456,Chevrolet,2024,2025-11-30 19:40:54.481807,7,4002,"77.775921,-160.668254"
1XKAD49X7JJ123456,Kenworth,2015,2025-11-30 11:23:17.696103,0,60008,"-63.670418,108.417646"
F654J5DV77JS98654,Ford,2023,2025-11-30 15:01:31.907325,93,22109,"-16.8135105,12.338271"
6FDUF4GY1JSC12345,Scania,2016,2025-11-30 22:23:32.321754,41,50000,"-76.411759,-111.712542"
1XKAD49X7JJ123456,Kenworth,2015,2025-11-30 21:17:21.343564,46,60010,"-77.2916565,4.368850"
3GCUKREC0FG893480,Chevrolet,2025,2025-11-30 16:56:55.030202,117,3925,"-9.492411,174.256345"
LZB12345678901234,FAW,2023,2025-11-30 12:38:51.680877,40,8003,"-58.8688835,59.546333"
1VWAP7A30JC123456,Volkswagen,2021,2025-11-30 23:20:38.109360,46,20008,"10.350471,-114.103203"
1V2NC9JX5JC962225,Volvo,2022,2025-11-30 16:14:20.864686,79,11055,"-62.851972,-18.917832"
1V2NC9JX5JC962225,Volvo,2022,2025-11-30 18:39:26.625179,56,11052,"57.4772335,36.954252"
1V2NC9JX5JC962225,Volvo,2022,2025-11-30 02:33:52.182754,85,11056,"53.894971,164.508748"
LZB12345678901234,FAW,2023,2025-12-01 01:49:28.513312,0,8003,"-86.002353,36.274626"
3GCUKREC0FG123456,Chevrolet,2024,2025-12-01 01:43:49.914262,21,3999,"75.016938,78.786814"
6FDUF4GY1JSC12345,Scania,2016,2025-11-30 21:01:28.164303,25,50001,"26.1938195,-72.397768"
LZB12345678901234,FAW,2023,2025-11-30 11:31:32.650885,8,8008,"67.952709,-132.424312"
LZB12345678901234,FAW,2023,2025-11-30 03:07:22.090559,111,8007,"19.499048,77.776628"
1V2NC9JX5JC123456,Volvo,2022,2025-11-30 10:54:28.620087,35,13569,"-80.6847725,152.320828"
1VWAP7A30JC123456,Volkswagen,2021,2025-11-30 12:34:33.682008,40,20006,"20.198013,34.747225"
LZB12345678901234,FAW,2023,2025-11-30 10:44:47.127288,43,8002,"1.113237,-104.633967"
3AKJGLD54JSC12345,Freightliner,2022,2025-11-30 04:47:12.416694,64,10007,"-9.554605,12.854205"
F654J5DV77JS46566,Ford,2024,2025-11-30 05:28:11.611661,99,19616,"-39.0485365,120.367679"
1VWAP7A30JC123456,Volkswagen,2021,2025-11-30 09:38:42.203923,68,20002,"-42.184385,4.744430"
WDBUF56X98B123456,Mercedes-Benz,2017,2025-11-30 13:09:48.526134,69,40001,"81.2324175,-16.524287"
3AKJGLD54JSC12345,Freightliner,2022,2025-11-30 05:34:01.567570,80,10004,"-40.905279,34.472193"
3AKJGLD54JSC12345,Freightliner,2022,2025-11-30 22:14:38.522500,19,10004,"49.9177915,32.012364"
F654J5DV77JS46566,Ford,2024,2025-11-30 17:51:16.167888,49,19616,"7.339904,-111.451849"
1V2NC9JX5JC962225,Volvo,2022,2025-11-30 14:34:31.036349,40,11057,"-4.136020,-142.294219"
1V2NC9JX5JC123456,Volvo,2022,2025-11-30 08:31:51.482996,10,13562,"-21.683272,49.528121"
1V2NC9JX5JC123456,Volvo,2022,2025-11-30 20:53:00.113117,48,13561,"63.4406825,-36.264274"
6FDUF4GY1JSC12345,Scania,2016,2025-12-01 00:33:09.777915,113,50002,"38.7402535,-46.681182"
F654J5DV77JS98654,Ford,2023,2025-11-30 03:21:01.109977,102,22113,"70.578851,-46.448426"
LZB12345678901234,FAW,2023,2025-11-30 21:05:57.568617,60,8010,"-7.1356235,-29.508690"
1V2NC9JX5JC962225,Volvo,2022,2025-11-30 05:18:31.748436,116,11053,"-34.250949,131.419431"
F654J5DV77JS46566,Ford,2024,2025-11-30 16:42:00.144714,84,19617,"80.4706345,-34.092463"
WDBUF56X98B123456,Mercedes-Benz,2017,2025-11-30 03:19:15.534102,7,40010,"70.0468685,98.766747"
6FDUF4GY1JSC12345,Scania,2016,2025-11-30 13:49:28.858390,82,50006,"80.0556515,-138.406508"
6FDUF4GY1JSC12345,Scania,2016,2025-11-30 07:32:44.717641,60,50007,"11.251014,-111.233672"
F654J5DV77JS98654,Ford,2023,2025-11-30 16:16:11.346699,104,22111,"64.099993,86.452628"
LZB12345678901234,FAW,2023,2025-11-30 19:30:06.002142,89,8003,"-53.157507,-10.198435"
3GCUKREC0FG893480,Chevrolet,2025,2025-11-30 10:28:32.113760,120,3929,"86.414939,-128.740491"
F654J5DV77JS98654,Ford,2023,2025-11-30 18:24:36.785107,60,22109,"37.036855,-14.902186"
1VWAP7A30JC123456,Volkswagen,2021,2025-11-30 17:43:14.679552,82,20009,"-70.4172735,114.998899"
3AKJGLD54JSC12345,Freightliner,2022,2025-11-30 04:16:41.605961,102,10009,"-35.013190,-13.230248"
LZB12345678901234,FAW,2023,2025-11-30 14:32:29.386196,58,8002,"-57.664462,-73.653097"
WDBUF56X98B123456,Mercedes-Benz,2017,2025-11-30 14:32:20.075534,28,40010,"-29.7707085,161.068470"
1V2NC9JX5JC962225,Volvo,2022,2025-11-30 02:55:51.245629,8,11060,"-0.1731385,-160.191989"
LZB12345678901234,FAW,2023,2025-12-01 01:12:07.076485,42,8003,"-72.804943,-166.265675"
3AKJGLD54JSC12345,Freightliner,2022,2025-11-30 22:08:23.540803,37,10003,"-38.263178,105.573850"
F654J5DV77JS46566,Ford,2024,2025-11-30 11:03:18.785978,59,19624,"-21.314962,-67.516577"
F654J5DV77JS98654,Ford,2023,2025-11-30 23:47:49.849242,87,22116,"16.273445,151.990080"
F654J5DV77JS46566,Ford,2024,2025-11-30 08:15:55.298352,23,19623,"-67.9232585,104.882122"
1V2NC9JX5JC962225,Volvo,2022,2025-11-30 08:43:54.040741,5,11060,"-38.503953,-165.672903"
3AKJGLD54JSC12345,Freightliner,2022,2025-11-30 19:52:23.403060,11,10007,"28.0192615,-99.650446"
1VWAP7A30JC123456,Volkswagen,2021,2025-11-30 15:28:24.447263,11,20009,"0.3648415,159.827944"
F654J5DV77JS46566,Ford,2024,2025-12-01 00:47:17.156057,25,19619,"-70.142579,-138.139231"
F654J5DV77JS46566,Ford,2024,2025-12-01 02:07:20.549521,100,19625,"-89.4778405,-38.314314"
1XKAD49X7JJ123456,Kenworth,2015,2025-11-30 11:19:20.269203,23,60000,"42.049276,-81.775095"
WDBUF56X98B123456,Mercedes-Benz,2017,2025-11-30 16:53:34.092314,59,40004,"51.2199865,39.627529"
6FDUF4GY1JSC12345,Scania,2016,2025-11-30 04:03:17.138825,29,50005,"-34.451277,164.338480"
F654J5DV77JS98654,Ford,2023,2025-11-30 21:02:26.594887,27,22107,"74.6022385,-57.145654"
6FDUF4GY1JSC12345,Scania,2016,2025-11-30 04:16:42.010373,75,50009,"-88.249664,-16.676006"
1VWAP7A30JC123456,Volkswagen,2021,2025-11-30 09:05:43.199815,81,20005,"23.5816695,-104.492856"
6FDUF4GY1JSC12345,Scania,2016,2025-12-01 01:34:39.669576,56,50007,"82.4629725,-75.099206"
WDBUF56X98B123456,Mercedes-Benz,2017,2025-11-30 21:52:15.792834,107,40008,"-55.783687,33.417069"
F654J5DV77JS98654,Ford,2023,2025-11-30 18:43:30.661646,11,22109,"-60.344974,-164.163429"
F654J5DV77JS46566,Ford,2024,2025-12-01 01:12:56.003790,34,19617,"-77.974912,21.008680"
3GCUKREC0FG893480,Chevrolet,2025,2025-11-30 02:29:56.499439,112,3933,"-61.7002945,125.527011"
3AKJGLD54JSC12345,Freightliner,2022,2025-11-30 15:40:37.946646,56,10010,"-46.379925,87.735401"
F654J5DV77JS98654,Ford,2023,2025-11-30 22:01:58.601407,5,22108,"-82.825583,17.010090"
3AKJGLD54JSC12345,Freightliner,2022,2025-12-01 01:10:46.710879,49,10007,"20.899238,178.333800"
6FDUF4GY1JSC12345,Scania,2016,2025-11-30 09:27:06.745525,120,50007,"-61.067244,-7.219473"
WDBUF56X98B123456,Mercedes-Benz,2017,2025-11-30 13:55:25.763256,5,40008,"56.436775,-174.491565"
6FDUF4GY1JSC12345,Scania,2016,2025-11-30 16:56:40.301241,45,50002,"60.333403,-144.947515"
WDBUF56X98B123456,Mercedes-Benz,2017,2025-11-30 06:39:27.643375,99,40008,"-19.6719185,-150.972125"
LZB12345678901234,FAW,2023,2025-11-30 23:12:59.901929,49,8009,"9.8644985,-122.385809"
F654J5DV77JS46566,Ford,2024,2025-11-30 07:08:20.896967,85,19619,"59.412325,123.407873"
6FDUF4GY1JSC12345,Scania,2016,2025-11-30 17:46:27.459950,38,50001,"-11.0089835,-39.847337"
F654J5DV77JS98654,Ford,2023,2025-11-30 08:08:47.459044,60,22109,"-11.3364005,-144.884166"
1XKAD49X7JJ123456,Kenworth,2015,2025-11-30 19:07:19.421780,118,60007,"12.4511855,-38.586473"
1XKAD49X7JJ123456,Kenworth,2015,2025-11-30 17:09:03.763190,105,60003,"28.6481855,-88.948164"
6FDUF4GY1JSC12345,Scania,2016,2025-11-30 23:22:47.367101,48,50006,"62.7968625,55.926221"
3GCUKREC0FG893480,Chevrolet,2025,2025-11-30 22:44:21.550430,79,3934,"-54.845037,-122.317725"
3GCUKREC0FG123456,Chevrolet,2024,2025-12-01 01:52:11.172792,66,4006,"-44.0424875,-116.761460"
F654J5DV77JS46566,Ford,2024,2025-11-30 21:23:40.249805,49,19622,"81.9422545,-14.886009"
1VWAP7A30JC123456,Volkswagen,2021,2025-12-01 00:01:43.803763,28,20007,"-89.3729845,58.498612"
1XKAD49X7JJ123456,Kenworth,2015,2025-11-30 14:58:01.282809,41,60007,"34.108384,151.317834"
F654J5DV77JS98654,Ford,2023,2025-11-30 03:05:11.503135,14,22106,"82.6737625,157.126293"
LZB12345678901234,FAW,2023,2025-11-30 09:21:45.573323,89,8010,"-78.9400415,109.570181"
LZB12345678901234,FAW,2023,2025-11-30 14:26:28.316044,109,8003,"19.058729,93.999848"
3AKJGLD54JSC12345,Freightliner,2022,2025-11-30 02:44:51.036671,5,10000,"-66.434467,111.184098"
LZB12345678901234,FAW,2023,2025-11-30 04:05:33.082467,103,8006,"-57.317824,13.819995"
3AKJGLD54JSC12345,Freightliner,2022,2025-11-30 07:17:18.210256,3,10006,"54.6909095,-114.907218"
LZB12345678901234,FAW,2023,2025-11-30 21:59:01.165768,112,8005,"8.6241765,178.463160"
LZB12345678901234,FAW,2023,2025-11-30 05:05:28.891858,20,8000,"-35.848556,-128.415883"
LZB12345678901234,FAW,2023,2025-11-30 03:01:27.998620,23,8000,"53.765486,114.073888"
1VWAP7A30JC123456,Volkswagen,2021,2025-12-01 02:22:24.005891,76,20002,"-7.6161685,8.562446"
WDBUF56X98B123456,Mercedes-Benz,2017,2025-11-30 17:19:59.652831,42,40004,"-65.688796,-49.049460"
1XKAD49X7JJ123456,Kenworth,2015,2025-11-30 20:22:20.399674,14,60001,"-15.466736,3.831814"
1VWAP7A30JC123456,Volkswagen,2021,2025-12-01 00:53:25.864790,68,20007,"-11.4209165,-132.592780"
LZB12345678901234,FAW,2023,2025-11-30 22:33:01.578548,48,8003,"-4.321871,141.323936"
3AKJGLD54JSC12345,Freightliner,2022,2025-11-30 03:48:02.563198,84,10007,"81.7789535,-90.623595"
1V2NC9JX5JC123456,Volvo,2022,2025-11-30 21:24:52.264581,21,13568,"-34.4442145,171.633754"
F654J5DV77JS46566,Ford,2024,2025-11-30 05:19:47.548064,102,19618,"-44.6983985,90.007516"
3AKJGLD54JSC12345,Freightliner,2022,2025-11-30 02:26:02.142289,38,10000,"-11.0922265,-112.882783"
1V2NC9JX5JC962225,Volvo,2022,2025-11-30 06:30:34.276199,50,11051,"-39.242298,102.511439"
1V2NC9JX5JC123456,Volvo,2022,2025-11-30 10:39:08.745253,118,13565,"-41.137515,178.192031"
1V2NC9JX5JC962225,Volvo,2022,2025-11-30 10:24:22.245527,70,11054,"-80.383781,-10.830902"
3AKJGLD54JSC12345,Freightliner,2022,2025-12-01 02:08:56.810956,37,10007,"42.883324,-110.022776"
1VWAP7A30JC123456,Volkswagen,2021,2025-11-30 07:15:08.301227,23,20008,"-69.5713265,-128.553209"
F654J5DV77JS46566,Ford,2024,2025-11-30 11:56:16.975141,82,19624,"-80.986412,112.247417"
1VWAP7A30JC123456,Volkswagen,2021,2025-11-30 11:05:40.303325,11,20007,"-23.3756915,-131.483533"
1XKAD49X7JJ123456,Kenworth,2015,2025-12-01 01:50:30.243357,118,60009,"47.9732845,106.147446"
1XKAD49X7JJ123456,Kenworth,2015,2025-11-30 18:12:03.321139,37,60010,"36.625469,-4.081898"
1XKAD49X7JJ123456,Kenworth,2015,2025-11-30 08:26:06.882912,82,60003,"25.9597075,140.652351"
3AKJGLD54JSC12345,Freightliner,2022,2025-11-30 05:51:09.264291,117,10007,"27.2385115,64.323306"
F654J5DV77JS46566,Ford,2024,2025-11-30 11:55:11.880967,10,19617,"-44.660715,167.944787"
3GCUKREC0FG893480,Chevrolet,2025,2025-12-01 01:56:27.018332,33,3928,"-15.9971405,74.605991"
WDBUF56X98B123456,Mercedes-Benz,2017,2025-11-30 10:53:46.622136,101,40007,"-19.415093,-7.529480"
1XKAD49X7JJ123456,Kenworth,2015,2025-11-30 22:11:36.524647,0,60002,"59.3115165,155.339164"
1XKAD49X7JJ123456,Kenworth,2015,2025-11-30 11:58:07.993343,46,60009,"-58.940011,-145.437776"
3GCUKREC0FG123456,Chevrolet,2024,2025-11-30 06:46:05.689982,59,4008,"-3.8789875,-135.974325"
3GCUKREC0FG123456,Chevrolet,2024,2025-11-30 22:33:08.558058,97,4006,"65.8346315,116.964967"
3GCUKREC0FG123456,Chevrolet,2024,2025-11-30 21:32:31.468126,105,4001,"-59.149422,-96.646065"
3AKJGLD54JSC12345,Freightliner,2022,2025-11-30 23:04:34.172647,113,10002,"15.674871,-142.334221"
F654J5DV77JS46566,Ford,2024,2025-11-30 17:08:46.232030,64,19620,"-1.1586265,52.782404"
3GCUKREC0FG893480,Chevrolet,2025,2025-11-30 19:07:01.057385,83,3927,"39.287985,-13.519487"
1V2NC9JX5JC962225,Volvo,2022,2025-11-30 05:55:44.321096,78,11060,"67.5630925,-125.023351"
1XKAD49X7JJ123456,Kenworth,2015,2025-11-30 20:28:48.334433,47,60000,"-32.175348,38.368030"
6FDUF4GY1JSC12345,Scania,2016,2025-11-30 16:55:17.111142,34,50007,"64.1407155,-157.725864"
1VWAP7A30JC123456,Volkswagen,2021,2025-11-30 15:56:48.015326,12,20007,"-15.5023155,179.338586"
6FDUF4GY1JSC12345,Scania,2016,2025-11-30 12:43:21.852175,106,50004,"-33.816519,-107.254804"
1V2NC9JX5JC123456,Volvo,2022,2025-11-30 20:47:09.703128,8,13560,"-51.1009655,36.235300"
3GCUKREC0FG893480,Chevrolet,2025,2025-11-30 23:46:17.884242,67,3926,"-52.408343,-172.248634"
1VWAP7A30JC123456,Volkswagen,2021,2025-11-30 17:50:00.059597,14,20001,"84.601841,97.919379"
WDBUF56X98B123456,Mercedes-Benz,2017,2025-12-01 01:48:15.003360,83,40008,"3.7357215,-98.511410"
F654J5DV77JS46566,Ford,2024,2025-11-30 06:22:35.304155,67,19615,"-63.323547,102.751218"
3GCUKREC0FG893480,Chevrolet,2025,2025-11-30 14:57:51.052325,51,3932,"-30.7566125,147.944409"
1V2NC9JX5JC123456,Volvo,2022,2025-11-30 23:11:14.556528,105,13570,"-16.0718745,3.251479"
3GCUKREC0FG893480,Chevrolet,2025,2025-11-30 10:02:59.185229,26,3935,"40.707470,-112.821625"
3GCUKREC0FG123456,Chevrolet,2024,2025-11-30 17:50:55.660738,99,4007,"-83.0001675,63.170399"
6FDUF4GY1JSC12345,Scania,2016,2025-11-30 21:53:31.439160,113,50000,"-75.1620885,40.049507"
F654J5DV77JS98654,Ford,2023,2025-11-30 20:52:06.731337,99,22111,"27.452396,127.514294"
1V2NC9JX5JC962225,Volvo,2022,2025-11-30 09:25:14.547325,16,11054,"69.9853845,176.626698"
3GCUKREC0FG893480,Chevrolet,2025,2025-11-30 14:04:47.214458,116,3925,"-36.888393,-34.903473"
1VWAP7A30JC123456,Volkswagen,2021,2025-11-30 14:57:43.075706,5,20006,"58.681869,99.711743"
1V2NC9JX5JC123456,Volvo,2022,2025-11-30 11:52:05.606411,4,13569,"-49.708769,-30.600212"
F654J5DV77JS98654,Ford,2023,2025-11-30 13:17:55.541475,117,22109,"23.8498335,-117.694514"
LZB12345678901234,FAW,2023,2025-11-30 18:01:14.318918,87,8004,"-72.344239,174.052465"
1VWAP7A30JC123456,Volkswagen,2021,2025-11-30 05:02:30.008411,10,20004,"49.966812,100.377762"
3GCUKREC0FG893480,Chevrolet,2025,2025-11-30 12:44:15.511821,110,3928,"-75.9678765,122.939553"
1V2NC9JX5JC962225,Volvo,2022,2025-11-30 12:50:25.085078,104,11053,"-73.2177735,2.436566"
3AKJGLD54JSC12345,Freightliner,2022,2025-11-30 18:03:43.303535,77,10008,"-88.477743,117.311256"
WDBUF56X98B123456,Mercedes-Benz,2017,2025-12-01 02:20:52.705643,72,40000,"22.9632115,-87.075080"
1V2NC9JX5JC123456,Volvo,2022,2025-11-30 03:53:07.000394,28,13566,"-11.500830,-170.293015"
6FDUF4GY1JSC12345,Scania,2016,2025-11-30 20:43:05.201672,16,50006,"-18.7026225,-1.808336"
3GCUKREC0FG893480,Chevrolet,2025,2025-11-30 20:12:26.905857,30,3925,"33.8018505,77.489569"
1V2NC9JX5JC962225,Volvo,2022,2025-11-30 04:01:05.296542,10,11059,"-60.574665,92.864615"
1V2NC9JX5JC962225,Volvo,2022,2025-11-30 07:36:04.530771,89,11057,"-60.9488405,-165.263712"
1XKAD49X7JJ123456,Kenworth,2015,2025-11-30 19:54:02.292266,32,60003,"-15.7421775,-59.528096"
F654J5DV77JS46566,Ford,2024,2025-11-30 04:32:17.423420,40,19622,"66.1634335,-25.896162"
3GCUKREC0FG893480,Chevrolet,2025,2025-11-30 22:12:08.737841,116,3929,"-59.106040,-70.717734"
1XKAD49X7JJ123456,Kenworth,2015,2025-11-30 13:14:23.400706,25,60007,"-47.3551705,157.891615"
F654J5DV77JS46566,Ford,2024,2025-11-30 10:09:41.681247,99,19615,"25.149037,143.704835"
1V2NC9JX5JC962225,Volvo,2022,2025-11-30 04:40:12.504221,26,11055,"-43.339685,158.850529"
1VWAP7A30JC123456,Volkswagen,2021,2025-11-30 09:23:08.838943,30,20006,"65.5098085,-68.547594"
1XKAD49X7JJ123456,Kenworth,2015,2025-11-30 07:43:22.738027,110,60005,"4.435627,52.895346"
3AKJGLD54JSC12345,Freightliner,2022,2025-11-30 03:50:09.010344,105,10007,"-17.8005065,45.624197"
1V2NC9JX5JC962225,Volvo,2022,2025-11-30 06:43:12.478709,114,11056,"64.918840,-58.010220"
1V2NC9JX5JC962225,Volvo,2022,2025-11-30 12:48:12.855241,89,11053,"-15.4291995,-41.295116"
3GCUKREC0FG893480,Chevrolet,2025,2025-12-01 01:19:05.331223,117,3933,"-55.7710675,-166.885335"
F654J5DV77JS98654,Ford,2023,2025-11-30 22:11:06.560703,16,22112,"-55.534582,-119.000160"
1VWAP7A30JC123456,Volkswagen,2021,2025-11-30 21:19:44.549898,27,20009,"-83.7629835,-26.418219"
1V2NC9JX5JC962225,Volvo,2022,2025-11-30 23:22:22.040084,68,11054,"-32.4859595,-15.934151"
1XKAD49X7JJ123456,Kenworth,2015,2025-11-30 20:46:57.403288,99,60010,"49.235799,4.172486"
6FDUF4GY1JSC12345,Scania,2016,2025-12-01 02:28:45.352740,29,50001,"-79.867331,79.017803"
3GCUKREC0FG123456,Chevrolet,2024,2025-11-30 15:14:25.209132,54,4005,"-26.6833625,-20.774016"
F654J5DV77JS46566,Ford,2024,2025-11-30 09:14:18.642386,60,19615,"-13.975391,110.663076"
1V2NC9JX5JC123456,Volvo,2022,2025-11-30 23:36:30.121015,103,13568,"-16.9202305,-159.066629"
3AKJGLD54JSC12345,Freightliner,2022,2025-11-30 11:36:41.152012,112,10008,"36.685307,168.372583"
1VWAP7A30JC123456,Volkswagen,2021,2025-11-30 15:35:24.435994,52,20002,"11.7060895,-4.704642"
1XKAD49X7JJ123456,Kenworth,2015,2025-11-30 03:24:22.536242,66,60002,"-80.046924,-59.651238"
LZB12345678901234,FAW,2023,2025-11-30 18:33:28.290528,81,8006,"63.571634,140.398704"
1V2NC9JX5JC123456,Volvo,2022,2025-11-30 06:48:24.775556,106,13568,"-53.7022165,120.320029"
F654J5DV77JS98654,Ford,2023,2025-11-30 21:27:54.681599,93,22110,"-5.8889805,29.327036"
3GCUKREC0FG123456,Chevrolet,2024,2025-11-30 20:17:22.937557,119,4007,"76.7514495,94.375535"
F654J5DV77JS46566,Ford,2024,2025-11-30 03:04:33.548911,50,19625,"63.4600465,121.085590"
1XKAD49X7JJ123456,Kenworth,2015,2025-12-01 00:48:15.908247,90,60009,"50.5378415,152.600654"
1V2NC9JX5JC962225,Volvo,2022,2025-11-30 15:30:50.665053,90,11057,"52.071593,3.822973"
1V2NC9JX5JC123456,Volvo,2022,2025-11-30 11:04:53.732076,39,13565,"53.8437345,2.472140"
6FDUF4GY1JSC12345,Scania,2016,2025-11-30 17:32:48.924486,86,50007,"-67.992118,160.052826"
F654J5DV77JS98654,Ford,2023,2025-11-30 10:57:21.405575,57,22106,"54.568867,-59.312966"
1VWAP7A30JC123456,Volkswagen,2021,2025-11-30 19:38:05.597937,42,20000,"69.1272165,-108.626262"
3AKJGLD54JSC12345,Freightliner,2022,2025-11-30 15:51:08.788602,65,10000,"-14.462512,-119.123696"
1VWAP7A30JC123456,Volkswagen,2021,2025-11-30 12:39:48.922044,107,20010,"33.8159555,38.524333"
6FDUF4GY1JSC12345,Scania,2016,2025-11-30 14:41:08.902700,21,50002,"-61.141593,108.053282"
6FDUF4GY1JSC12345,Scania,2016,2025-11-30 03:19:24.510432,78,50000,"-80.885502,-52.030727"
F654J5DV77JS46566,Ford,2024,2025-11-30 03:38:33.044023,98,19625,"31.145701,173.737217"
6FDUF4GY1JSC12345,Scania,2016,2025-11-30 10:10:19.114760,85,50009,"-13.491593,-30.014821"
F654J5DV77JS98654,Ford,2023,2025-11-30 23:35:16.385472,26,22114,"85.3974645,-168.434784"
1VWAP7A30JC123456,Volkswagen,2021,2025-11-30 03:56:51.152471,120,20006,"60.178679,93.761250"
1V2NC9JX5JC123456,Volvo,2022,2025-11-30 13:46:08.404131,86,13567,"51.107505,-136.399185"
6FDUF4GY1JSC12345,Scania,2016,2025-11-30 08:24:15.560837,88,50001,"-19.349840,-78.026143"
1V2NC9JX5JC123456,Volvo,2022,2025-11-30 02:34:06.827951,20,13565,"48.4788485,131.268195"
WDBUF56X98B123456,Mercedes-Benz,2017,2025-11-30 15:39:56.671649,92,40002,"31.344428,26.364645"
F654J5DV77JS46566,Ford,2024,2025-11-30 19:57:32.916540,44,19625,"-48.987137,3.956514"
6FDUF4GY1JSC12345,Scania,2016,2025-11-30 08:16:01.719995,91,50009,"75.578273,-121.971417"
1VWAP7A30JC123456,Volkswagen,2021,2025-12-01 01:53:36.341705,12,20009,"5.973978,41.573341"
3AKJGLD54JSC12345,Freightliner,2022,2025-11-30 11:01:01.407394,105,10004,"-57.4781765,-179.973408"
1V2NC9JX5JC123456,Volvo,2022,2025-12-01 01:14:06.226998,65,13567,"67.4837965,53.231387"
3GCUKREC0FG123456,Chevrolet,2024,2025-11-30 19:18:47.643806,35,4003,"64.095788,104.040390"
1VWAP7A30JC123456,Volkswagen,2021,2025-11-30 19:14:10.973928,112,20003,"26.9597215,-112.594578"
1V2NC9JX5JC123456,Volvo,2022,2025-11-30 14:34:02.854785,57,13570,"-55.586140,-50.310105"
3GCUKREC0FG123456,Chevrolet,2024,2025-11-30 23:37:46.901059,107,4002,"15.6222825,170.691552"
3GCUKREC0FG123456,Chevrolet,2024,2025-11-30 23:00:06.104851,47,4001,"-65.676261,-13.324921"
1V2NC9JX5JC123456,Volvo,2022,2025-11-30 08:28:07.736766,58,13566,"1.3670935,25.164765"
LZB12345678901234,FAW,2023,2025-11-30 19:07:58.672936,51,8003,"82.072969,-11.511087"
3AKJGLD54JSC12345,Freightliner,2022,2025-11-30 07:24:53.953781,54,10003,"11.9219535,71.139011"
1XKAD49X7JJ123456,Kenworth,2015,2025-11-30 08:57:02.502332,70,60009,"80.0609155,143.766983"
F654J5DV77JS46566,Ford,2024,2025-11-30 15:20:43.000210,95,19623,"73.650308,87.769311"
6FDUF4GY1JSC12345,Scania,2016,2025-11-30 11:32:01.787468,94,50006,"11.9952225,-29.275787"
1XKAD49X7JJ123456,Kenworth,2015,2025-11-30 07:28:16.708804,36,60009,"22.2616095,93.643808"
1V2NC9JX5JC962225,Volvo,2022,2025-11-30 11:07:30.635956,74,11053,"-20.0155735,-92.295997"
6FDUF4GY1JSC12345,Scania,2016,2025-11-30 22:50:01.321187,75,50009,"-60.323669,58.799642"
LZB12345678901234,FAW,2023,2025-11-30 20:00:48.528076,29,8001,"21.557705,39.398822"
3GCUKREC0FG893480,Chevrolet,2025,2025-12-01 00:28:28.441082,120,3935,"12.505720,-73.919198"
1XKAD49X7JJ123456,Kenworth,2015,2025-11-30 07:14:53.476093,81,60009,"-72.511810,-12.081107"
3AKJGLD54JSC12345,Freightliner,2022,2025-11-30 06:29:39.694887,88,10006,"-64.253488,1.921868"
3AKJGLD54JSC12345,Freightliner,2022,2025-11-30 05:09:15.471240,17,10008,"-67.9782805,123.195330"
1V2NC9JX5JC962225,Volvo,2022,2025-11-30 15:01:36.358796,32,11054,"87.0620785,94.859647"
3AKJGLD54JSC12345,Freightliner,2022,2025-11-30 21:35:03.157092,62,10002,"50.1979475,159.294268"
F654J5DV77JS46566,Ford,2024,2025-11-30 21:00:41.369061,104,19625,"54.022318,-133.177690"
F654J5DV77JS46566,Ford,2024,2025-11-30 13:58:24.882370,35,19619,"18.2733995,62.191721"
F654J5DV77JS98654,Ford,2023,2025-11-30 22:03:41.679643,47,22116,"-50.4955965,-122.168599"
1VWAP7A30JC123456,Volkswagen,2021,2025-11-30 11:41:57.425287,45,20000,"1.240908,30.038609"
WDBUF56X98B123456,Mercedes-Benz,2017,2025-11-30 22:46:54.837575,64,40006,"-32.2841105,-74.572932"
3AKJGLD54JSC12345,Freightliner,2022,2025-11-30 23:21:31.161549,4,10008,"40.888805,16.212402"
3GCUKREC0FG123456,Chevrolet,2024,2025-11-30 23:34:06.576097,34,4008,"14.409459,-162.584882"
1V2NC9JX5JC962225,Volvo,2022,2025-12-01 02:29:10.462002,115,11051,"-10.5525045,-44.347704"
1V2NC9JX5JC123456,Volvo,2022,2025-11-30 03:28:04.268336,82,13562,"-23.5293685,-11.324540"
3GCUKREC0FG123456,Chevrolet,2024,2025-11-30 09:54:44.277509,33,4006,"-85.3758465,-77.898209"
1V2NC9JX5JC962225,Volvo,2022,2025-11-30 08:55:08.742301,26,11050,"88.7137435,-93.636807"
3GCUKREC0FG893480,Chevrolet,2025,2025-11-30 07:41:29.895172,6,3934,"-64.126885,-18.207979"
3GCUKREC0FG893480,Chevrolet,2025,2025-12-01 01:19:12.828905,13,3926,"72.7572855,158.338715"
F654J5DV77JS46566,Ford,2024,2025-11-30 12:14:53.847920,29,19615,"69.289933,113.580494"
3GCUKREC0FG893480,Chevrolet,2025,2025-11-30 09:40:10.258953,114,3933,"-38.5462735,92.092111"
3GCUKREC0FG893480,Chevrolet,2025,2025-11-30 15:59:44.310786,119,3932,"-23.794410,-31.648208"
1VWAP7A30JC123456,Volkswagen,2021,2025-11-30 16:56:40.068521,91,20009,"-1.977259,-141.247098"
1V2NC9JX5JC962225,Volvo,2022,2025-11-30 12:39:04.100055,70,11053,"-7.374390,18.286373"
WDBUF56X98B123456,Mercedes-Benz,2017,2025-11-30 08:13:56.990851,117,40000,"6.5956745,-31.821494"
F654J5DV77JS46566,Ford,2024,2025-11-30 05:12:30.873557,1,19625,"45.066481,61.023726"
1XKAD49X7JJ123456,Kenworth,2015,2025-12-01 00:39:31.394066,92,60000,"85.731376,-83.271666"
3GCUKREC0FG123456,Chevrolet,2024,2025-11-30 23:02:11.463287,36,4003,"56.9635595,-79.615636"
6FDUF4GY1JSC12345,Scania,2016,2025-11-30 12:19:23.271591,65,50000,"75.8334665,145.172992"
1V2NC9JX5JC962225,Volvo,2022,2025-12-01 01:54:28.717827,94,11050,"20.2563495,-50.036555"
1XKAD49X7JJ123456,Kenworth,2015,2025-11-30 14:01:46.590771,50,60007,"-48.9547455,24.044330"
3AKJGLD54JSC12345,Freightliner,2022,2025-12-01 02:10:51.641009,7,10008,"51.886511,94.464969"
3GCUKREC0FG123456,Chevrolet,2024,2025-11-30 08:35:43.646107,106,4002,"-2.494146,-104.451366"
1V2NC9JX5JC123456,Volvo,2022,2025-11-30 20:03:42.306315,29,13562,"19.3394895,-45.617216"
1XKAD49X7JJ123456,Kenworth,2015,2025-11-30 18:54:08.219681,110,60007,"-37.6592965,174.243098"
3GCUKREC0FG123456,Chevrolet,2024,2025-11-30 20:26:35.809782,55,4002,"-56.6177595,68.910098"
F654J5DV77JS46566,Ford,2024,2025-11-30 14:10:36.017152,111,19622,"-58.3978735,-168.001903"
1V2NC9JX5JC123456,Volvo,2022,2025-11-30 18:57:09.136762,30,13565,"-56.6138335,-3.704226"
1V2NC9JX5JC962225,Volvo,2022,2025-11-30 14:46:30.890942,82,11057,"78.158082,124.449753"
3GCUKREC0FG123456,Chevrolet,2024,2025-11-30 16:06:26.088873,54,4001,"-2.4117695,32.417536"
LZB12345678901234,FAW,2023,2025-11-30 14:56:37.661383,111,8003,"22.308095,-83.380603"
F654J5DV77JS98654,Ford,2023,2025-11-30 19:45:28.156046,92,22116,"-38.354440,-26.369195"
3GCUKREC0FG893480,Chevrolet,2025,2025-11-30 23:33:18.746817,46,3926,"-72.1737515,116.732595"
1VWAP7A30JC123456,Volkswagen,2021,2025-11-30 12:01:30.455090,47,20002,"-15.8783075,2.465259"
F654J5DV77JS46566,Ford,2024,2025-11-30 07:47:01.230764,41,19622,"7.019602,116.262686"
3GCUKREC0FG893480,Chevrolet,2025,2025-11-30 16:17:22.946881,34,3929,"40.7663215,-129.450257"
1XKAD49X7JJ123456,Kenworth,2015,2025-12-02 02:57:50.220872,43,60005,"39.9990005,-0.252024"
6FDUF4GY1JSC12345,Scania,2016,2025-12-02 04:43:40.036625,14,50001,"16.295326,53.487228"
WDBUF56X98B123456,Mercedes-Benz,2017,2025-12-03 00:49:49.014300,61,40005,"-48.5275555,-51.563979"
WDBUF56X98B123456,Mercedes-Benz,2017,2025-12-02 07:27:03.897776,24,40004,"31.627912,-152.760339"
1V2NC9JX5JC962225,Volvo,2022,2025-12-02 22:50:51.085230,87,11051,"75.724987,-115.268228"
LZB12345678901234,FAW,2023,2025-12-02 05:36:39.608219,90,8003,"5.899708,-144.863351"
LZB12345678901234,FAW,2023,2025-12-02 09:01:50.200052,33,8004,"59.8483355,-101.591983"
3GCUKREC0FG893480,Chevrolet,2025,2025-12-02 15:29:53.002453,32,3925,"76.2344335,-164.280633"
F654J5DV77JS46566,Ford,2024,2025-12-02 07:14:14.819140,96,19625,"-50.288383,-24.072831"
1VWAP7A30JC123456,Volkswagen,2021,2025-12-02 05:59:14.864679,79,20009,"-6.258166,-18.856406"
1XKAD49X7JJ123456,Kenworth,2015,2025-12-02 15:02:55.073975,7,60006,"54.0462575,131.501184"
1V2NC9JX5JC123456,Volvo,2022,2025-12-02 13:39:01.886958,81,13570,"63.9217715,92.273045"
3AKJGLD54JSC12345,Freightliner,2022,2025-12-02 06:21:00.915802,28,10007,"-1.515190,-147.804664"
WDBUF56X98B123456,Mercedes-Benz,2017,2025-12-02 16:30:02.195650,109,40008,"16.687171,5.981345"
3AKJGLD54JSC12345,Freightliner,2022,2025-12-02 21:38:33.353575,84,10004,"15.1057905,19.792981"
LZB12345678901234,FAW,2023,2025-12-02 11:22:56.478428,44,8010,"32.1628825,-172.497560"
1V2NC9JX5JC962225,Volvo,2022,2025-12-02 14:50:57.403974,18,11053,"-85.3189755,-172.745083"
3AKJGLD54JSC12345,Freightliner,2022,2025-12-02 17:14:55.757488,19,10007,"-42.587066,-0.507923"
1V2NC9JX5JC962225,Volvo,2022,2025-12-02 13:37:12.717685,37,11059,"1.6678075,-59.929829"
1V2NC9JX5JC962225,Volvo,2022,2025-12-02 12:02:02.046386,23,11051,"34.2244135,-105.762245"
WDBUF56X98B123456,Mercedes-Benz,2017,2025-12-02 04:11:06.149256,113,40000,"39.0074725,76.565672"
F654J5DV77JS46566,Ford,2024,2025-12-02 08:21:27.286102,113,19620,"-45.1538655,-163.351051"
LZB12345678901234,FAW,2023,2025-12-02 10:29:56.866606,74,8000,"-77.6640525,120.226006"
1V2NC9JX5JC962225,Volvo,2022,2025-12-02 21:06:57.133107,89,11050,"-75.976489,176.241987"
1VWAP7A30JC123456,Volkswagen,2021,2025-12-02 04:58:19.224455,113,20009,"47.0820855,-136.419967"
F654J5DV77JS98654,Ford,2023,2025-12-03 01:18:56.620284,35,22116,"-38.0732525,38.655784"
3AKJGLD54JSC12345,Freightliner,2022,2025-12-02 04:35:17.435400,65,10003,"52.4717755,137.526206"
F654J5DV77JS98654,Ford,2023,2025-12-02 04:50:22.286790,98,22111,"71.342149,14.430012"
3AKJGLD54JSC12345,Freightliner,2022,2025-12-03 01:33:43.710806,56,10001,"78.635766,-83.732432"
3AKJGLD54JSC12345,Freightliner,2022,2025-12-02 19:52:52.294138,86,10009,"55.310497,-83.366236"
1XKAD49X7JJ123456,Kenworth,2015,2025-12-03 00:44:41.087905,101,60001,"66.7578775,-169.660751"
1V2NC9JX5JC123456,Volvo,2022,2025-12-02 17:20:18.736657,5,13570,"63.739754,-136.510733"
3AKJGLD54JSC12345,Freightliner,2022,2025-12-02 21:56:45.088536,69,10002,"42.1563865,-51.090774"
1VWAP7A30JC123456,Volkswagen,2021,2025-12-02 05:43:09.448700,89,20003,"-48.380908,-159.267399"
6FDUF4GY1JSC12345,Scania,2016,2025-12-03 01:22:45.931903,21,50003,"-58.889571,12.898734"
3AKJGLD54JSC12345,Freightliner,2022,2025-12-02 11:07:36.822905,10,10007,"53.736721,98.023897"
1XKAD49X7JJ123456,Kenworth,2015,2025-12-02 10:12:55.220536,40,60002,"36.907683,-64.050071"
6FDUF4GY1JSC12345,Scania,2016,2025-12-02 14:41:04.593348,105,50006,"42.419602,121.017194"
1VWAP7A30JC123456,Volkswagen,2021,2025-12-02 22:55:13.558994,37,20008,"55.517449,117.817765"
1VWAP7A30JC123456,Volkswagen,2021,2025-12-02 11:49:03.989227,0,20004,"-62.641549,112.382421"
6FDUF4GY1JSC12345,Scania,2016,2025-12-03 00:02:04.410802,81,50004,"19.2199665,127.707019"
F654J5DV77JS98654,Ford,2023,2025-12-02 23:00:00.126539,65,22109,"-57.815464,-109.063993"
LZB12345678901234,FAW,2023,2025-12-02 09:04:08.568001,112,8002,"-60.342282,37.977291"
1VWAP7A30JC123456,Volkswagen,2021,2025-12-03 01:48:40.785301,21,20010,"-89.7746275,63.371504"
3GCUKREC0FG123456,Chevrolet,2024,2025-12-02 04:08:14.587175,74,4001,"-81.2312875,78.414016"
1VWAP7A30JC123456,Volkswagen,2021,2025-12-02 09:09:57.323105,50,20007,"29.634246,90.141235"
1VWAP7A30JC123456,Volkswagen,2021,2025-12-02 23:44:17.570400,87,20004,"45.6975665,166.225544"
WDBUF56X98B123456,Mercedes-Benz,2017,2025-12-02 14:41:27.200372,37,40007,"50.564501,92.566194"
6FDUF4GY1JSC12345,Scania,2016,2025-12-02 09:27:57.090146,115,50004,"-5.714955,31.529685"
WDBUF56X98B123456,Mercedes-Benz,2017,2025-12-02 08:12:59.922240,113,40002,"74.049169,-13.864702"
3GCUKREC0FG123456,Chevrolet,2024,2025-12-02 10:42:45.518811,56,4003,"31.2230285,-140.018240"
F654J5DV77JS98654,Ford,2023,2025-12-02 15:09:02.349696,115,22111,"-3.9276745,77.337217"
6FDUF4GY1JSC12345,Scania,2016,2025-12-02 08:39:22.397958,33,50002,"-52.7644295,-17.280336"
3GCUKREC0FG123456,Chevrolet,2024,2025-12-02 23:06:34.074020,41,4001,"0.683403,-134.293859"
F654J5DV77JS46566,Ford,2024,2025-12-02 04:21:08.431039,5,19623,"9.096390,119.968899"
WDBUF56X98B123456,Mercedes-Benz,2017,2025-12-03 01:55:29.881835,93,40001,"-2.2999525,159.356340"
3GCUKREC0FG123456,Chevrolet,2024,2025-12-02 23:19:58.565673,39,4008,"6.2906535,47.530860"
LZB12345678901234,FAW,2023,2025-12-02 04:08:29.225810,12,8005,"47.1970315,-165.939383"
1XKAD49X7JJ123456,Kenworth,2015,2025-12-02 18:56:52.959422,12,60001,"-2.166128,-107.753436"
WDBUF56X98B123456,Mercedes-Benz,2017,2025-12-02 17:15:58.799453,38,40002,"-83.7777475,107.890020"
3GCUKREC0FG893480,Chevrolet,2025,2025-12-02 07:46:31.451005,96,3931,"77.582164,50.015151"
3AKJGLD54JSC12345,Freightliner,2022,2025-12-02 10:11:41.151588,34,10006,"66.367782,-76.473307"
6FDUF4GY1JSC12345,Scania,2016,2025-12-02 21:15:13.576004,35,50005,"-22.549828,-11.251684"
1V2NC9JX5JC123456,Volvo,2022,2025-12-02 16:57:07.370647,12,13567,"-38.515165,59.796219"
1XKAD49X7JJ123456,Kenworth,2015,2025-12-02 10:38:04.788212,3,60006,"60.3259395,-29.832205"
LZB12345678901234,FAW,2023,2025-12-02 09:16:42.641323,20,8004,"7.894019,-134.037849"
1XKAD49X7JJ123456,Kenworth,2015,2025-12-02 06:23:56.798643,109,60008,"54.312420,-79.237761"
1XKAD49X7JJ123456,Kenworth,2015,2025-12-02 14:14:12.026121,9,60010,"81.1353825,89.108793"
F654J5DV77JS46566,Ford,2024,2025-12-02 20:24:13.362286,120,19623,"63.5867525,153.778446"
3AKJGLD54JSC12345,Freightliner,2022,2025-12-03 00:22:21.040782,39,10008,"72.492594,162.628098"
3GCUKREC0FG123456,Chevrolet,2024,2025-12-03 00:31:33.997889,0,4004,"-26.991709,75.665273"
1V2NC9JX5JC123456,Volvo,2022,2025-12-02 23:56:14.012919,111,13560,"-48.9160305,-126.044968"
6FDUF4GY1JSC12345,Scania,2016,2025-12-02 03:05:15.560802,82,50009,"-66.068075,7.345042"
3GCUKREC0FG893480,Chevrolet,2025,2025-12-02 15:26:18.671402,28,3934,"-53.090315,-161.438992"
1VWAP7A30JC123456,Volkswagen,2021,2025-12-02 14:31:55.369799,89,20002,"-74.5773615,-144.428543"
3GCUKREC0FG123456,Chevrolet,2024,2025-12-02 10:30:24.318376,23,4009,"-56.8893535,-157.438937"
1XKAD49X7JJ123456,Kenworth,2015,2025-12-02 06:34:56.158996,37,60005,"60.012628,132.592767"
1VWAP7A30JC123456,Volkswagen,2021,2025-12-02 21:09:19.505712,53,20009,"62.385580,-112.883404"
1V2NC9JX5JC962225,Volvo,2022,2025-12-02 13:11:18.673424,67,11058,"-33.071691,-113.913200"
LZB12345678901234,FAW,2023,2025-12-03 00:47:43.484747,70,8007,"44.395189,100.322571"
6FDUF4GY1JSC12345,Scania,2016,2025-12-02 05:57:46.946111,50,50002,"45.0299475,54.028365"
1XKAD49X7JJ123456,Kenworth,2015,2025-12-02 09:11:04.598226,107,60002,"78.2281275,106.620620"
1XKAD49X7JJ123456,Kenworth,2015,2025-12-02 12:58:04.340653,36,60004,"-71.019412,13.412984"
3GCUKREC0FG893480,Chevrolet,2025,2025-12-02 07:50:00.358508,105,3934,"7.143958,-66.152238"
1V2NC9JX5JC962225,Volvo,2022,2025-12-02 20:55:16.049894,64,11052,"31.828824,169.085299"
3GCUKREC0FG893480,Chevrolet,2025,2025-12-02 19:20:37.467761,110,3933,"86.665867,118.930030"
1XKAD49X7JJ123456,Kenworth,2015,2025-12-02 22:13:00.823693,74,60009,"83.6491605,124.927705"
F654J5DV77JS98654,Ford,2023,2025-12-02 03:16:11.876524,90,22108,"32.599042,63.965731"
3GCUKREC0FG893480,Chevrolet,2025,2025-12-02 12:36:56.451951,81,3931,"-84.8300675,38.787979"
LZB12345678901234,FAW,2023,2025-12-02 14:43:55.111498,18,8009,"9.8466975,74.669892"
3GCUKREC0FG123456,Chevrolet,2024,2025-12-02 12:06:48.492638,16,4007,"-40.6558325,83.913141"
F654J5DV77JS46566,Ford,2024,2025-12-02 19:08:25.363999,62,19621,"66.805979,75.328206"
LZB12345678901234,FAW,2023,2025-12-02 11:25:35.705504,95,8001,"-39.3891115,-99.323859"
3GCUKREC0FG123456,Chevrolet,2024,2025-12-02 22:20:31.440603,59,4006,"-70.0634195,13.030612"
1XKAD49X7JJ123456,Kenworth,2015,2025-12-02 09:34:08.168021,70,60009,"22.6300745,91.034303"
WDBUF56X98B123456,Mercedes-Benz,2017,2025-12-02 04:45:20.196971,17,40003,"-51.3748445,-25.522812"
F654J5DV77JS46566,Ford,2024,2025-12-02 21:52:26.436413,90,19617,"3.2424005,-48.846455"
1V2NC9JX5JC962225,Volvo,2022,2025-12-03 02:13:57.584220,33,11055,"-56.634386,-150.487471"
1V2NC9JX5JC962225,Volvo,2022,2025-12-02 11:46:09.191668,12,11060,"-36.837775,-14.757155"
3GCUKREC0FG123456,Chevrolet,2024,2025-12-02 11:20:10.187683,98,4000,"5.684770,-73.499221"
1XKAD49X7JJ123456,Kenworth,2015,2025-12-02 12:00:49.613695,27,60004,"-25.051525,-151.855734"
F654J5DV77JS98654,Ford,2023,2025-12-02 06:21:57.994894,118,22116,"3.436104,87.619016"
WDBUF56X98B123456,Mercedes-Benz,2017,2025-12-02 07:34:51.283884,107,40006,"-71.391204,-48.306580"
1V2NC9JX5JC123456,Volvo,2022,2025-12-02 21:33:57.496226,48,13564,"46.4630145,114.646486"
6FDUF4GY1JSC12345,Scania,2016,2025-12-02 14:24:59.487935,93,50006,"-87.490757,-107.630455"
F654J5DV77JS98654,Ford,2023,2025-12-02 22:37:53.746971,17,22110,"54.5038155,-17.822221"
3AKJGLD54JSC12345,Freightliner,2022,2025-12-02 18:06:39.811541,40,10004,"-62.527841,33.738794"
3GCUKREC0FG123456,Chevrolet,2024,2025-12-02 15:21:19.754554,23,4007,"-60.5027175,88.149168"
LZB12345678901234,FAW,2023,2025-12-02 22:37:14.505841,60,8007,"-89.5301325,130.218897"
1XKAD49X7JJ123456,Kenworth,2015,2025-12-02 14:13:11.522384,120,60010,"-4.636808,73.152267"
F654J5DV77JS46566,Ford,2024,2025-12-02 03:55:28.508054,16,19623,"86.2761145,74.274766"
3GCUKREC0FG893480,Chevrolet,2025,2025-12-03 01:45:25.231694,18,3932,"39.3581025,-160.384882"
F654J5DV77JS98654,Ford,2023,2025-12-02 13:00:14.949065,13,22116,"-48.0514525,31.515953"
3GCUKREC0FG123456,Chevrolet,2024,2025-12-02 19:36:50.272576,91,4003,"-34.453722,-45.609105"
F654J5DV77JS46566,Ford,2024,2025-12-02 18:39:48.389623,19,19622,"-13.872621,42.233592"
3GCUKREC0FG123456,Chevrolet,2024,2025-12-02 07:28:44.995625,90,4001,"87.2013635,-30.021464"
F654J5DV77JS98654,Ford,2023,2025-12-02 10:25:55.821879,14,22106,"-40.1366395,-138.971024"
F654J5DV77JS98654,Ford,2023,2025-12-02 22:07:31.589860,117,22114,"39.7145935,-122.194875"
LZB12345678901234,FAW,2023,2025-12-03 02:04:18.975257,17,8000,"-31.028145,93.390152"
1V2NC9JX5JC123456,Volvo,2022,2025-12-02 22:26:24.776967,19,13560,"43.283477,58.445493"
1VWAP7A30JC123456,Volkswagen,2021,2025-12-02 23:52:28.386955,23,20006,"-46.252118,41.154926"
F654J5DV77JS98654,Ford,2023,2025-12-02 19:54:07.712246,0,22116,"-2.7820635,133.138995"
3GCUKREC0FG893480,Chevrolet,2025,2025-12-02 03:37:28.780423,63,3932,"-9.9250565,-145.355808"
1V2NC9JX5JC962225,Volvo,2022,2025-12-02 08:44:17.219184,113,11060,"68.3784575,99.010767"
F654J5DV77JS46566,Ford,2024,2025-12-02 23:12:18.668200,95,19617,"84.042037,75.434079"
F654J5DV77JS46566,Ford,2024,2025-12-02 20:22:51.183420,91,19618,"2.4370745,-113.228362"
LZB12345678901234,FAW,2023,2025-12-02 19:18:57.983514,7,8007,"89.0324695,49.241233"
6FDUF4GY1JSC12345,Scania,2016,2025-12-02 08:00:56.119697,38,50009,"-76.867789,-73.406502"
F654J5DV77JS98654,Ford,2023,2025-12-02 13:28:55.536653,108,22110,"-45.094487,47.886567"
1XKAD49X7JJ123456,Kenworth,2015,2025-12-02 18:32:27.456527,25,60006,"67.930340,-5.583978"
3GCUKREC0FG893480,Chevrolet,2025,2025-12-02 22:40:12.271797,107,3931,"62.4211975,176.614643"
1V2NC9JX5JC962225,Volvo,2022,2025-12-02 02:37:26.496914,50,11051,"45.8044505,34.469675"
6FDUF4GY1JSC12345,Scania,2016,2025-12-02 23:53:45.087929,30,50001,"-45.600745,-165.333723"
3GCUKREC0FG123456,Chevrolet,2024,2025-12-02 09:57:41.624259,29,4005,"4.524780,62.785173"
1V2NC9JX5JC962225,Volvo,2022,2025-12-02 10:18:55.205766,25,11052,"-27.7176815,-164.072938"
WDBUF56X98B123456,Mercedes-Benz,2017,2025-12-02 06:59:53.894655,80,40010,"1.7422445,-85.967311"
F654J5DV77JS98654,Ford,2023,2025-12-03 00:57:03.602719,106,22106,"-46.192170,-177.983725"
3AKJGLD54JSC12345,Freightliner,2022,2025-12-02 14:14:25.769059,35,10002,"60.585426,76.736987"
F654J5DV77JS46566,Ford,2024,2025-12-02 15:05:47.433276,112,19621,"-73.678515,-2.478198"
LZB12345678901234,FAW,2023,2025-12-02 18:23:00.525406,32,8006,"-34.1871425,96.629679"
3GCUKREC0FG893480,Chevrolet,2025,2025-12-02 20:49:53.600069,29,3929,"-72.3382185,-89.798631"
1XKAD49X7JJ123456,Kenworth,2015,2025-12-02 13:25:04.110287,45,60000,"-13.7218995,-37.578588"
3AKJGLD54JSC12345,Freightliner,2022,2025-12-03 01:56:34.019760,1,10004,"82.2014505,19.565724"
1XKAD49X7JJ123456,Kenworth,2015,2025-12-02 17:55:42.433442,107,60003,"20.8725385,137.934420"
3GCUKREC0FG123456,Chevrolet,2024,2025-12-02 19:58:57.021840,68,4000,"17.579388,108.856804"
3GCUKREC0FG123456,Chevrolet,2024,2025-12-02 19:32:52.378687,45,4005,"7.203182,-64.506765"
LZB12345678901234,FAW,2023,2025-12-02 07:55:02.460863,86,8007,"-0.7454785,90.579098"
F654J5DV77JS46566,Ford,2024,2025-12-02 13:39:10.076084,15,19615,"83.8764965,-167.559846"
LZB12345678901234,FAW,2023,2025-12-02 09:16:30.856230,120,8002,"-4.0479225,-55.682227"
1V2NC9JX5JC123456,Volvo,2022,2025-12-02 19:46:21.559555,52,13566,"-26.399058,9.576971"
3GCUKREC0FG123456,Chevrolet,2024,2025-12-02 09:20:17.220647,94,4003,"43.0595265,142.696167"
LZB12345678901234,FAW,2023,2025-12-02 19:39:59.983646,118,8001,"87.9089775,88.405932"
1XKAD49X7JJ123456,Kenworth,2015,2025-12-02 14:50:16.184545,33,60005,"-60.4029045,154.503006"
1VWAP7A30JC123456,Volkswagen,2021,2025-12-02 18:45:26.632422,73,20000,"-38.611278,-129.413193"
1VWAP7A30JC123456,Volkswagen,2021,2025-12-02 23:25:03.552059,8,20007,"-70.9511465,-146.060336"
1V2NC9JX5JC123456,Volvo,2022,2025-12-02 07:06:08.094639,77,13565,"-43.4486525,169.563715"
3GCUKREC0FG893480,Chevrolet,2025,2025-12-02 18:14:18.342498,57,3935,"-48.2411355,-112.244668"
F654J5DV77JS98654,Ford,2023,2025-12-02 21:52:43.509253,73,22111,"63.2342785,-25.212489"
F654J5DV77JS46566,Ford,2024,2025-12-02 22:34:03.738716,32,19624,"41.307413,9.594777"
3AKJGLD54JSC12345,Freightliner,2022,2025-12-02 06:29:49.653270,12,10004,"78.4901255,153.605030"
WDBUF56X98B123456,Mercedes-Benz,2017,2025-12-02 11:41:59.005399,49,40001,"0.478270,93.090358"
1V2NC9JX5JC123456,Volvo,2022,2025-12-02 07:06:29.261113,76,13560,"-57.268589,75.754216"
3GCUKREC0FG123456,Chevrolet,2024,2025-12-03 01:11:21.379803,24,4007,"-21.3638675,-165.013146"
3GCUKREC0FG893480,Chevrolet,2025,2025-12-02 17:10:09.210172,67,3928,"72.826096,143.155292"
3GCUKREC0FG123456,Chevrolet,2024,2025-12-02 12:34:11.639272,54,4008,"85.560379,-19.769172"
WDBUF56X98B123456,Mercedes-Benz,2017,2025-12-02 23:23:01.717781,100,40008,"83.5516655,119.026085"
3GCUKREC0FG893480,Chevrolet,2025,2025-12-03 01:42:21.756753,7,3929,"-1.018508,-148.722164"
WDBUF56X98B123456,Mercedes-Benz,2017,2025-12-02 14:53:58.039342,86,40010,"-8.860837,123.476196"
3GCUKREC0FG893480,Chevrolet,2025,2025-12-02 20:32:25.831182,117,3926,"61.097725,88.762162"
LZB12345678901234,FAW,2023,2025-12-02 15:25:56.812412,4,8007,"-87.0443765,30.807569"
F654J5DV77JS98654,Ford,2023,2025-12-02 03:59:53.628255,71,22108,"-73.8130315,-120.386047"
WDBUF56X98B123456,Mercedes-Benz,2017,2025-12-02 05:33:03.710823,65,40008,"-15.3665235,53.247507"
LZB12345678901234,FAW,2023,2025-12-02 07:00:43.644021,78,8001,"36.824333,56.288023"
LZB12345678901234,FAW,2023,2025-12-02 21:29:00.149562,42,8007,"-75.1645835,-141.300609"
3AKJGLD54JSC12345,Freightliner,2022,2025-12-02 16:16:54.017118,83,10008,"-80.505706,-106.450221"
3GCUKREC0FG893480,Chevrolet,2025,2025-12-02 12:29:25.167149,84,3933,"50.0892625,-100.917380"
1XKAD49X7JJ123456,Kenworth,2015,2025-12-03 00:40:41.401981,86,60007,"72.5545945,-161.340523"
3AKJGLD54JSC12345,Freightliner,2022,2025-12-02 08:03:56.305619,59,10010,"45.2975695,-80.273052"
1V2NC9JX5JC123456,Volvo,2022,2025-12-02 09:12:23.728450,89,13563,"-30.7859735,-103.386427"
3GCUKREC0FG893480,Chevrolet,2025,2025-12-03 00:09:25.591078,4,3932,"-26.7270315,-106.915824"
F654J5DV77JS98654,Ford,2023,2025-12-02 06:08:26.418009,48,22106,"60.360533,-40.002948"
LZB12345678901234,FAW,2023,2025-12-02 23:51:50.899674,29,8008,"73.4094365,-161.238927"
6FDUF4GY1JSC12345,Scania,2016,2025-12-02 06:45:32.151286,83,50004,"-82.545427,-124.212276"
1XKAD49X7JJ123456,Kenworth,2015,2025-12-02 11:27:55.472610,116,60008,"-19.3139525,-163.550713"
WDBUF56X98B123456,Mercedes-Benz,2017,2025-12-02 08:55:14.921589,96,40007,"-51.3812635,132.041340"
3AKJGLD54JSC12345,Freightliner,2022,2025-12-02 13:50:17.060127,39,10002,"-13.9047335,-100.962506"
LZB12345678901234,FAW,2023,2025-12-02 15:19:12.980907,37,8002,"-69.241679,-135.349144"
F654J5DV77JS46566,Ford,2024,2025-12-02 05:06:07.028263,73,19624,"-11.5020345,-100.642704"
F654J5DV77JS98654,Ford,2023,2025-12-02 22:39:29.119984,49,22112,"59.8554065,-31.018015"
LZB12345678901234,FAW,2023,2025-12-03 00:28:57.879249,53,8010,"36.2208395,113.368228"
F654J5DV77JS46566,Ford,2024,2025-12-02 23:13:27.445463,111,19625,"-69.667855,-124.297642"
F654J5DV77JS98654,Ford,2023,2025-12-03 02:16:06.132449,28,22115,"74.2847425,-7.469851"
1VWAP7A30JC123456,Volkswagen,2021,2025-12-02 09:56:36.236214,102,20006,"-79.9628665,138.812640"
WDBUF56X98B123456,Mercedes-Benz,2017,2025-12-02 17:55:54.558859,73,40007,"-46.843546,111.012724"
3GCUKREC0FG893480,Chevrolet,2025,2025-12-02 22:23:16.737632,87,3931,"-77.6873835,-34.661070"
LZB12345678901234,FAW,2023,2025-12-02 16:54:19.096458,35,8003,"62.861862,1.241816"
1VWAP7A30JC123456,Volkswagen,2021,2025-12-02 09:49:14.170824,115,20006,"1.223536,74.755640"
6FDUF4GY1JSC12345,Scania,2016,2025-12-02 19:09:40.288678,20,50002,"66.860028,-27.591630"
6FDUF4GY1JSC12345,Scania,2016,2025-12-02 11:40:51.160590,16,50005,"-85.701316,-15.895670"
WDBUF56X98B123456,Mercedes-Benz,2017,2025-12-02 05:49:29.426813,45,40008,"77.451859,95.276819"
3GCUKREC0FG893480,Chevrolet,2025,2025-12-02 12:01:32.526212,14,3935,"-42.9943105,58.147527"
3GCUKREC0FG123456,Chevrolet,2024,2025-12-02 12:51:47.541614,19,4000,"48.717522,-105.582818"
3AKJGLD54JSC12345,Freightliner,2022,2025-12-02 14:01:24.459816,62,10005,"-35.160180,-22.706090"
LZB12345678901234,FAW,2023,2025-12-02 03:39:14.288235,8,8000,"-61.5358535,-67.168465"
6FDUF4GY1JSC12345,Scania,2016,2025-12-02 11:33:23.975430,98,50005,"-32.0592905,153.510371"
6FDUF4GY1JSC12345,Scania,2016,2025-12-02 15:49:53.840717,81,50002,"5.7859075,-139.582752"
1XKAD49X7JJ123456,Kenworth,2015,2025-12-03 01:59:18.702969,10,60005,"64.784893,-96.780692"
F654J5DV77JS46566,Ford,2024,2025-12-03 00:02:14.281644,106,19624,"40.497906,-2.181324"
F654J5DV77JS98654,Ford,2023,2025-12-03 00:40:29.486113,34,22110,"6.0264205,148.265252"
3AKJGLD54JSC12345,Freightliner,2022,2025-12-02 12:03:03.608728,88,10008,"-10.3410595,-122.878618"
WDBUF56X98B123456,Mercedes-Benz,2017,2025-12-02 12:27:24.403984,95,40005,"52.947043,133.286841"
1V2NC9JX5JC962225,Volvo,2022,2025-12-02 02:59:14.474272,70,11050,"-52.0234925,96.130753"
3GCUKREC0FG893480,Chevrolet,2025,2025-12-02 21:20:50.810509,86,3926,"36.3645475,-44.565785"
6FDUF4GY1JSC12345,Scania,2016,2025-12-02 19:47:25.915955,32,50008,"81.5835455,-39.183022"
6FDUF4GY1JSC12345,Scania,2016,2025-12-02 10:55:09.562116,42,50010,"6.426682,178.056812"
LZB12345678901234,FAW,2023,2025-12-02 03:58:16.331718,99,8005,"81.317845,-123.894338"
F654J5DV77JS46566,Ford,2024,2025-12-02 09:38:31.100055,18,19623,"31.133089,122.790174"
F654J5DV77JS98654,Ford,2023,2025-12-02 21:45:32.422500,72,22109,"16.2796095,-93.399107"
3GCUKREC0FG123456,Chevrolet,2024,2025-12-02 11:36:16.474821,97,3999,"87.670147,-0.362364"
3AKJGLD54JSC12345,Freightliner,2022,2025-12-02 21:11:28.115361,52,10003,"-50.0240025,73.917583"
6FDUF4GY1JSC12345,Scania,2016,2025-12-02 05:13:06.530012,79,50000,"-83.905187,-98.413204"
1V2NC9JX5JC123456,Volvo,2022,2025-12-02 14:31:38.706951,50,13567,"1.501989,148.431106"
1V2NC9JX5JC962225,Volvo,2022,2025-12-02 13:52:50.655939,20,11060,"84.512828,-122.739934"
6FDUF4GY1JSC12345,Scania,2016,2025-12-02 04:43:39.651954,74,50008,"36.8478255,-72.189229"
3GCUKREC0FG893480,Chevrolet,2025,2025-12-02 06:48:09.768384,37,3925,"-21.6487645,-133.208890"
1VWAP7A30JC123456,Volkswagen,2021,2025-12-02 23:45:32.991086,25,20010,"-81.6171925,46.104068"
LZB12345678901234,FAW,2023,2025-12-02 14:04:21.039025,34,8009,"-53.7701175,177.214723"
3AKJGLD54JSC12345,Freightliner,2022,2025-12-02 08:07:38.905772,41,10007,"-10.643830,24.876323"
3GCUKREC0FG123456,Chevrolet,2024,2025-12-02 19:19:04.997741,51,4002,"-67.0837425,-101.590344"
6FDUF4GY1JSC12345,Scania,2016,2025-12-02 03:32:09.891440,68,50007,"21.954459,23.862537"
3GCUKREC0FG893480,Chevrolet,2025,2025-12-02 13:14:26.777850,35,3934,"-25.731477,-104.230952"
LZB12345678901234,FAW,2023,2025-12-02 22:41:49.716869,24,8006,"11.096868,-98.237541"
1XKAD49X7JJ123456,Kenworth,2015,2025-12-02 14:43:32.802410,119,60003,"-48.043899,28.657299"
LZB12345678901234,FAW,2023,2025-12-02 18:03:30.763305,74,8010,"23.1334315,-164.710761"
6FDUF4GY1JSC12345,Scania,2016,2025-12-02 06:08:31.459361,97,50006,"-42.9448105,69.230911"
1XKAD49X7JJ123456,Kenworth,2015,2025-12-02 12:16:25.286235,18,60009,"6.742629,119.993471"
1V2NC9JX5JC123456,Volvo,2022,2025-12-02 20:27:18.376820,6,13564,"55.3349365,11.975647"
3GCUKREC0FG123456,Chevrolet,2024,2025-12-02 14:52:15.045672,111,4007,"6.5988625,62.494859"
6FDUF4GY1JSC12345,Scania,2016,2025-12-02 19:56:26.675478,40,50002,"51.4335695,-49.233842"
1VWAP7A30JC123456,Volkswagen,2021,2025-12-02 21:40:19.071529,47,20009,"-14.1591855,168.013129"
WDBUF56X98B123456,Mercedes-Benz,2017,2025-12-02 13:53:50.559767,69,40002,"84.261430,176.309587"
F654J5DV77JS98654,Ford,2023,2025-12-02 19:44:44.660879,101,22111,"-25.1310265,30.537718"
6FDUF4GY1JSC12345,Scania,2016,2025-12-02 19:20:11.184637,71,50010,"23.296981,-138.723278"
6FDUF4GY1JSC12345,Scania,2016,2025-12-02 11:11:28.105493,74,50006,"52.726397,-13.787807"
1VWAP7A30JC123456,Volkswagen,2021,2025-12-02 10:44:18.356961,59,20000,"47.829680,-47.935377"
1VWAP7A30JC123456,Volkswagen,2021,2025-12-02 15:14:12.528728,97,20009,"76.0184825,-110.477270"
3AKJGLD54JSC12345,Freightliner,2022,2025-12-02 07:06:34.283313,4,10007,"-22.406323,9.715988"
3GCUKREC0FG123456,Chevrolet,2024,2025-12-02 21:20:00.979463,102,4004,"-31.408763,67.119764"
3GCUKREC0FG893480,Chevrolet,2025,2025-12-02 07:09:49.232537,53,3935,"-46.3334595,163.038622"
1V2NC9JX5JC123456,Volvo,2022,2025-12-02 09:02:17.384132,74,13566,"29.9883115,-83.879525"
3AKJGLD54JSC12345,Freightliner,2022,2025-12-02 19:39:01.140570,46,10004,"84.869346,-169.236724"
F654J5DV77JS46566,Ford,2024,2025-12-02 08:52:38.469102,66,19616,"56.967172,81.632274"
WDBUF56X98B123456,Mercedes-Benz,2017,2025-12-02 12:03:03.534524,76,40003,"-6.2087955,152.801970"
3GCUKREC0FG893480,Chevrolet,2025,2025-12-02 23:09:08.335695,29,3933,"-27.7368045,156.425028"
1V2NC9JX5JC123456,Volvo,2022,2025-12-02 13:12:05.069774,38,13564,"40.6268415,-57.964815"
WDBUF56X98B123456,Mercedes-Benz,2017,2025-12-02 23:49:08.505952,59,40004,"-31.873754,-72.291745"
3AKJGLD54JSC12345,Freightliner,2022,2025-12-02 15:50:46.881426,78,10001,"-35.102444,155.543562"
1XKAD49X7JJ123456,Kenworth,2015,2025-12-02 17:48:12.811727,27,60002,"30.5782375,152.823869"
LZB12345678901234,FAW,2023,2025-12-03 00:41:34.205188,36,8010,"-28.776462,115.436811"
1VWAP7A30JC123456,Volkswagen,2021,2025-12-02 10:28:06.632216,102,20005,"22.2805105,36.194360"
3AKJGLD54JSC12345,Freightliner,2022,2025-12-02 05:22:03.609208,74,10009,"72.0967755,99.512220"
3AKJGLD54JSC12345,Freightliner,2022,2025-12-02 15:33:35.176994,78,10004,"15.841980,115.165510"
LZB12345678901234,FAW,2023,2025-12-02 11:39:17.951574,46,8005,"17.651324,-4.030881"
WDBUF56X98B123456,Mercedes-Benz,2017,2025-12-02 06:35:48.251831,72,40006,"-8.0664875,-88.155884"
1VWAP7A30JC123456,Volkswagen,2021,2025-12-02 16:52:23.454953,42,20006,"41.2671265,58.808269"
1VWAP7A30JC123456,Volkswagen,2021,2025-12-02 19:48:13.761458,110,20007,"25.8062795,-56.629956"
6FDUF4GY1JSC12345,Scania,2016,2025-12-02 09:47:36.981159,41,50008,"-25.847049,53.677157"
1V2NC9JX5JC962225,Volvo,2022,2025-12-02 05:03:34.449823,78,11055,"-5.8732855,113.338883"
3AKJGLD54JSC12345,Freightliner,2022,2025-12-02 10:17:37.103490,99,10000,"-3.6072785,57.036294"
1V2NC9JX5JC123456,Volvo,2022,2025-12-02 20:01:40.395960,76,13570,"-40.688461,151.915373"
LZB12345678901234,FAW,2023,2025-12-02 13:08:00.448060,24,8004,"-9.385428,151.956064"
1V2NC9JX5JC962225,Volvo,2022,2025-12-02 06:03:03.180454,30,11057,"73.682855,140.267181"
3AKJGLD54JSC12345,Freightliner,2022,2025-12-03 02:21:58.787391,4,10009,"30.7693585,-65.968737"
6FDUF4GY1JSC12345,Scania,2016,2025-12-02 14:01:24.722527,108,50000,"78.7455555,135.499264"
1V2NC9JX5JC962225,Volvo,2022,2025-12-03 01:16:09.145122,12,11052,"-50.209018,69.554038"
F654J5DV77JS98654,Ford,2023,2025-12-02 17:09:50.934711,116,22114,"-45.193729,-114.807412"
6FDUF4GY1JSC12345,Scania,2016,2025-12-02 14:30:26.482873,57,50003,"4.041222,-137.446077"
LZB12345678901234,FAW,2023,2025-12-02 12:19:52.351170,71,8002,"77.084091,-53.938197"
F654J5DV77JS98654,Ford,2023,2025-12-02 04:50:06.953343,56,22107,"-25.2662065,33.762545"
F654J5DV77JS46566,Ford,2024,2025-12-02 05:51:54.556476,32,19619,"-41.1293425,164.778578"
1XKAD49X7JJ123456,Kenworth,2015,2025-12-02 03:10:50.380356,98,60003,"45.306911,70.560419"
1V2NC9JX5JC962225,Volvo,2022,2025-12-02 08:50:57.236713,14,11051,"-75.8496235,-86.928463"
1V2NC9JX5JC123456,Volvo,2022,2025-12-02 12:58:07.721881,59,13566,"-86.093830,-179.721727"
1XKAD49X7JJ123456,Kenworth,2015,2025-12-02 17:25:37.150783,92,60005,"-38.484045,133.718892"
F654J5DV77JS98654,Ford,2023,2025-12-02 19:37:50.785404,8,22116,"-40.3122335,3.434125"
F654J5DV77JS98654,Ford,2023,2025-12-02 22:03:14.968267,90,22116,"-37.058712,114.645506"
3GCUKREC0FG893480,Chevrolet,2025,2025-12-02 17:38:53.514591,28,3925,"-20.0647535,-42.803033"
F654J5DV77JS46566,Ford,2024,2025-12-02 23:10:54.177173,35,19623,"68.7779665,112.005703"
1XKAD49X7JJ123456,Kenworth,2015,2025-12-02 08:15:28.504089,96,60002,"77.755742,107.216335"
F654J5DV77JS98654,Ford,2023,2025-12-02 03:22:56.573550,37,22108,"-73.563025,-146.046298"
F654J5DV77JS46566,Ford,2024,2025-12-02 23:15:03.214488,65,19617,"26.7910665,-48.951989"
3GCUKREC0FG123456,Chevrolet,2024,2025-12-02 12:48:23.969341,118,3999,"27.3586025,159.803978"
6FDUF4GY1JSC12345,Scania,2016,2025-12-02 16:08:08.630393,102,50006,"-7.830162,98.738560"
6FDUF4GY1JSC12345,Scania,2016,2025-12-02 04:35:51.466835,20,50003,"64.982861,9.741777"
3AKJGLD54JSC12345,Freightliner,2022,2025-12-02 15:04:46.827196,38,10010,"24.222257,68.724646"
3GCUKREC0FG893480,Chevrolet,2025,2025-12-03 00:06:13.391005,65,3934,"-77.4777585,76.130186"
6FDUF4GY1JSC12345,Scania,2016,2025-12-02 11:58:22.929628,96,50006,"29.1608805,-76.765103"
F654J5DV77JS46566,Ford,2024,2025-12-02 03:08:24.122037,75,19622,"-67.9768535,63.994162"
1XKAD49X7JJ123456,Kenworth,2015,2025-12-02 22:03:16.599781,63,60002,"-29.478342,-14.265283"
6FDUF4GY1JSC12345,Scania,2016,2025-12-02 12:57:06.215343,47,50004,"-86.597114,-136.958003"
F654J5DV77JS98654,Ford,2023,2025-12-03 00:25:48.141737,38,22106,"-17.3873935,-146.467465"
LZB12345678901234,FAW,2023,2025-12-02 03:03:51.717138,45,8003,"-68.7384245,-173.806639"
3GCUKREC0FG123456,Chevrolet,2024,2025-12-03 00:43:38.391371,3,4008,"4.7328305,19.115164"
F654J5DV77JS46566,Ford,2024,2025-12-02 15:23:18.959762,31,19615,"32.5122795,-100.990792"
1V2NC9JX5JC123456,Volvo,2022,2025-12-02 04:55:42.053337,113,13560,"74.960577,66.818155"
3GCUKREC0FG123456,Chevrolet,2024,2025-12-02 15:44:20.708961,97,4003,"32.470551,127.419299"
3GCUKREC0FG123456,Chevrolet,2024,2025-12-02 04:11:17.477740,64,4003,"69.1861425,27.892842"
1V2NC9JX5JC123456,Volvo,2022,2025-12-02 08:17:29.867550,83,13566,"-79.5778695,4.317705"
1XKAD49X7JJ123456,Kenworth,2015,2025-12-02 14:56:13.223068,85,60010,"87.059825,-166.001992"
3AKJGLD54JSC12345,Freightliner,2022,2025-12-02 10:15:43.548614,120,10003,"53.7275265,36.571846"
3AKJGLD54JSC12345,Freightliner,2022,2025-12-02 04:14:12.654745,78,10001,"-30.000404,-154.309778"
1VWAP7A30JC123456,Volkswagen,2021,2025-12-02 06:13:34.974333,114,20003,"-70.3148045,135.242757"
3GCUKREC0FG893480,Chevrolet,2025,2025-12-02 11:29:45.357712,106,3927,"26.612854,-28.244317"
6FDUF4GY1JSC12345,Scania,2016,2025-12-02 02:53:21.556069,23,50002,"24.573710,-92.009692"
1V2NC9JX5JC123456,Volvo,2022,2025-12-03 00:27:59.729042,21,13561,"62.6007495,42.200581"
3GCUKREC0FG123456,Chevrolet,2024,2025-12-02 13:25:53.152511,100,4006,"-64.9987745,116.837791"
1V2NC9JX5JC962225,Volvo,2022,2025-12-02 03:52:17.478596,94,11060,"82.8299535,57.483462"
6FDUF4GY1JSC12345,Scania,2016,2025-12-02 14:01:52.580609,36,50006,"-44.126084,-5.352257"
F654J5DV77JS98654,Ford,2023,2025-12-02 13:30:31.243900,66,22107,"-13.7643595,-124.948551"
1V2NC9JX5JC962225,Volvo,2022,2025-12-02 11:53:01.083791,93,11056,"-81.876272,27.878105"
3GCUKREC0FG123456,Chevrolet,2024,2025-12-02 23:26:55.734585,39,4007,"-84.9970665,-21.916998"
1VWAP7A30JC123456,Volkswagen,2021,2025-12-02 09:07:29.769538,101,20001,"-83.097209,39.035378"
LZB12345678901234,FAW,2023,2025-12-03 00:08:49.338082,48,8007,"42.0408475,-40.948312"
WDBUF56X98B123456,Mercedes-Benz,2017,2025-12-02 22:23:49.589192,70,40007,"48.8330955,135.765077"
1V2NC9JX5JC962225,Volvo,2022,2025-12-02 14:24:39.555090,115,11053,"-38.042409,-10.025456"
1VWAP7A30JC123456,Volkswagen,2021,2025-12-02 07:48:39.768996,4,20007,"-60.385027,-153.623556"
3GCUKREC0FG123456,Chevrolet,2024,2025-12-02 02:41:27.091791,120,4008,"-64.0309885,-174.055686"
1XKAD49X7JJ123456,Kenworth,2015,2025-12-02 12:14:25.941902,117,60005,"-54.932590,-167.806386"
6FDUF4GY1JSC12345,Scania,2016,2025-12-02 17:48:02.910589,85,50004,"18.7298215,6.503529"
F654J5DV77JS98654,Ford,2023,2025-12-02 05:22:09.423595,55,22108,"50.017491,-34.888852"
F654J5DV77JS46566,Ford,2024,2025-12-02 11:42:10.787740,65,19615,"-79.4444845,-8.006581"
6FDUF4GY1JSC12345,Scania,2016,2025-12-03 00:37:46.164645,25,50003,"15.8879535,50.361831"
1V2NC9JX5JC123456,Volvo,2022,2025-12-02 02:36:38.882722,28,13562,"10.0384785,-161.456832"
3GCUKREC0FG893480,Chevrolet,2025,2025-12-02 19:12:29.372620,117,3926,"28.062328,36.453232"
LZB12345678901234,FAW,2023,2025-12-02 21:11:49.854789,36,8006,"24.937372,128.105079"
F654J5DV77JS46566,Ford,2024,2025-12-02 17:52:50.230816,106,19618,"35.628658,-51.158098"
3GCUKREC0FG123456,Chevrolet,2024,2025-12-02 21:07:35.743211,31,4005,"-39.5137085,-140.189046"
1XKAD49X7JJ123456,Kenworth,2015,2025-12-02 08:30:44.717930,105,60003,"77.260116,69.704242"
6FDUF4GY1JSC12345,Scania,2016,2025-12-02 22:10:20.626652,66,50003,"-50.9726105,98.988418"
1XKAD49X7JJ123456,Kenworth,2015,2025-12-02 22:52:15.177784,37,60006,"18.642175,96.395989"
3GCUKREC0FG123456,Chevrolet,2024,2025-12-02 19:17:22.194464,1,4007,"51.6780595,-126.749723"
3AKJGLD54JSC12345,Freightliner,2022,2025-12-02 13:08:18.337393,44,10005,"-68.825760,87.949199"
LZB12345678901234,FAW,2023,2025-12-02 17:12:45.070504,10,8005,"1.882177,34.429419"
1V2NC9JX5JC962225,Volvo,2022,2025-12-02 21:37:29.025042,89,11052,"-37.213060,53.631049"
1V2NC9JX5JC123456,Volvo,2022,2025-12-02 18:54:43.271778,69,13569,"-56.3426175,-175.018192"
3AKJGLD54JSC12345,Freightliner,2022,2025-12-02 15:16:25.060794,97,10001,"43.0703975,49.682988"
F654J5DV77JS46566,Ford,2024,2025-12-02 09:25:34.566708,107,19618,"50.2652805,-91.837770"
1XKAD49X7JJ123456,Kenworth,2015,2025-12-02 11:06:24.027946,26,60001,"-70.781724,29.460543"
WDBUF56X98B123456,Mercedes-Benz,2017,2025-12-02 04:06:42.093020,104,40005,"-33.888101,-103.799790"
1V2NC9JX5JC123456,Volvo,2022,2025-12-02 05:52:10.384091,91,13568,"-29.788564,-57.869252"
WDBUF56X98B123456,Mercedes-Benz,2017,2025-12-02 06:17:20.505502,87,40010,"-32.452967,107.531897"
LZB12345678901234,FAW,2023,2025-12-02 10:24:47.666371,74,8001,"57.4170755,159.742848"
1VWAP7A30JC123456,Volkswagen,2021,2025-12-02 10:36:35.558562,30,20007,"-49.863645,-40.687037"
3GCUKREC0FG893480,Chevrolet,2025,2025-12-02 04:57:03.995428,52,3925,"33.252471,153.811723"
1V2NC9JX5JC962225,Volvo,2022,2025-12-02 11:36:37.156097,1,11059,"-64.982657,-65.750262"
3GCUKREC0FG893480,Chevrolet,2025,2025-12-03 02:27:47.461382,8,3925,"-89.6441095,159.605459"
3GCUKREC0FG123456,Chevrolet,2024,2025-12-02 22:39:10.493140,113,4003,"45.7506915,-35.227902"
3AKJGLD54JSC12345,Freightliner,2022,2025-12-02 15:10:25.090930,61,10001,"-34.6930215,45.903770"
LZB12345678901234,FAW,2023,2025-12-02 15:49:16.179333,1,8005,"62.0131835,-111.784424"
3AKJGLD54JSC12345,Freightliner,2022,2025-12-02 18:28:30.466757,105,10003,"-15.8277635,-102.074031"
3GCUKREC0FG123456,Chevrolet,2024,2025-12-02 06:03:11.094628,13,4009,"-23.3255125,-53.442829"
F654J5DV77JS46566,Ford,2024,2025-12-02 08:48:31.881281,117,19620,"-68.9753685,165.305150"
WDBUF56X98B123456,Mercedes-Benz,2017,2025-12-03 01:15:02.298436,8,40003,"20.445738,172.697901"
F654J5DV77JS46566,Ford,2024,2025-12-02 16:22:25.037089,2,19623,"47.8894545,156.457445"
6FDUF4GY1JSC12345,Scania,2016,2025-12-02 18:32:28.813174,16,50010,"-48.7906375,12.508142"
LZB12345678901234,FAW,2023,2025-12-02 11:13:45.134151,5,8009,"50.811471,167.546418"
F654J5DV77JS46566,Ford,2024,2025-12-03 01:01:46.843884,92,19625,"-8.926792,135.243225"
3AKJGLD54JSC12345,Freightliner,2022,2025-12-02 03:59:44.397533,5,10001,"-84.7924365,-0.622270"
3GCUKREC0FG893480,Chevrolet,2025,2025-12-02 18:20:45.226225,86,3929,"-58.428096,31.147706"
1XKAD49X7JJ123456,Kenworth,2015,2025-12-02 11:03:14.728654,57,60003,"24.505944,-28.212235"
LZB12345678901234,FAW,2023,2025-12-02 19:16:42.395458,39,8007,"55.3996145,-21.120866"
F654J5DV77JS46566,Ford,2024,2025-12-02 17:34:00.834415,59,19623,"-89.4163735,30.010674"
F654J5DV77JS98654,Ford,2023,2025-12-02 05:54:13.925473,111,22109,"-54.494235,2.038486"
3AKJGLD54JSC12345,Freightliner,2022,2025-12-02 23:27:56.799759,6,10005,"25.598724,78.848280"
1V2NC9JX5JC123456,Volvo,2022,2025-12-02 19:55:58.286020,65,13560,"52.182006,57.383557"
1VWAP7A30JC123456,Volkswagen,2021,2025-12-02 13:02:47.495476,44,20005,"19.799397,104.042183"
6FDUF4GY1JSC12345,Scania,2016,2025-12-02 21:03:52.008009,90,50001,"-14.1365065,100.801542"
WDBUF56X98B123456,Mercedes-Benz,2017,2025-12-02 13:06:19.242902,76,40005,"49.1365335,124.544015"
3GCUKREC0FG123456,Chevrolet,2024,2025-12-02 13:30:15.071210,119,4000,"-38.700047,166.616476"
3AKJGLD54JSC12345,Freightliner,2022,2025-12-02 08:06:17.519571,96,10004,"-19.971725,7.994043"
6FDUF4GY1JSC12345,Scania,2016,2025-12-02 22:24:18.979478,31,50003,"84.854755,-119.603093"
F654J5DV77JS46566,Ford,2024,2025-12-02 21:32:25.247829,54,19620,"-65.2275165,170.830910"
6FDUF4GY1JSC12345,Scania,2016,2025-12-02 22:18:01.114534,106,50000,"66.3379895,-134.536658"
F654J5DV77JS98654,Ford,2023,2025-12-02 12:09:28.913079,59,22114,"54.902135,107.430981"
1XKAD49X7JJ123456,Kenworth,2015,2025-12-02 20:12:31.144019,33,60007,"31.134566,130.778107"
LZB12345678901234,FAW,2023,2025-12-02 19:47:34.021367,36,8010,"0.6428065,28.364493"
F654J5DV77JS98654,Ford,2023,2025-12-02 13:12:03.836649,76,22113,"43.6997705,-59.165229"
3AKJGLD54JSC12345,Freightliner,2022,2025-12-03 01:46:57.589505,51,10008,"-4.097781,-131.428774"
3GCUKREC0FG893480,Chevrolet,2025,2025-12-02 05:57:06.791405,109,3927,"6.728975,-68.758672"
1XKAD49X7JJ123456,Kenworth,2015,2025-12-02 16:16:41.468454,48,60007,"78.1947475,-28.629114"
1V2NC9JX5JC962225,Volvo,2022,2025-12-02 05:24:09.280627,39,11050,"41.002439,103.517443"
F654J5DV77JS98654,Ford,2023,2025-12-02 08:53:53.006302,15,22107,"-14.3589125,-23.457822"
LZB12345678901234,FAW,2023,2025-12-02 17:01:24.835409,96,8006,"-8.352095,-112.819775"
1VWAP7A30JC123456,Volkswagen,2021,2025-12-02 04:28:59.698864,60,20009,"-63.2485955,-51.775469"
WDBUF56X98B123456,Mercedes-Benz,2017,2025-12-02 11:13:19.080065,3,40009,"-60.5463435,-64.672288"
6FDUF4GY1JSC12345,Scania,2016,2025-12-02 20:26:13.319289,68,50010,"5.576498,-38.315897"
6FDUF4GY1JSC12345,Scania,2016,2025-12-02 19:46:51.951366,73,50010,"87.955095,-101.219196"
F654J5DV77JS46566,Ford,2024,2025-12-02 13:25:45.374367,110,19619,"12.392642,165.161601"
3GCUKREC0FG123456,Chevrolet,2024,2025-12-02 04:10:02.560861,69,4009,"21.705365,99.670076"
F654J5DV77JS98654,Ford,2023,2025-12-02 05:21:46.665519,32,22115,"10.0556165,-152.535094"
3AKJGLD54JSC12345,Freightliner,2022,2025-12-02 23:09:17.691872,71,10003,"89.1351035,-44.277949"
WDBUF56X98B123456,Mercedes-Benz,2017,2025-12-03 00:50:31.225199,85,40001,"-9.9977555,144.040656"
3GCUKREC0FG893480,Chevrolet,2025,2025-12-02 06:30:46.856217,11,3934,"-64.925717,37.651779"
6FDUF4GY1JSC12345,Scania,2016,2025-12-02 08:01:50.092763,77,50006,"51.698086,-139.598048"
F654J5DV77JS98654,Ford,2023,2025-12-02 20:29:40.182052,90,22108,"-29.046746,103.085486"
1V2NC9JX5JC962225,Volvo,2022,2025-12-02 21:23:45.621072,81,11060,"-19.9553805,20.086304"
F654J5DV77JS98654,Ford,2023,2025-12-03 00:07:42.314331,22,22111,"-48.171040,72.398230"
1VWAP7A30JC123456,Volkswagen,2021,2025-12-03 01:25:58.023354,62,20000,"68.507039,26.182745"
WDBUF56X98B123456,Mercedes-Benz,2017,2025-12-02 04:43:05.510319,53,40002,"-43.863435,158.405002"
3AKJGLD54JSC12345,Freightliner,2022,2025-12-02 18:37:38.130213,99,10001,"53.545503,-51.634189"
3AKJGLD54JSC12345,Freightliner,2022,2025-12-02 13:20:24.348918,11,10001,"-50.4981425,2.326048"
1XKAD49X7JJ123456,Kenworth,2015,2025-12-02 18:08:48.415499,109,60003,"42.0959685,-54.156641"
1XKAD49X7JJ123456,Kenworth,2015,2025-12-02 06:52:16.961845,66,60009,"64.546160,32.459213"
1XKAD49X7JJ123456,Kenworth,2015,2025-12-02 23:24:02.775886,97,60002,"27.394212,51.197591"
1XKAD49X7JJ123456,Kenworth,2015,2025-12-02 10:12:12.058379,81,60000,"81.218137,118.904076"
F654J5DV77JS98654,Ford,2023,2025-12-03 01:44:26.942636,71,22115,"26.658901,-71.593193"
1V2NC9JX5JC123456,Volvo,2022,2025-12-02 06:45:30.951008,30,13562,"-5.846327,110.452920"
3GCUKREC0FG893480,Chevrolet,2025,2025-12-02 23:29:58.540179,44,3932,"1.797724,87.327913"
1V2NC9JX5JC123456,Volvo,2022,2025-12-02 16:38:28.747295,89,13570,"42.7739185,-135.017823"
1XKAD49X7JJ123456,Kenworth,2015,2025-12-02 06:55:56.233340,12,60003,"-21.059482,-126.177145"
1V2NC9JX5JC962225,Volvo,2022,2025-12-02 07:40:59.904978,97,11053,"33.327784,-13.200496"
1V2NC9JX5JC123456,Volvo,2022,2025-12-02 17:39:00.074915,50,13566,"39.5473225,-170.687150"
3GCUKREC0FG893480,Chevrolet,2025,2025-12-02 16:35:23.466975,72,3925,"-78.921934,147.311321"
3GCUKREC0FG123456,Chevrolet,2024,2025-12-02 04:03:49.414838,96,4004,"27.3413535,32.632805"
3GCUKREC0FG893480,Chevrolet,2025,2025-12-02 10:43:03.815086,66,3926,"0.787965,-84.021823"
3GCUKREC0FG123456,Chevrolet,2024,2025-12-02 20:36:34.050917,31,4004,"40.818852,3.894950"
1XKAD49X7JJ123456,Kenworth,2015,2025-12-02 21:39:09.030387,66,60009,"-76.840169,116.969034"
1V2NC9JX5JC962225,Volvo,2022,2025-12-02 11:25:03.538685,18,11059,"44.693440,42.384412"
LZB12345678901234,FAW,2023,2025-12-02 20:54:19.941919,42,8002,"43.280228,166.708755"
1V2NC9JX5JC962225,Volvo,2022,2025-12-02 21:19:25.025882,37,11053,"-39.6642195,34.167048"
3AKJGLD54JSC12345,Freightliner,2022,2025-12-02 14:42:42.326125,112,10002,"74.067605,-29.611642"
1XKAD49X7JJ123456,Kenworth,2015,2025-12-02 08:10:43.194896,110,60006,"63.642041,-86.874120"
3AKJGLD54JSC12345,Freightliner,2022,2025-12-02 08:21:46.127734,105,10010,"-22.3976175,-147.171938"
1XKAD49X7JJ123456,Kenworth,2015,2025-12-02 07:07:57.923688,77,60003,"-9.0296135,30.767813"
1VWAP7A30JC123456,Volkswagen,2021,2025-12-03 00:58:26.890399,0,20008,"-8.299986,170.538365"
1V2NC9JX5JC962225,Volvo,2022,2025-12-02 18:20:13.277747,2,11053,"-20.3089995,-2.523427"
1V2NC9JX5JC962225,Volvo,2022,2025-12-02 11:28:15.162230,39,11059,"-31.290782,53.867519"
3GCUKREC0FG893480,Chevrolet,2025,2025-12-02 15:33:43.823020,8,3927,"42.0564405,145.820649"
6FDUF4GY1JSC12345,Scania,2016,2025-12-02 03:51:44.219333,10,50007,"-5.792464,109.839091"
F654J5DV77JS98654,Ford,2023,2025-12-02 14:08:32.794815,13,22116,"8.7624295,61.289929"
1V2NC9JX5JC962225,Volvo,2022,2025-12-02 03:34:29.621227,112,11056,"-59.835828,22.124432"
1XKAD49X7JJ123456,Kenworth,2015,2025-12-02 23:37:59.187136,117,60003,"-18.656632,140.228354"
F654J5DV77JS98654,Ford,2023,2025-12-02 02:38:02.319482,109,22115,"-84.183700,130.402061"
1VWAP7A30JC123456,Volkswagen,2021,2025-12-02 22:51:58.133892,0,20001,"62.9222775,139.029555"
1V2NC9JX5JC962225,Volvo,2022,2025-12-02 23:31:42.668442,14,11059,"-49.9656685,113.635014"
1V2NC9JX5JC962225,Volvo,2022,2025-12-02 08:26:07.938579,93,11055,"4.486220,-114.340161"
1VWAP7A30JC123456,Volkswagen,2021,2025-12-02 17:30:27.715606,81,20005,"-81.4188755,-58.311925"
F654J5DV77JS98654,Ford,2023,2025-12-02 19:06:13.202522,102,22107,"16.8681735,143.935360"
LZB12345678901234,FAW,2023,2025-12-02 06:23:26.693114,114,8005,"53.8198485,-130.421412"
WDBUF56X98B123456,Mercedes-Benz,2017,2025-12-02 07:22:14.908652,40,40005,"16.162361,86.889999"
F654J5DV77JS98654,Ford,2023,2025-12-02 20:10:37.903176,77,22113,"86.897956,-35.589587"
F654J5DV77JS46566,Ford,2024,2025-12-02 21:11:00.823218,10,19616,"55.4339915,164.678208"
3GCUKREC0FG893480,Chevrolet,2025,2025-12-02 17:14:22.337950,28,3933,"-75.8609075,-23.632071"
6FDUF4GY1JSC12345,Scania,2016,2025-12-02 13:47:03.601955,22,50010,"55.552512,100.712000"
3GCUKREC0FG893480,Chevrolet,2025,2025-12-02 02:33:27.963835,14,3925,"-59.386064,-109.164216"
WDBUF56X98B123456,Mercedes-Benz,2017,2025-12-02 09:32:33.808762,19,40000,"17.0927395,-2.026257"
3GCUKREC0FG893480,Chevrolet,2025,2025-12-02 23:42:59.441309,107,3934,"-65.3441045,-118.791076"
LZB12345678901234,FAW,2023,2025-12-02 23:42:21.975605,18,8008,"52.2342585,61.927313"
3GCUKREC0FG123456,Chevrolet,2024,2025-12-02 14:48:07.785141,33,4004,"22.796961,-102.462741"
1V2NC9JX5JC123456,Volvo,2022,2025-12-02 15:08:04.059437,3,13563,"-67.8819675,-150.577438"
1XKAD49X7JJ123456,Kenworth,2015,2025-12-02 09:07:09.127539,20,60000,"39.8957935,-131.409391"
LZB12345678901234,FAW,2023,2025-12-02 07:08:55.056376,69,8000,"32.890896,-91.522276"
1XKAD49X7JJ123456,Kenworth,2015,2025-12-02 07:13:12.866320,29,60009,"84.3862045,-48.812058"
3AKJGLD54JSC12345,Freightliner,2022,2025-12-02 10:14:02.164125,57,10003,"53.5453455,-22.156046"
F654J5DV77JS46566,Ford,2024,2025-12-02 11:15:16.106154,33,19625,"-59.9317925,50.397572"
1V2NC9JX5JC962225,Volvo,2022,2025-12-02 08:12:52.227959,79,11057,"-63.164536,-17.062822"
WDBUF56X98B123456,Mercedes-Benz,2017,2025-12-02 18:18:14.156826,96,40002,"-86.9570975,-161.135682"
1V2NC9JX5JC962225,Volvo,2022,2025-12-02 21:13:19.238634,119,11055,"-66.888074,112.822837"
3AKJGLD54JSC12345,Freightliner,2022,2025-12-02 06:28:08.524897,51,10001,"82.1142535,-61.556558"
1V2NC9JX5JC962225,Volvo,2022,2025-12-02 20:03:44.225081,14,11054,"-13.4805265,-4.519763"
1VWAP7A30JC123456,Volkswagen,2021,2025-12-02 13:47:24.107761,51,20001,"34.875711,-119.341298"
1V2NC9JX5JC962225,Volvo,2022,2025-12-02 16:03:40.127898,118,11055,"83.869440,109.860526"
F654J5DV77JS46566,Ford,2024,2025-12-02 12:12:01.470641,33,19618,"17.3130225,80.604059"
F654J5DV77JS46566,Ford,2024,2025-12-02 19:46:45.276193,52,19617,"79.076348,165.318206"
1XKAD49X7JJ123456,Kenworth,2015,2025-12-02 14:01:09.900327,117,60003,"-35.4788255,-25.043599"
1V2NC9JX5JC123456,Volvo,2022,2025-12-02 15:59:21.230560,94,13562,"-40.126652,20.900951"
WDBUF56X98B123456,Mercedes-Benz,2017,2025-12-02 18:54:22.530347,26,40005,"-89.305769,-124.754038"
1VWAP7A30JC123456,Volkswagen,2021,2025-12-02 19:42:06.683338,69,20010,"-61.4080425,-166.533595"
F654J5DV77JS46566,Ford,2024,2025-12-02 16:34:04.955287,66,19625,"-25.0538085,-129.107103"
3GCUKREC0FG893480,Chevrolet,2025,2025-12-02 18:42:21.102624,86,3934,"-4.3239665,67.954495"
3GCUKREC0FG123456,Chevrolet,2024,2025-12-02 06:07:47.442605,62,4002,"-38.7340275,41.438966"
1VWAP7A30JC123456,Volkswagen,2021,2025-12-02 04:24:48.061899,108,20010,"46.745301,-159.504768"
F654J5DV77JS46566,Ford,2024,2025-12-02 04:03:56.146295,78,19617,"49.1083105,-68.784498"
3GCUKREC0FG893480,Chevrolet,2025,2025-12-02 13:12:49.865855,37,3935,"26.562505,53.670189"
1V2NC9JX5JC123456,Volvo,2022,2025-12-03 02:00:22.479423,77,13567,"-80.866015,175.095616"
3GCUKREC0FG123456,Chevrolet,2024,2025-12-02 21:09:08.088595,100,4006,"57.6828475,140.003625"
F654J5DV77JS98654,Ford,2023,2025-12-02 07:21:41.110535,40,22113,"57.7788355,117.091713"
F654J5DV77JS98654,Ford,2023,2025-12-03 02:00:29.140811,35,22115,"83.211750,44.581171"
F654J5DV77JS98654,Ford,2023,2025-12-03 01:53:40.987236,18,22106,"-83.155901,84.519732"
1XKAD49X7JJ123456,Kenworth,2015,2025-12-02 19:19:10.851068,90,60001,"85.999584,-98.932288"
F654J5DV77JS98654,Ford,2023,2025-12-02 21:38:06.408044,38,22109,"7.457678,-47.973533"
3GCUKREC0FG893480,Chevrolet,2025,2025-12-02 10:48:30.022385,63,3931,"84.1783425,124.320735"
1VWAP7A30JC123456,Volkswagen,2021,2025-12-02 16:34:12.053590,83,20008,"54.060308,27.242625"
1V2NC9JX5JC123456,Volvo,2022,2025-12-02 19:17:26.365710,3,13564,"81.7833045,-107.716754"
1V2NC9JX5JC962225,Volvo,2022,2025-12-03 00:44:34.136786,16,11053,"35.457611,28.680680"
3GCUKREC0FG893480,Chevrolet,2025,2025-12-02 12:47:58.403499,57,3931,"35.061648,172.022632"
1V2NC9JX5JC123456,Volvo,2022,2025-12-02 12:12:09.792846,87,13562,"-40.005350,-124.452253"
1XKAD49X7JJ123456,Kenworth,2015,2025-12-02 16:28:55.856186,44,60007,"38.7555225,-46.453743"
1V2NC9JX5JC962225,Volvo,2022,2025-12-02 05:57:27.673890,102,11054,"74.4192985,135.778151"
1VWAP7A30JC123456,Volkswagen,2021,2025-12-02 13:12:10.700037,102,20007,"-7.3150525,176.126954"
F654J5DV77JS98654,Ford,2023,2025-12-02 22:44:35.984181,43,22106,"77.8166525,99.400480"
WDBUF56X98B123456,Mercedes-Benz,2017,2025-12-02 07:39:46.130664,102,40003,"-54.859877,65.109355"
1XKAD49X7JJ123456,Kenworth,2015,2025-12-02 03:13:39.525202,109,60010,"-49.5300995,62.972930"
1XKAD49X7JJ123456,Kenworth,2015,2025-12-02 10:38:19.574146,8,60006,"-68.671359,42.964161"
1V2NC9JX5JC962225,Volvo,2022,2025-12-02 10:17:58.214712,31,11050,"-57.6516985,-90.576959"
6FDUF4GY1JSC12345,Scania,2016,2025-12-02 18:11:25.789183,111,50010,"58.897526,-149.645984"
1V2NC9JX5JC123456,Volvo,2022,2025-12-03 00:31:48.080086,107,13562,"16.564933,2.729942"
1VWAP7A30JC123456,Volkswagen,2021,2025-12-02 12:13:02.902837,71,20008,"-36.400673,37.480352"
1XKAD49X7JJ123456,Kenworth,2015,2025-12-02 03:40:50.808600,119,60002,"66.6870765,-43.326689"
F654J5DV77JS98654,Ford,2023,2025-12-02 21:12:18.147462,102,22110,"-69.2774935,153.264855"
1V2NC9JX5JC123456,Volvo,2022,2025-12-02 08:07:47.266517,95,13562,"10.3309055,-86.432263"
F654J5DV77JS98654,Ford,2023,2025-12-02 18:32:50.063256,5,22113,"75.724074,-87.377856"
3GCUKREC0FG123456,Chevrolet,2024,2025-12-02 08:21:41.313318,93,4005,"-34.7329335,36.959416"
6FDUF4GY1JSC12345,Scania,2016,2025-12-02 14:27:08.050538,17,50000,"69.9617175,-0.640579"
1XKAD49X7JJ123456,Kenworth,2015,2025-12-02 13:49:14.994597,10,60003,"4.9703985,-154.867272"
3AKJGLD54JSC12345,Freightliner,2022,2025-12-03 00:03:54.304185,33,10001,"61.831041,138.850481"
3GCUKREC0FG893480,Chevrolet,2025,2025-12-02 23:08:07.183349,52,3935,"-83.098291,-93.076232"
1VWAP7A30JC123456,Volkswagen,2021,2025-12-02 12:33:29.481113,48,20001,"-80.0256165,-179.684406"
LZB12345678901234,FAW,2023,2025-12-02 23:50:47.834549,16,8007,"-82.0355595,51.719321"
1V2NC9JX5JC123456,Volvo,2022,2025-12-02 11:33:34.846459,16,13569,"-65.913803,-94.693736"
WDBUF56X98B123456,Mercedes-Benz,2017,2025-12-02 18:01:57.718324,69,40000,"-62.4727905,164.980190"
1V2NC9JX5JC123456,Volvo,2022,2025-12-02 09:56:42.749595,114,13561,"65.103235,-66.751835"
1V2NC9JX5JC962225,Volvo,2022,2025-12-02 19:06:30.259156,37,11055,"14.7934975,-105.375688"
1V2NC9JX5JC123456,Volvo,2022,2025-12-02 08:13:33.190295,11,13564,"1.0404525,50.537775"
1V2NC9JX5JC962225,Volvo,2022,2025-12-02 10:31:22.090150,106,11053,"-75.5762665,-120.032832"
1XKAD49X7JJ123456,Kenworth,2015,2025-12-02 16:12:07.120839,58,60003,"-60.2638215,134.748296"
6FDUF4GY1JSC12345,Scania,2016,2025-12-02 04:18:45.912920,74,50010,"82.090777,30.857538"
1V2NC9JX5JC962225,Volvo,2022,2025-12-02 21:11:59.383388,8,11056,"5.6119965,-138.420461"
WDBUF56X98B123456,Mercedes-Benz,2017,2025-12-02 15:12:22.851483,43,40008,"37.654033,-19.688281"
3GCUKREC0FG123456,Chevrolet,2024,2025-12-02 03:20:38.458834,35,4008,"56.970309,-111.503350"
1V2NC9JX5JC123456,Volvo,2022,2025-12-02 17:45:38.476067,68,13568,"56.9069475,-42.146341"
1VWAP7A30JC123456,Volkswagen,2021,2025-12-02 20:02:31.327825,38,20010,"-2.842732,166.930342"
LZB12345678901234,FAW,2023,2025-12-02 16:26:08.417888,41,8007,"39.3453515,-21.905976"
F654J5DV77JS98654,Ford,2023,2025-12-02 22:32:17.384177,81,22107,"11.6309245,122.593520"
3AKJGLD54JSC12345,Freightliner,2022,2025-12-02 11:05:05.188500,71,10004,"-45.446962,27.903348"
WDBUF56X98B123456,Mercedes-Benz,2017,2025-12-02 12:47:02.046370,2,40006,"28.435552,149.496634"
1XKAD49X7JJ123456,Kenworth,2015,2025-12-02 03:57:07.747987,74,60008,"1.195891,-104.571123"
3GCUKREC0FG123456,Chevrolet,2024,2025-12-02 05:22:26.799443,42,4008,"-4.4502915,-24.655334"
1XKAD49X7JJ123456,Kenworth,2015,2025-12-02 08:34:31.962960,6,60007,"63.2131915,-104.837147"
1XKAD49X7JJ123456,Kenworth,2015,2025-12-02 08:14:43.777330,74,60007,"-35.5941665,23.493810"
3GCUKREC0FG893480,Chevrolet,2025,2025-12-02 16:55:21.195936,63,3927,"81.886413,-79.009255"
6FDUF4GY1JSC12345,Scania,2016,2025-12-02 22:24:53.920916,26,50003,"-75.1065565,41.841889"
6FDUF4GY1JSC12345,Scania,2016,2025-12-02 15:32:42.544036,4,50006,"46.4398295,-93.657975"
6FDUF4GY1JSC12345,Scania,2016,2025-12-02 16:03:18.524922,41,50005,"-67.957466,3.647946"
3AKJGLD54JSC12345,Freightliner,2022,2025-12-02 21:47:01.343428,78,10000,"-19.394739,174.711622"
LZB12345678901234,FAW,2023,2025-12-03 00:49:19.842615,40,8003,"39.883951,-138.015179"
6FDUF4GY1JSC12345,Scania,2016,2025-12-02 04:01:40.317924,103,50010,"-16.5406345,-19.757947"
1XKAD49X7JJ123456,Kenworth,2015,2025-12-02 18:15:39.553099,111,60007,"68.204039,-128.107892"
6FDUF4GY1JSC12345,Scania,2016,2025-12-02 14:02:11.807928,73,50007,"-69.998743,25.069740"
3AKJGLD54JSC12345,Freightliner,2022,2025-12-02 08:55:45.817504,78,10009,"-11.2456645,-165.632772"
LZB12345678901234,FAW,2023,2025-12-02 21:11:27.263549,79,8009,"22.271945,-106.229976"
6FDUF4GY1JSC12345,Scania,2016,2025-12-02 22:07:10.163661,77,50003,"-14.369893,5.881610"
F654J5DV77JS98654,Ford,2023,2025-12-02 05:01:55.387974,39,22114,"67.503511,-61.246180"
WDBUF56X98B123456,Mercedes-Benz,2017,2025-12-03 02:00:34.154445,37,40009,"-57.7129625,86.703710"
1XKAD49X7JJ123456,Kenworth,2015,2025-12-02 09:55:40.286478,30,60005,"-58.1789535,-165.529258"
3GCUKREC0FG123456,Chevrolet,2024,2025-12-02 06:47:58.353801,35,4005,"-71.773685,-102.549544"
LZB12345678901234,FAW,2023,2025-12-02 22:36:41.471456,117,8004,"-51.973492,1.076025"
1V2NC9JX5JC123456,Volvo,2022,2025-12-02 12:46:41.186518,113,13564,"76.632441,-142.112908"
3AKJGLD54JSC12345,Freightliner,2022,2025-12-02 05:19:58.835828,8,10009,"-41.828328,-124.894064"
3GCUKREC0FG123456,Chevrolet,2024,2025-12-02 03:33:36.077913,25,4005,"-8.029883,179.876912"
1V2NC9JX5JC962225,Volvo,2022,2025-12-02 09:54:05.828636,30,11058,"32.7819095,-119.253571"
3GCUKREC0FG123456,Chevrolet,2024,2025-12-02 04:07:51.323725,57,4004,"25.621594,4.644919"
LZB12345678901234,FAW,2023,2025-12-03 01:33:37.680412,107,8004,"-17.736000,32.788929"
3GCUKREC0FG123456,Chevrolet,2024,2025-12-02 21:53:38.766404,10,4001,"5.2654905,-5.061280"
LZB12345678901234,FAW,2023,2025-12-03 01:42:36.225641,119,8003,"81.994335,-75.397951"
F654J5DV77JS98654,Ford,2023,2025-12-02 03:39:10.670664,71,22116,"89.992574,-144.269741"
F654J5DV77JS46566,Ford,2024,2025-12-02 10:04:21.192881,69,19620,"49.4532355,2.144542"
1V2NC9JX5JC123456,Volvo,2022,2025-12-02 02:44:25.953381,49,13570,"-5.314020,95.553040"
1V2NC9JX5JC123456,Volvo,2022,2025-12-02 23:26:22.409045,41,13570,"-9.893913,94.880169"
1V2NC9JX5JC123456,Volvo,2022,2025-12-02 23:37:17.082725,41,13564,"22.0477775,106.382631"
F654J5DV77JS98654,Ford,2023,2025-12-02 14:16:33.433328,112,22112,"44.1488385,-168.497681"
3AKJGLD54JSC12345,Freightliner,2022,2025-12-02 17:03:15.832416,108,10004,"64.970405,136.902800"
F654J5DV77JS98654,Ford,2023,2025-12-02 13:33:50.047926,111,22112,"55.617498,-34.852788"
3GCUKREC0FG893480,Chevrolet,2025,2025-12-02 21:10:56.742803,89,3928,"59.8300335,161.426674"
1VWAP7A30JC123456,Volkswagen,2021,2025-12-02 12:54:13.931085,99,20010,"-73.498483,27.644942"
1VWAP7A30JC123456,Volkswagen,2021,2025-12-02 13:39:41.655009,102,20008,"-73.003627,11.089970"
3AKJGLD54JSC12345,Freightliner,2022,2025-12-02 09:43:38.835523,7,10010,"-77.2105995,-41.857029"
6FDUF4GY1JSC12345,Scania,2016,2025-12-02 14:55:57.459354,115,50010,"61.0616215,168.962806"
3GCUKREC0FG893480,Chevrolet,2025,2025-12-02 02:56:02.471268,113,3930,"82.026410,-4.818574"
6FDUF4GY1JSC12345,Scania,2016,2025-12-03 00:33:31.692696,96,50001,"10.817454,60.135549"
3GCUKREC0FG893480,Chevrolet,2025,2025-12-02 04:39:28.448760,11,3926,"-18.651564,97.403909"
